date,open,close,high,low,volume,amount
2020-02-21,470.0,500.1,538.88,448.03,112927.0,5423759234.0
2020-02-24,487.13,462.0,494.97,458.0,50303.0,2376652912.0
2020-02-25,440.0,468.99,477.0,435.06,34847.0,1614975807.0
2020-02-26,461.0,443.01,465.0,438.0,26776.0,1207243210.0
2020-02-27,446.47,418.16,446.47,417.17,25818.0,1098879080.0
2020-02-28,410.0,433.0,442.5,404.0,25877.0,1104687796.0
2020-03-02,433.39,443.63,447.65,422.0,18853.0,827243846.0
2020-03-03,449.88,432.1,453.04,432.03,16556.0,732376320.0
2020-03-04,424.4,421.52,427.0,415.01,13566.0,568469896.0
2020-03-05,426.68,435.23,444.0,426.68,13441.0,586997430.0
2020-03-06,429.59,458.03,468.0,426.05,19537.0,885557408.0
2020-03-09,450.0,438.88,452.14,438.88,12472.0,553539488.0
2020-03-10,438.89,447.63,447.98,422.2,15281.0,668574768.0
2020-03-11,445.01,431.0,448.0,430.11,10089.0,442580672.0
2020-03-12,421.0,416.59,424.4,413.02,9767.0,408196952.0
2020-03-13,390.0,404.5,412.85,388.01,9841.0,392547636.0
2020-03-16,409.5,374.97,409.66,374.18,12107.0,469789872.0
2020-03-17,381.0,365.92,384.9,348.28,11200.0,406363648.0
2020-03-18,367.99,348.5,372.55,348.01,8982.0,324791104.0
2020-03-19,346.0,348.0,353.0,333.39,10543.0,361482208.0
2020-03-20,351.99,351.19,353.99,345.0,6229.0,217971466.0
2020-03-23,340.0,326.16,340.0,325.57,8155.0,269761696.0
2020-03-24,335.1,332.09,337.45,319.6,6319.0,208485575.0
2020-03-25,338.0,345.7,355.1,338.0,9481.0,330734736.0
2020-03-26,340.22,335.2,343.0,332.45,5476.0,183934153.0
2020-03-27,338.89,329.83,342.99,327.41,6589.0,218109177.0
2020-03-30,319.5,344.0,345.49,315.11,11441.0,372588928.0
2020-03-31,343.15,345.5,351.69,343.07,6356.0,220429948.0
2020-04-01,345.0,340.12,351.51,338.1,5203.0,178951583.0
2020-04-02,340.2,348.5,349.62,335.0,6656.0,228578243.0
2020-04-03,347.67,338.0,347.67,338.0,5999.0,205481350.0
2020-04-07,343.0,340.0,347.59,340.0,6001.0,206555677.0
2020-04-08,338.0,333.59,338.5,333.51,4416.0,148097556.0
2020-04-09,335.9,335.9,338.58,333.9,3537.0,118738972.0
2020-04-10,337.0,322.6,337.0,321.0,4888.0,159592525.0
2020-04-13,319.01,320.0,325.94,315.26,4670.0,148477147.0
2020-04-14,320.05,328.64,329.7,319.0,3250.0,105851841.0
2020-04-15,328.0,331.44,337.8,327.11,4191.0,139963982.0
2020-04-16,332.5,331.0,333.95,325.3,2051.0,67828846.0
2020-04-17,332.71,331.02,336.55,328.2,2940.0,98122291.0
2020-04-20,328.0,322.58,330.0,320.08,4391.0,142045747.0
2020-04-21,320.0,319.2,323.48,318.05,2392.0,76461875.0
2020-04-22,318.15,326.7,329.48,316.73,3838.0,124251418.0
2020-04-23,326.7,349.22,355.6,326.7,8352.0,284629032.0
2020-04-24,350.0,366.57,369.52,343.22,11004.0,396771152.0
2020-04-27,365.01,360.18,375.66,358.8,5890.0,214411543.0
2020-04-28,350.0,339.34,351.8,316.2,11076.0,369161200.0
2020-04-29,333.11,339.38,348.6,330.33,5100.0,173843789.0
2020-04-30,342.52,376.0,380.0,342.0,10745.0,392793408.0
2020-05-06,368.99,384.7,386.7,366.81,7926.0,300520496.0
2020-05-07,382.0,368.58,384.0,368.28,5604.0,210458805.0
2020-05-08,372.0,374.7,376.88,370.0,5958.0,222270788.0
2020-05-11,374.7,365.37,378.0,364.7,4290.0,158635274.0
2020-05-12,365.37,357.99,367.59,349.0,5844.0,208555581.0
2020-05-13,356.33,372.92,374.97,356.0,6177.0,227296843.0
2020-05-14,372.5,374.59,376.0,369.8,4065.0,151771650.0
2020-05-15,375.14,376.62,383.0,373.3,4726.0,179100188.0
2020-05-18,378.83,364.98,382.39,361.13,6145.0,225265721.0
2020-05-19,371.0,382.7,385.0,365.34,6672.0,250240107.0
2020-05-20,384.51,392.2,400.0,381.13,10088.0,396459776.0
2020-05-21,393.01,387.99,404.69,386.03,7630.0,302754576.0
2020-05-22,388.9,380.08,398.0,373.1,6263.0,238581293.0
2020-05-25,380.0,377.3,383.3,370.18,4540.0,171746131.0
2020-05-26,384.0,399.62,399.75,381.51,7075.0,278896336.0
2020-05-27,398.5,388.43,404.0,387.33,5018.0,197460092.0
2020-05-28,389.0,383.38,391.98,375.65,4846.0,185596121.0
2020-05-29,383.39,393.5,398.5,382.04,6091.0,239844877.0
2020-06-01,398.1,405.79,412.88,398.0,7448.0,303071538.0
2020-06-02,405.97,405.78,408.88,400.11,4235.0,171745667.0
2020-06-03,408.0,400.0,413.12,398.0,4229.0,171284913.0
2020-06-04,401.12,404.39,408.3,398.0,3197.0,128970543.0
2020-06-05,402.0,392.8,403.0,391.05,4849.0,191804888.0
2020-06-08,393.0,377.55,398.2,377.0,8768.0,337991244.0
2020-06-09,378.55,377.6,383.0,370.8,4106.0,154944672.0
2020-06-10,373.36,374.05,385.0,373.36,3311.0,124615734.0
2020-06-11,373.0,371.68,378.8,370.0,3373.0,126242209.0
2020-06-12,364.9,367.0,369.88,361.3,3414.0,124832611.0
2020-06-15,366.65,370.98,377.77,362.01,3318.0,123530090.0
2020-06-16,375.0,375.48,376.98,366.11,5111.0,189784030.0
2020-06-17,375.5,373.8,377.0,369.28,3779.0,141028675.0
2020-06-18,372.99,375.88,376.5,371.01,3600.0,134661201.0
2020-06-19,375.99,383.9,385.6,373.4,4326.0,165251958.0
2020-06-22,388.0,375.47,388.0,372.01,6317.0,237999904.0
2020-06-23,374.8,371.77,375.45,368.28,4767.0,176723804.0
2020-06-24,370.26,376.69,379.02,369.0,5684.0,212801822.0
2020-06-29,373.5,368.99,376.51,366.5,4331.0,160241467.0
2020-06-30,371.8,376.9,379.52,369.13,4691.0,176238140.0
2020-07-01,384.4,405.67,408.8,384.0,11901.0,474491760.0
2020-07-02,400.98,406.5,407.86,399.0,6273.0,252720287.0
2020-07-03,407.25,400.11,410.8,393.3,5057.0,202196949.0
2020-07-06,395.61,417.0,423.98,395.6,8736.0,359843248.0
2020-07-07,418.0,437.0,445.99,411.16,11112.0,479273104.0
2020-07-08,433.49,443.0,449.5,431.3,6038.0,265918774.0
2020-07-09,438.5,454.2,458.0,438.31,7201.0,325297504.0
2020-07-10,450.0,438.0,452.79,433.0,5770.0,255215160.0
2020-07-13,437.1,440.36,448.98,437.0,5268.0,233314729.0
2020-07-14,440.5,433.0,449.99,428.0,6940.0,302522096.0
2020-07-15,431.5,414.15,439.9,405.8,8953.0,378868128.0
2020-07-16,419.93,386.05,420.22,384.99,6150.0,247186322.0
2020-07-17,378.0,380.08,394.98,376.0,5255.0,202004561.0
2020-07-20,382.2,406.31,412.0,380.08,5490.0,218411458.0
2020-07-21,405.8,406.3,409.08,398.99,3438.0,139187801.0
2020-07-22,401.8,404.0,412.0,401.0,3067.0,124600568.0
2020-07-23,403.5,400.0,403.5,385.0,6197.0,243743481.0
2020-07-24,397.0,377.2,397.0,376.0,4954.0,190320479.0
2020-07-27,378.88,382.23,389.03,376.51,2891.0,110716931.0
2020-07-28,386.0,384.54,388.95,381.22,2162.0,83013743.0
2020-07-29,384.5,397.07,399.0,378.89,3738.0,147589513.0
2020-07-30,396.96,392.0,402.8,390.0,4056.0,160751710.0
2020-07-31,388.55,391.4,396.88,386.5,4740.0,185127246.0
2020-08-03,380.0,398.0,399.78,377.41,7130.0,276195840.0
2020-08-04,397.0,399.0,401.98,391.1,5214.0,206767685.0
2020-08-05,401.44,418.5,422.44,393.13,6299.0,259367168.0
2020-08-06,419.99,421.35,423.93,415.02,4440.0,186533954.0
2020-08-07,421.34,404.67,421.35,403.0,4562.0,188003608.0
2020-08-10,402.67,397.93,408.17,390.01,3330.0,132766510.0
2020-08-11,400.52,417.55,422.9,395.66,8163.0,339768512.0
2020-08-12,418.35,424.11,426.66,411.41,5257.0,220480335.0
2020-08-13,423.88,440.0,444.0,417.0,6538.0,284258560.0
2020-08-14,439.0,433.8,444.64,430.25,3837.0,167752404.0
2020-08-17,433.39,419.49,438.57,409.66,5456.0,228300452.0
2020-08-18,418.99,421.48,426.0,413.0,2581.0,108207070.0
2020-08-19,418.0,408.48,422.75,407.78,2231.0,92166873.0
2020-08-20,404.55,408.83,413.99,401.31,1661.0,67828995.0
2020-08-21,404.5,411.18,416.86,392.0,7162.0,288218800.0
2020-08-24,408.95,427.97,434.9,408.29,4682.0,198042371.0
2020-08-25,424.65,417.9,431.78,416.94,2486.0,104555049.0
2020-08-26,413.22,401.6,419.99,398.58,2417.0,98019984.0
2020-08-27,409.85,402.79,409.85,398.56,1580.0,63905516.0
2020-08-28,401.01,398.02,403.89,396.8,2328.0,93118622.0
2020-08-31,427.0,465.0,477.62,427.0,16913.0,794049600.0
2020-09-01,479.0,485.0,496.0,468.2,13881.0,668590480.0
2020-09-02,478.96,493.98,507.09,478.96,8453.0,419170000.0
2020-09-03,496.38,491.93,502.0,481.01,4882.0,239765166.0
2020-09-04,483.49,491.73,495.98,478.0,2854.0,138890903.0
2020-09-07,489.15,490.77,506.66,480.88,4686.0,232751815.0
2020-09-08,490.05,507.8,520.43,490.05,8521.0,432789280.0
2020-09-09,507.2,502.0,522.96,495.0,6848.0,350445504.0
2020-09-10,503.71,498.3,512.38,485.02,4757.0,237233732.0
2020-09-11,498.73,513.0,517.0,493.0,4373.0,220071828.0
2020-09-14,522.13,528.22,530.5,512.09,4950.0,258844411.0
2020-09-15,524.98,509.0,538.0,505.4,4443.0,231405818.0
2020-09-16,514.09,544.98,548.0,509.0,5376.0,286215552.0
2020-09-17,544.9,548.99,556.48,536.0,4857.0,266299725.0
2020-09-18,548.99,590.99,595.01,539.99,8284.0,478719062.0
2020-09-21,597.4,594.0,597.4,570.1,3994.0,233433627.0
2020-09-22,593.98,588.2,595.98,570.33,4183.0,244076121.0
2020-09-23,586.88,599.0,603.0,571.0,4328.0,255452006.0
2020-09-24,593.81,582.63,607.01,577.37,3030.0,179039137.0
2020-09-25,580.0,578.78,593.2,576.99,2375.0,138311050.0
2020-09-28,584.98,561.9,588.07,555.02,3276.0,189021272.0
2020-09-29,568.49,597.56,607.0,560.21,3730.0,220054621.0
2020-09-30,607.0,599.4,616.99,590.03,2681.0,161304176.0
2020-10-09,613.0,612.5,614.44,594.4,2205.0,133939522.0
2020-10-12,610.0,613.0,615.0,596.32,3217.0,195672064.0
2020-10-13,616.0,635.02,666.68,604.01,4936.0,315007424.0
2020-10-14,638.33,674.66,681.65,628.0,4001.0,265239376.0
2020-10-15,672.35,672.86,695.76,661.2,3573.0,240833244.0
2020-10-16,666.08,666.01,687.72,661.1,3266.0,220346398.0
2020-10-19,678.65,680.1,704.99,667.01,4614.0,317461936.0
2020-10-20,687.78,678.86,698.98,669.43,3637.0,246895809.0
2020-10-21,684.33,684.6,688.87,663.01,2271.0,153879444.0
2020-10-22,681.22,676.0,698.9,669.5,3200.0,218410161.0
2020-10-23,680.0,600.24,680.0,556.01,10740.0,655674848.0
2020-10-26,603.12,652.96,656.0,590.0,7459.0,470448240.0
2020-10-27,640.07,634.05,684.99,602.37,6918.0,439456704.0
2020-10-28,637.0,664.98,666.98,617.01,4809.0,315064048.0
2020-10-29,647.01,676.65,683.76,646.98,3520.0,237337676.0
2020-10-30,751.0,811.98,811.98,751.0,10000.0,795940912.0
2020-11-02,801.01,849.97,849.97,800.13,8460.0,698425120.0
2020-11-03,846.21,831.99,865.6,816.1,4672.0,390527344.0
2020-11-04,832.0,857.05,866.0,818.0,4667.0,391040080.0
2020-11-05,875.46,867.0,882.0,841.0,3945.0,340713568.0
2020-11-06,859.8,892.0,892.0,847.0,3403.0,295356912.0
2020-11-09,890.0,883.23,933.0,870.13,5078.0,453074816.0
2020-11-10,871.16,868.5,877.7,806.0,5447.0,454759808.0
2020-11-11,873.26,850.41,919.98,842.08,5098.0,448840208.0
2020-11-12,827.36,848.3,885.0,823.01,4351.0,371610176.0
2020-11-13,839.22,867.89,873.0,835.0,2369.0,203132466.0
2020-11-16,860.2,843.02,878.0,841.5,2302.0,197666046.0
2020-11-17,846.0,827.68,855.5,808.89,3515.0,290797504.0
2020-11-18,827.99,779.48,827.99,751.0,6777.0,530760672.0
2020-11-19,792.88,810.18,825.0,760.01,3824.0,306860720.0
2020-11-20,818.0,835.0,848.88,810.08,3897.0,323694720.0
2020-11-23,838.0,799.47,838.0,788.88,4563.0,366314128.0
2020-11-24,800.13,818.0,835.0,790.03,2845.0,231689468.0
2020-11-25,825.33,784.0,825.33,780.95,2825.0,224571567.0
2020-11-26,792.73,784.0,798.18,750.21,3300.0,253905047.0
2020-11-27,782.17,781.86,787.94,763.03,1873.0,146125880.0
2020-11-30,788.18,792.41,809.0,772.97,3755.0,296952432.0
2020-12-01,791.01,860.59,868.0,785.01,4533.0,378953104.0
2020-12-02,860.0,879.97,880.89,843.11,3896.0,337186432.0
2020-12-03,874.17,854.74,883.05,840.0,3502.0,300856544.0
2020-12-04,847.5,888.0,898.0,844.0,2766.0,241551572.0
2020-12-07,888.0,903.51,916.0,880.0,3348.0,300168928.0
2020-12-08,903.5,921.36,930.0,890.0,3772.0,344399264.0
2020-12-09,921.36,923.0,950.0,916.01,4158.0,388007360.0
2020-12-10,929.4,951.98,952.8,911.0,4077.0,384300064.0
2020-12-11,952.0,929.33,988.0,925.0,6446.0,618696336.0
2020-12-14,939.25,976.41,977.93,926.2,3874.0,368535840.0
2020-12-15,973.38,979.22,985.59,964.23,2406.0,234955917.0
2020-12-16,970.1,1018.03,1038.8,970.1,3446.0,347606544.0
2020-12-17,1020.0,1065.0,1073.99,1020.0,3931.0,415870944.0
2020-12-18,1065.0,1018.0,1066.21,1000.99,3934.0,405220800.0
2020-12-21,1020.0,1036.25,1049.87,1000.0,3119.0,319595728.0
2020-12-22,1029.0,1011.49,1043.03,972.11,4170.0,417178720.0
2020-12-23,1004.94,1015.0,1018.6,990.01,2115.0,212331192.0
2020-12-24,1005.0,998.0,1024.97,970.35,3082.0,306489936.0
2020-12-25,1009.0,1032.65,1045.93,986.01,3237.0,330068720.0
2020-12-28,1011.58,990.0,1050.0,978.0,4947.0,493396208.0
2020-12-29,1002.1,994.99,1002.94,968.01,3445.0,339234256.0
2020-12-30,997.97,998.51,1018.05,990.0,3280.0,327842688.0
2020-12-31,993.0,1036.0,1053.0,986.05,4652.0,475403136.0
2021-01-04,1036.0,978.04,1046.0,941.0,7562.0,741539920.0
2021-01-05,970.1,948.0,978.0,942.0,5970.0,571641392.0
2021-01-06,958.0,970.99,977.0,942.59,4139.0,399145136.0
2021-01-07,957.83,987.0,988.0,957.83,5647.0,550172160.0
2021-01-08,980.0,962.0,984.98,933.3,5386.0,517511424.0
2021-01-11,962.01,1034.65,1066.0,962.01,6776.0,695709584.0
2021-01-12,1020.09,1039.72,1050.18,996.88,6306.0,645957968.0
2021-01-13,1066.9,1137.0,1151.01,1060.0,6003.0,673908384.0
2021-01-14,1118.0,1134.8,1188.8,1102.0,5039.0,577697664.0
2021-01-15,1111.96,1137.0,1144.71,1108.0,3474.0,390522464.0
2021-01-18,1138.0,1122.44,1145.0,1085.0,4030.0,447707136.0
2021-01-19,1120.01,1130.0,1157.0,1106.0,3245.0,368160224.0
2021-01-20,1134.41,1134.41,1165.0,1121.59,2660.0,304707792.0
2021-01-21,1141.24,1126.0,1154.96,1112.01,2842.0,321221536.0
2021-01-22,1137.77,1240.0,1248.0,1120.81,5291.0,630932144.0
2021-01-25,1234.0,1205.0,1245.0,1172.0,3985.0,484890544.0
2021-01-26,1224.66,1228.08,1262.62,1190.07,3308.0,405297424.0
2021-01-27,1228.08,1172.02,1239.99,1122.0,4261.0,497608928.0
2021-01-28,1188.38,1220.0,1260.0,1150.0,6292.0,766969088.0
2021-01-29,1250.0,1208.0,1260.0,1169.99,4106.0,495105152.0
2021-02-01,1205.0,1169.0,1227.0,1161.19,3079.0,366060720.0
2021-02-02,1143.05,1210.0,1217.02,1143.05,3492.0,417437664.0
2021-02-03,1210.04,1196.01,1230.01,1175.0,2659.0,320202992.0
2021-02-04,1189.1,1160.5,1200.0,1157.0,2700.0,317360384.0
2021-02-05,1153.15,1111.0,1166.0,1082.82,5864.0,654879088.0
2021-02-08,1100.67,1082.84,1129.29,1078.84,3437.0,376187008.0
2021-02-09,1109.84,1131.11,1152.0,1068.0,7395.0,824500576.0
2021-02-10,1127.15,1150.0,1153.74,1111.41,3555.0,406703776.0
2021-02-18,1150.97,1137.0,1164.9,1115.0,3404.0,389701680.0
2021-02-19,1117.11,1109.99,1126.01,1012.0,7523.0,812762160.0
2021-02-22,1099.97,966.02,1099.97,955.07,14229.0,1419210336.0
2021-02-23,840.0,973.0,1011.0,840.0,9971.0,966037472.0
2021-02-24,977.59,930.0,983.19,920.0,6184.0,584578400.0
2021-02-25,945.98,970.42,999.57,930.28,5209.0,506980128.0
2021-02-26,960.0,988.0,1004.45,919.63,5713.0,554945776.0
2021-03-01,985.23,1006.0,1017.0,972.0,4145.0,413882048.0
2021-03-02,1006.0,1070.0,1089.58,996.0,5100.0,536480832.0
2021-03-03,1070.0,1060.48,1087.94,1036.74,4096.0,434255488.0
2021-03-04,1041.17,1025.0,1048.54,990.0,4326.0,439121968.0
2021-03-05,992.15,1041.5,1050.0,992.15,2958.0,302679872.0
2021-03-08,1031.0,977.6,1056.51,970.0,4252.0,426370224.0
2021-03-09,981.25,971.2,986.65,941.16,2799.0,271649696.0
2021-03-10,989.0,992.49,1030.54,965.03,2757.0,273821776.0
2021-03-11,998.99,978.34,1020.0,976.01,3115.0,310050256.0
2021-03-12,985.57,1015.0,1019.99,971.62,2959.0,297549920.0
2021-03-15,1015.0,963.25,1015.0,920.25,3218.0,313582448.0
2021-03-16,938.0,998.0,1010.0,938.0,2875.0,282555824.0
2021-03-17,984.1,997.89,1011.21,978.02,1911.0,190648144.0
2021-03-18,999.98,999.96,1003.87,981.01,1536.0,153089942.0
2021-03-19,978.04,993.37,1003.0,971.8,1673.0,165441783.0
2021-03-22,972.0,995.6,1018.05,972.0,2820.0,279679120.0
2021-03-23,989.18,982.2,1039.71,980.0,4220.0,426798640.0
2021-03-24,982.11,999.38,1022.0,982.11,2762.0,277981776.0
2021-03-25,1003.78,1010.0,1027.77,982.11,3253.0,328250752.0
2021-03-26,1023.99,1081.73,1107.99,1008.49,5795.0,609628048.0
2021-03-29,1099.0,1160.0,1177.77,1051.87,7189.0,806958928.0
2021-03-30,1162.0,1180.0,1207.81,1138.18,3216.0,379855696.0
2021-03-31,1197.71,1167.0,1199.0,1155.56,3044.0,357122032.0
2021-04-01,1159.96,1143.76,1167.62,1124.0,3264.0,372840288.0
2021-04-02,1133.69,1151.38,1160.0,1121.01,3301.0,376773392.0
2021-04-06,1147.91,1150.01,1156.93,1133.77,2115.0,243158855.0
2021-04-07,1154.99,1153.0,1157.0,1132.01,2441.0,280986864.0
2021-04-08,1154.88,1165.0,1186.0,1144.89,2736.0,318862128.0
2021-04-09,1157.0,1057.0,1174.39,1046.23,6061.0,665797136.0
2021-04-12,1035.0,1090.62,1136.68,1035.0,5476.0,604627248.0
2021-04-13,1090.62,1059.66,1092.0,1045.0,3493.0,371061904.0
2021-04-14,1069.87,1040.31,1069.87,1030.0,2338.0,243622145.0
2021-04-15,1040.36,1004.5,1047.32,990.2,3394.0,345411472.0
2021-04-16,1023.77,1043.5,1074.78,1003.89,2610.0,271054608.0
2021-04-19,1019.21,1067.2,1077.77,1019.21,2659.0,281180400.0
2021-04-20,1067.2,1070.21,1076.7,1047.2,1548.0,164798058.0
2021-04-21,1065.0,1071.61,1088.71,1038.0,2362.0,252003438.0
2021-04-22,1070.0,1137.35,1147.0,1066.71,3368.0,375099344.0
2021-04-23,1137.33,1137.82,1148.0,1114.31,2047.0,232501521.0
2021-04-26,1173.73,1278.0,1297.99,1146.02,6415.0,792179264.0
2021-04-27,1263.0,1249.99,1263.0,1212.8,4284.0,531529184.0
2021-04-28,1281.25,1276.37,1295.61,1252.31,2992.0,383092416.0
2021-04-29,1284.55,1386.2,1402.01,1281.24,5079.0,688886640.0
2021-04-30,1333.0,1410.0,1438.3,1333.0,7119.0,1002143888.0
2021-05-06,1437.77,1336.0,1437.77,1294.01,4804.0,640353696.0
2021-05-07,1345.0,1248.0,1345.0,1248.0,3171.0,407494608.0
2021-05-10,1243.76,1206.69,1266.87,1192.6,4822.0,590377648.0
2021-05-11,1228.69,1193.2,1228.69,1168.23,2461.0,293308528.0
2021-05-12,1183.01,1236.35,1273.98,1183.01,3843.0,478645248.0
2021-05-13,1223.99,1218.7,1240.06,1189.66,2459.0,298519296.0
2021-05-14,1218.7,1261.99,1268.79,1212.01,3859.0,481158304.0
2021-05-17,1252.0,1342.0,1398.0,1249.9,5375.0,725323616.0
2021-05-18,1342.99,1278.34,1348.79,1275.01,4328.0,561150976.0
2021-05-19,1278.34,1290.0,1311.8,1270.46,2016.0,260059485.0
2021-05-20,1260.2,1274.0,1325.0,1260.2,2854.0,368532848.0
2021-05-21,1280.0,1256.52,1303.99,1253.0,1916.0,244628075.0
2021-05-24,1244.93,1201.5,1259.46,1195.0,3366.0,409554720.0
2021-05-25,1206.08,1295.99,1305.0,1198.31,5446.0,686345520.0
2021-05-26,1294.51,1275.1,1335.0,1254.99,4059.0,521673376.0
2021-05-27,1281.45,1341.0,1367.01,1275.22,5963.0,795084256.0
2021-05-28,1340.0,1301.0,1398.0,1300.0,5460.0,733749424.0
2021-05-31,1328.0,1334.0,1359.97,1282.23,4789.0,635837568.0
2021-06-01,1334.0,1301.0,1347.78,1280.0,5355.0,696771296.0
2021-06-02,1330.3,1249.3,1334.98,1239.02,4366.0,555291920.0
2021-06-03,1249.3,1218.14,1259.01,1191.28,5599.0,687445440.0
2021-06-04,1220.0,1202.0,1244.68,1181.05,5386.0,651867968.0
2021-06-07,1208.34,1194.0,1218.0,1171.51,4558.0,541582688.0
2021-06-08,1195.0,1206.1,1225.85,1187.81,4310.0,521892160.0
2021-06-09,1219.97,1274.0,1279.7,1191.58,5747.0,721639600.0
2021-06-10,1280.01,1326.89,1328.89,1267.21,4707.0,614786816.0
2021-06-11,1325.0,1422.89,1474.89,1321.0,8803.0,1247090848.0
2021-06-15,1453.89,1441.02,1480.0,1420.0,6027.0,875344512.0
2021-06-16,1478.83,1393.0,1478.83,1382.0,3605.0,509990416.0
2021-06-17,1415.0,1436.15,1462.05,1380.08,3379.0,480286032.0
2021-06-18,1388.88,1422.94,1452.68,1358.03,4932.0,700699216.0
2021-06-21,1418.0,1488.99,1494.99,1370.0,6168.0,896114096.0
2021-06-22,1489.0,1449.0,1489.0,1392.63,7394.0,1060023744.0
2021-06-23,1446.0,1254.11,1447.0,1248.0,13648.0,1788895968.0
2021-06-24,1250.0,1222.99,1250.0,1188.0,10237.0,1243092528.0
2021-06-25,1210.0,1279.0,1290.78,1185.2,8772.0,1075674080.0
2021-06-28,1276.32,1200.0,1276.32,1181.13,9309.0,1140983232.0
2021-06-29,1192.68,1221.0,1255.0,1185.0,8824.0,1077222944.0
2021-06-30,1228.77,1261.0,1274.0,1200.37,4531.0,567604640.0
2021-07-01,1267.0,1242.68,1277.48,1200.77,4790.0,591774816.0
2021-07-02,1231.53,1200.92,1235.0,1175.0,5926.0,712651552.0
2021-07-05,1210.99,1124.95,1210.99,1111.0,10301.0,1176257056.0
2021-07-06,1130.45,1154.0,1156.0,1124.2,5480.0,626709792.0
2021-07-07,1146.08,1113.28,1165.0,1113.01,7873.0,887973504.0
2021-07-08,1119.57,1172.9,1188.0,1119.57,6600.0,766870576.0
2021-07-09,1172.9,1103.0,1179.91,1090.0,8081.0,901412560.0
2021-07-12,1108.0,1073.0,1108.83,1065.11,8589.0,930077392.0
2021-07-13,1077.44,1076.14,1087.77,1042.0,6700.0,712049344.0
2021-07-14,1055.04,1068.71,1110.0,1037.1,4699.0,503438944.0
2021-07-15,1056.0,1093.6,1105.0,1053.0,6776.0,732772016.0
2021-07-16,1088.99,1030.0,1088.99,1001.0,8733.0,899525424.0
2021-07-19,1030.0,1026.0,1067.9,1012.42,5533.0,575497760.0
2021-07-20,1049.0,1066.22,1085.01,1016.61,5255.0,554672240.0
2021-07-21,1065.98,1160.0,1160.88,1065.98,8398.0,951866976.0
2021-07-22,1153.04,1136.05,1175.0,1133.72,4717.0,543515040.0
2021-07-23,1150.99,1117.0,1150.99,1055.0,6049.0,660901904.0
2021-07-26,1125.0,1090.0,1125.0,1063.88,3429.0,374155376.0
2021-07-27,1092.41,1011.5,1098.99,998.27,7768.0,796589456.0
2021-07-28,1007.92,1014.25,1026.36,980.0,3521.0,355872816.0
2021-07-29,1016.09,1065.0,1080.0,1016.09,3834.0,407161136.0
2021-07-30,1073.52,1055.0,1080.0,1020.0,3842.0,403976160.0
2021-08-02,1046.72,1077.0,1096.97,997.37,4473.0,467790464.0
2021-08-03,1075.0,1122.42,1140.01,1040.0,5270.0,585445968.0
2021-08-04,1122.8,1166.26,1211.88,1122.8,7157.0,845064256.0
2021-08-05,1184.98,1188.64,1208.0,1140.0,5287.0,625846352.0
2021-08-06,1188.63,1145.9,1194.47,1143.01,3394.0,394981232.0
2021-08-09,1150.66,1199.0,1226.99,1106.08,5610.0,668702240.0
2021-08-10,1212.33,1229.7,1253.0,1188.98,4106.0,504375552.0
2021-08-11,1234.0,1213.85,1236.88,1196.01,2729.0,330867072.0
2021-08-12,1215.0,1177.59,1226.0,1166.0,2506.0,299221680.0
2021-08-13,1181.58,1161.55,1188.0,1133.35,3192.0,370692880.0
2021-08-16,1172.92,1271.0,1273.0,1140.0,5293.0,655391600.0
2021-08-17,1252.22,1280.87,1308.0,1245.0,6001.0,770154032.0
2021-08-18,1280.0,1275.13,1300.0,1251.0,3358.0,427795040.0
2021-08-19,1256.78,1282.38,1293.89,1214.99,3447.0,433671552.0
2021-08-20,1277.62,1250.0,1287.55,1210.0,3075.0,381937712.0
2021-08-23,1262.38,1337.48,1383.33,1262.38,5518.0,732785040.0
2021-08-24,1355.0,1293.0,1355.0,1291.0,4589.0,599104576.0
2021-08-25,1282.0,1215.0,1298.88,1180.0,8775.0,1063024544.0
2021-08-26,1214.99,1216.0,1239.0,1192.06,3989.0,486262416.0
2021-08-27,1221.12,1192.41,1275.02,1173.95,5048.0,615579248.0
2021-08-30,1201.43,1119.99,1207.0,1080.0,10193.0,1144320480.0
2021-08-31,1100.99,910.0,1100.99,895.99,21287.0,2004706880.0
2021-09-01,914.14,946.88,957.98,850.01,11616.0,1058139632.0
2021-09-02,920.0,895.0,931.99,875.0,9318.0,831854336.0
2021-09-03,895.0,895.0,896.2,860.0,5206.0,457869760.0
2021-09-06,882.0,905.61,922.96,877.19,4179.0,376067840.0
2021-09-07,905.69,908.68,909.51,851.55,7410.0,650587824.0
2021-09-08,905.65,853.2,905.65,830.2,8189.0,702491616.0
2021-09-09,850.02,833.0,864.9,816.14,6722.0,561229888.0
2021-09-10,830.0,821.68,835.57,803.02,6140.0,502735472.0
2021-09-13,825.0,785.0,825.0,770.03,8148.0,644592912.0
2021-09-14,790.0,791.2,823.38,778.86,6205.0,497904384.0
2021-09-15,799.0,760.01,799.0,749.99,7296.0,554501696.0
2021-09-16,757.03,753.3,783.03,750.02,8116.0,619633488.0
2021-09-17,742.0,737.0,759.21,725.4,5935.0,438437920.0
2021-09-22,725.0,716.06,736.0,702.22,7430.0,531776480.0
2021-09-23,716.61,732.0,737.66,712.47,7001.0,507873808.0
2021-09-24,720.6,755.0,764.99,720.6,7701.0,577642256.0
2021-09-27,759.0,739.8,767.16,717.0,7991.0,591511344.0
2021-09-28,739.9,725.0,747.77,718.22,4401.0,320590384.0
2021-09-29,728.23,719.49,736.0,716.63,3668.0,266158703.0
2021-09-30,722.21,706.93,724.0,694.0,5545.0,392264224.0
2021-10-08,709.8,730.86,755.88,709.16,6576.0,484049872.0
2021-10-11,724.0,704.0,735.57,700.0,4612.0,327564656.0
2021-10-12,703.17,681.6,708.0,675.89,5586.0,384771392.0
2021-10-13,683.0,732.0,734.0,683.0,5646.0,406518800.0
2021-10-14,732.0,779.59,783.9,719.86,7007.0,534776080.0
2021-10-15,793.52,773.83,808.85,747.0,7946.0,616061776.0
2021-10-18,775.01,742.32,775.01,732.0,5557.0,414652832.0
2021-10-19,747.9,821.0,823.0,739.98,9026.0,725102752.0
2021-10-20,805.01,844.1,849.8,805.01,7997.0,666635248.0
2021-10-21,849.9,893.5,899.0,832.28,8431.0,742546752.0
2021-10-22,893.6,904.97,917.68,857.54,4812.0,426435760.0
2021-10-25,886.49,900.0,903.0,875.99,3490.0,310547040.0
2021-10-26,855.0,868.0,913.73,820.0,7933.0,687025648.0
2021-10-27,875.0,870.02,895.87,848.63,3001.0,260325625.0
2021-10-28,864.88,880.02,888.0,847.03,3005.0,263122512.0
2021-10-29,871.55,900.0,909.69,860.3,3531.0,315960192.0
2021-11-01,900.0,977.99,989.99,879.12,8912.0,854396064.0
2021-11-02,980.0,1004.0,1019.8,959.8,6849.0,687289552.0
2021-11-03,1007.77,976.0,1030.0,966.06,3057.0,301882864.0
2021-11-04,979.61,970.0,990.61,935.87,2614.0,250595671.0
2021-11-05,951.3,938.0,970.07,919.0,3243.0,305332512.0
2021-11-08,912.03,908.0,934.4,894.48,4555.0,413230592.0
2021-11-09,889.84,909.8,921.06,880.02,3372.0,306266608.0
2021-11-10,894.0,912.0,918.58,860.0,6046.0,537667056.0
2021-11-11,910.12,928.0,930.0,888.0,3036.0,278083296.0
2021-11-12,936.0,867.5,954.96,867.0,4962.0,445244656.0
2021-11-15,852.0,861.99,882.03,829.56,7006.0,597757520.0
2021-11-16,858.81,881.0,903.96,853.73,5013.0,444003824.0
2021-11-17,860.77,888.0,910.99,860.77,3938.0,351849920.0
2021-11-18,882.91,855.07,895.0,854.03,3732.0,324182208.0
2021-11-19,855.07,882.0,888.0,850.0,3905.0,342858416.0
2021-11-22,877.42,860.0,887.0,852.0,3865.0,333985840.0
2021-11-23,848.49,856.05,875.0,844.28,3522.0,302286544.0
2021-11-24,861.94,891.01,898.75,851.04,5470.0,478409328.0
2021-11-25,890.0,886.4,917.0,880.58,4644.0,415103424.0
2021-11-26,880.45,848.01,887.37,846.2,4735.0,408919232.0
2021-11-29,839.0,807.51,853.13,792.47,12477.0,1014000240.0
2021-11-30,816.21,811.91,835.68,798.18,6234.0,509449056.0
2021-12-01,802.01,756.0,807.48,749.5,9977.0,765317136.0
2021-12-02,756.0,739.0,762.0,735.01,5193.0,386370480.0
2021-12-03,743.27,735.0,747.85,718.78,5845.0,428014176.0
2021-12-06,733.64,734.7,749.4,727.08,4440.0,328210944.0
2021-12-07,748.91,760.0,775.0,734.69,7177.0,543239824.0
2021-12-08,770.0,811.56,818.18,761.0,9072.0,728019952.0
2021-12-09,814.77,827.5,834.97,802.0,7261.0,595976848.0
2021-12-10,818.0,816.98,827.59,793.28,7155.0,577337760.0
2021-12-13,808.01,812.98,844.55,802.28,6097.0,499581264.0
2021-12-14,817.8,794.69,817.8,785.0,5589.0,443973072.0
2021-12-15,797.31,810.0,818.0,785.01,4457.0,360232272.0
2021-12-16,820.0,813.58,823.86,792.5,3458.0,279983648.0
2021-12-17,819.88,813.92,834.69,795.12,4309.0,353217952.0
2021-12-20,803.64,772.55,818.0,772.0,3350.0,263755883.0
2021-12-21,753.92,810.56,815.99,753.92,3991.0,320170400.0
2021-12-22,811.47,788.17,815.0,781.54,2872.0,227320042.0
2021-12-23,784.98,775.01,804.97,770.0,3689.0,287617152.0
2021-12-24,778.75,783.12,785.0,766.89,2178.0,168867154.0
2021-12-27,798.0,783.0,798.0,760.68,2711.0,209442242.0
2021-12-28,774.72,776.8,782.0,750.13,4013.0,307692848.0
2021-12-29,777.36,775.0,793.0,761.0,4579.0,353985760.0
2021-12-30,777.0,803.21,818.0,776.0,6390.0,509472288.0
2021-12-31,804.0,813.0,825.0,795.03,4592.0,371184240.0
2022-01-04,813.88,764.0,815.0,754.0,5962.0,458739552.0
2022-01-05,764.49,815.26,836.23,760.01,8132.0,653405824.0
2022-01-06,816.0,828.0,847.97,805.51,6872.0,568058288.0
2022-01-07,819.4,848.33,869.79,813.02,6808.0,578425648.0
2022-01-10,848.0,890.05,898.0,820.03,7711.0,675022912.0
2022-01-11,885.2,867.3,918.5,863.03,6950.0,618644496.0
2022-01-12,866.22,873.0,886.9,854.41,4188.0,367166880.0
2022-01-13,873.0,849.68,875.03,845.75,3723.0,319761872.0
2022-01-14,830.1,836.66,849.97,822.95,2978.0,249405789.0
2022-01-17,840.0,933.99,936.88,837.01,6443.0,585289424.0
2022-01-18,933.99,908.55,936.69,893.7,4066.0,370847872.0
2022-01-19,905.68,906.59,935.0,895.5,2819.0,257991018.0
2022-01-20,906.59,910.0,930.09,895.0,3502.0,320812800.0
2022-01-21,903.95,909.82,915.0,877.0,2797.0,251094751.0
2022-01-24,901.0,886.01,919.99,865.11,3569.0,316320896.0
2022-01-25,852.3,879.0,894.0,852.3,2728.0,240405473.0
2022-01-26,879.56,877.0,893.19,858.02,2274.0,198040653.0
2022-01-27,878.0,852.0,878.0,843.61,2331.0,200637334.0
2022-01-28,845.52,886.5,899.0,845.52,3228.0,286050256.0
2022-02-07,902.0,865.54,907.19,856.0,2520.0,220450401.0
2022-02-08,856.81,810.01,870.79,800.0,4975.0,410347968.0
2022-02-09,811.27,818.2,832.0,801.4,4225.0,343728800.0
2022-02-10,817.95,781.9,817.97,763.0,6036.0,469921120.0
2022-02-11,779.68,810.0,810.77,778.31,4125.0,329746480.0
2022-02-14,803.5,817.0,828.88,782.0,2453.0,200628385.0
2022-02-15,828.0,829.69,841.93,803.5,2290.0,188478201.0
2022-02-16,837.0,789.01,837.0,789.0,4090.0,327506016.0
2022-02-17,789.5,788.65,804.0,778.01,3448.0,272530160.0
2022-02-18,782.0,771.08,788.7,750.01,4898.0,374846288.0
2022-02-21,760.0,742.49,763.7,740.0,3908.0,292944000.0
2022-02-22,742.0,707.38,742.0,690.98,7654.0,539052848.0
2022-02-23,707.38,716.63,722.18,696.0,5737.0,406871472.0
2022-02-24,710.3,671.75,710.3,663.81,9053.0,615468592.0
2022-02-25,638.17,649.0,664.99,583.0,20334.0,1275715728.0
2022-02-28,637.0,633.9,639.48,622.03,6449.0,406896144.0
2022-03-01,623.7,617.89,633.97,608.0,6147.0,378782256.0
2022-03-02,617.01,613.31,623.26,604.5,5275.0,324506064.0
2022-03-03,613.31,592.99,616.86,579.72,13950.0,823550528.0
2022-03-04,581.72,596.59,605.0,579.0,5746.0,341904400.0
2022-03-07,599.98,564.5,599.99,552.32,8526.0,481493264.0
2022-03-08,559.77,540.66,567.0,537.0,5226.0,286637776.0
2022-03-09,537.95,531.45,555.0,501.01,5847.0,308881824.0
2022-03-10,545.08,525.47,549.68,513.5,7798.0,409617328.0
2022-03-11,508.0,516.59,520.0,496.1,6168.0,315504192.0
2022-03-14,508.02,508.71,526.01,503.22,5652.0,291399264.0
2022-03-15,508.71,483.39,508.71,479.07,4973.0,245444171.0
2022-03-16,486.7,485.0,490.04,466.16,5042.0,242087529.0
2022-03-17,492.0,520.59,529.97,492.0,7745.0,397912784.0
2022-03-18,515.24,517.0,519.69,500.09,5384.0,275025008.0
2022-03-21,521.33,525.7,529.75,508.31,4767.0,248830771.0
2022-03-22,527.45,522.55,529.0,508.0,5031.0,261321086.0
2022-03-23,511.15,531.1,534.8,511.15,4756.0,251000850.0
2022-03-24,533.76,568.75,578.0,525.12,9281.0,516963024.0
2022-03-25,564.6,571.5,579.97,557.38,5940.0,338610976.0
2022-03-28,560.07,553.8,569.99,540.0,5592.0,309573472.0
2022-03-29,554.87,553.0,557.54,538.42,3611.0,198030273.0
2022-03-30,553.0,574.8,577.78,543.15,3305.0,188874629.0
2022-03-31,572.2,554.16,584.58,552.96,3343.0,189252392.0
2022-04-01,557.64,566.55,566.8,542.01,3181.0,177773930.0
2022-04-06,566.0,540.02,566.0,535.2,4116.0,225144419.0
2022-04-07,544.0,539.01,552.39,531.21,3919.0,212099355.0
2022-04-08,548.0,558.34,565.99,525.0,4378.0,242632757.0
2022-04-11,563.63,522.2,563.63,520.1,3830.0,204999454.0
2022-04-12,508.27,528.1,532.88,506.01,3032.0,157779767.0
2022-04-13,513.8,511.02,523.03,508.0,2120.0,109307662.0
2022-04-14,515.44,533.0,534.71,515.0,3460.0,181474950.0
2022-04-15,524.15,516.61,526.6,508.1,2308.0,119084545.0
2022-04-18,515.81,531.17,532.0,506.41,1875.0,98065324.0
2022-04-19,526.65,499.31,536.98,495.0,3588.0,182552633.0
2022-04-20,502.35,512.2,518.0,492.66,3514.0,179072919.0
2022-04-21,513.5,570.15,578.75,511.99,7783.0,437081280.0
2022-04-22,544.25,574.48,587.94,544.25,7991.0,457605504.0
2022-04-25,573.04,561.98,585.4,558.11,4888.0,279058000.0
2022-04-26,571.14,573.0,589.93,556.9,4850.0,278253648.0
2022-04-27,573.33,590.0,591.18,549.31,5807.0,332835744.0
2022-04-28,577.73,558.58,583.99,552.0,4017.0,226294283.0
2022-04-29,558.6,572.0,575.0,549.0,4983.0,280294144.0
2022-05-05,575.0,572.0,585.0,570.0,3582.0,205427779.0
2022-05-06,558.0,567.02,577.77,550.0,2314.0,131135622.0
2022-05-09,555.02,542.14,566.29,536.0,3341.0,182942897.0
2022-05-10,530.0,550.0,555.0,518.0,4537.0,245711202.0
2022-05-11,545.0,585.0,588.55,543.65,5300.0,306271632.0
2022-05-12,584.91,590.78,598.0,575.01,3750.0,220643230.0
2022-05-13,599.0,594.02,605.99,588.0,2525.0,150286649.0
2022-05-16,596.89,585.22,614.99,583.02,3363.0,200520623.0
2022-05-17,578.0,585.81,594.63,575.23,2765.0,161689283.0
2022-05-18,586.47,572.0,590.0,566.08,3017.0,173440079.0
2022-05-19,563.0,589.7,593.01,562.5,2967.0,171967234.0
2022-05-20,589.0,618.97,623.98,579.77,4520.0,274923680.0
2022-05-23,615.35,619.24,631.19,602.17,3078.0,190279081.0
2022-05-24,620.0,605.16,620.0,591.26,4740.0,286955040.0
2022-05-25,609.8,616.7,618.8,598.05,3269.0,199306723.0
2022-05-26,619.41,631.2,634.81,610.0,4246.0,266452542.0
2022-05-27,600.06,565.99,615.0,560.18,8329.0,487808048.0
2022-05-30,565.2,594.21,599.83,560.0,6014.0,349786336.0
2022-05-31,595.87,635.51,645.0,588.01,6770.0,422725760.0
2022-06-01,635.36,624.37,643.9,622.1,3659.0,230350186.0
2022-06-02,642.79,642.0,644.58,611.08,4551.0,285950576.0
2022-06-06,645.77,714.96,725.88,645.77,9671.0,672662752.0
2022-06-07,714.95,682.53,714.95,677.0,4982.0,343376272.0
2022-06-08,691.56,709.69,718.5,675.44,6866.0,481330928.0
2022-06-09,707.12,682.69,707.12,682.12,4394.0,303753152.0
2022-06-10,670.01,689.34,700.0,670.01,4924.0,339049792.0
2022-06-13,685.02,670.73,688.0,662.01,4254.0,286688576.0
2022-06-14,669.27,673.98,695.0,650.5,5915.0,395332464.0
2022-06-15,673.9,663.1,683.8,661.58,3826.0,256260613.0
2022-06-16,657.42,660.9,672.9,653.0,3895.0,257032933.0
2022-06-17,658.96,673.13,678.0,646.0,4883.0,324090736.0
2022-06-20,668.6,661.01,685.0,657.0,4487.0,298565312.0
2022-06-21,660.05,671.06,698.0,651.0,5764.0,390193200.0
2022-06-22,661.5,625.35,674.95,621.52,7384.0,471804288.0
2022-06-23,624.99,635.0,643.87,613.01,5088.0,318816144.0
2022-06-24,626.6,641.0,641.57,615.0,7515.0,471428848.0
2022-06-27,631.3,655.98,659.18,631.01,7350.0,477059424.0
2022-06-28,655.98,628.95,655.98,619.47,6367.0,400258320.0
2022-06-29,625.11,608.0,627.83,608.0,5119.0,315365968.0
2022-06-30,612.6,616.7,624.0,608.5,4744.0,292974784.0
2022-07-01,618.24,607.4,623.0,605.09,4324.0,264252013.0
2022-07-04,608.63,605.5,616.88,603.01,5587.0,339730128.0
2022-07-05,611.11,599.15,623.0,594.0,6298.0,381471120.0
2022-07-06,601.0,558.01,601.0,546.0,14477.0,812938384.0
2022-07-07,560.0,527.08,560.98,520.57,13310.0,704077968.0
2022-07-08,378.84,382.98,386.98,375.02,8123.0,310520992.0
2022-07-11,378.6,380.48,382.0,360.0,9902.0,369405408.0
2022-07-12,380.0,376.25,385.88,368.26,7680.0,287171148.0
2022-07-13,372.59,359.2,372.78,359.2,10223.0,370662203.0
2022-07-14,357.71,355.17,364.75,353.14,9336.0,334843120.0
2022-07-15,353.12,348.01,362.8,347.0,8402.0,298285198.0
2022-07-18,349.0,344.35,350.0,339.0,7989.0,274782680.0
2022-07-19,341.78,346.0,347.78,336.0,10419.0,356438428.0
2022-07-20,346.15,347.5,349.98,343.01,5402.0,187377678.0
2022-07-21,349.0,341.75,350.38,341.11,6705.0,232016975.0
2022-07-22,344.0,336.15,344.0,332.11,9786.0,328576868.0
2022-07-25,335.79,334.24,343.89,333.0,7263.0,245279365.0
2022-07-26,333.1,332.0,336.5,324.21,10890.0,357641146.0
2022-07-27,331.67,333.8,336.7,326.06,5465.0,181759828.0
2022-07-28,335.71,336.88,339.5,332.1,7044.0,237361620.0
2022-07-29,338.5,326.16,338.5,324.83,8438.0,279302996.0
2022-08-01,324.0,325.89,335.45,321.27,8713.0,286870344.0
2022-08-02,322.0,316.41,322.0,308.02,9782.0,308222268.0
2022-08-03,313.7,321.83,327.15,313.34,10914.0,351856196.0
2022-08-04,324.9,319.4,328.0,318.11,5746.0,184975375.0
2022-08-05,322.27,334.58,335.0,319.31,12411.0,407394433.0
2022-08-08,338.0,338.0,344.4,333.61,10265.0,347015943.0
2022-08-09,344.0,335.19,344.0,332.18,6427.0,215543022.0
2022-08-10,335.75,330.91,336.5,328.06,5541.0,183689678.0
2022-08-11,332.34,358.72,360.0,330.91,20370.0,715280412.0
2022-08-12,360.71,362.39,372.98,360.71,14682.0,536847063.0
2022-08-15,360.08,353.73,360.1,350.06,8699.0,307966541.0
2022-08-16,353.1,361.33,364.19,350.8,8531.0,305104943.0
2022-08-17,363.0,365.0,365.85,357.88,7161.0,259250217.0
2022-08-18,365.0,344.86,365.01,344.01,11808.0,413352061.0
2022-08-19,343.0,343.0,351.19,338.86,7004.0,242146654.0
2022-08-22,342.0,346.47,346.98,333.0,5792.0,197089828.0
2022-08-23,346.31,339.0,346.31,336.77,5920.0,201525445.0
2022-08-24,339.98,324.83,341.0,324.0,6206.0,205559215.0
2022-08-25,325.96,318.6,330.99,314.02,10111.0,322744851.0
2022-08-26,318.69,318.0,325.85,315.3,8968.0,286940621.0
2022-08-29,311.21,316.0,317.93,310.0,5703.0,179272725.0
2022-08-30,311.97,313.82,320.75,310.05,5905.0,184833916.0
2022-08-31,312.57,320.03,324.0,309.72,9329.0,297285715.0
2022-09-01,320.18,325.81,333.33,320.18,7689.0,251518363.0
2022-09-02,321.41,313.36,328.0,312.08,7248.0,230131762.0
2022-09-05,313.0,304.0,313.0,298.8,7918.0,239865049.0
2022-09-06,303.0,307.0,309.8,293.3,7725.0,233435441.0
2022-09-07,305.0,308.23,309.55,301.5,5165.0,157981876.0
2022-09-08,310.0,296.36,311.0,296.2,6352.0,190957916.0
2022-09-09,298.21,306.21,307.31,294.22,6391.0,193538490.0
2022-09-13,306.91,309.0,315.0,303.67,4326.0,134240267.0
2022-09-14,303.0,305.1,311.2,303.0,3709.0,113531597.0
2022-09-15,306.95,303.02,312.84,299.89,6712.0,205218292.0
2022-09-16,303.9,292.0,304.68,292.0,6995.0,206655917.0
2022-09-19,291.99,283.42,295.97,282.2,6346.0,180842540.0
2022-09-20,283.42,282.22,285.92,280.61,4545.0,128470172.0
2022-09-21,280.58,274.78,284.87,274.33,4689.0,129782176.0
2022-09-22,273.44,272.56,277.33,268.6,5143.0,140210821.0
2022-09-23,273.0,266.55,274.38,266.0,4331.0,116729012.0
2022-09-26,266.98,264.99,272.0,263.0,4958.0,132168736.0
2022-09-27,264.44,276.88,276.88,264.44,6408.0,173978195.0
2022-09-28,276.6,267.88,278.6,266.88,5438.0,147791148.0
2022-09-29,270.97,266.65,279.99,263.6,6125.0,166504358.0
2022-09-30,267.0,258.17,268.0,256.68,5181.0,135275979.0
2022-10-10,258.8,247.15,258.8,247.01,5952.0,148953430.0
2022-10-11,248.69,241.88,250.19,239.71,4303.0,104289522.0
2022-10-12,243.5,249.51,251.0,236.8,5940.0,144456674.0
2022-10-13,251.9,250.45,259.82,246.6,6869.0,174767590.0
2022-10-14,252.79,260.49,268.83,252.79,8531.0,222546401.0
2022-10-17,258.24,259.11,264.99,255.45,6568.0,170735983.0
2022-10-18,259.96,254.23,261.8,252.99,5204.0,132721731.0
2022-10-19,255.0,246.81,255.0,246.61,5531.0,138127408.0
2022-10-20,245.96,246.65,252.95,241.0,6893.0,170954048.0
2022-10-21,246.3,243.9,247.49,240.33,6518.0,158535257.0
2022-10-24,243.99,233.1,246.78,232.29,7489.0,178173230.0
2022-10-25,232.2,229.23,236.2,226.88,6419.0,148160306.0
2022-10-26,229.23,242.12,246.97,229.23,11332.0,273115145.0
2022-10-27,244.84,238.27,244.84,237.0,6653.0,159733135.0
2022-10-28,234.77,229.2,241.0,228.22,6461.0,151370271.0
2022-10-31,220.11,235.02,243.28,220.0,10310.0,241338188.0
2022-11-01,235.03,244.5,244.5,229.04,12211.0,292376729.0
2022-11-02,243.0,248.83,252.69,240.01,11806.0,293576305.0
2022-11-03,247.6,245.49,248.4,237.11,10430.0,252942443.0
2022-11-04,244.67,253.63,255.0,244.0,12700.0,317855612.0
2022-11-07,249.88,254.65,257.23,249.88,8850.0,224694466.0
2022-11-08,255.02,249.4,256.5,246.81,6911.0,172470055.0
2022-11-09,250.56,249.15,253.5,248.01,4996.0,125143258.0
2022-11-10,246.82,243.41,250.11,242.0,6540.0,160379960.0
2022-11-11,250.44,254.0,259.94,249.62,11039.0,280057392.0
2022-11-14,259.0,257.8,267.95,255.55,13561.0,354974437.0
2022-11-15,256.67,272.03,275.5,253.98,14441.0,386812156.0
2022-11-16,273.58,270.28,276.78,268.18,7783.0,211760670.0
2022-11-17,266.64,269.04,271.9,263.68,7336.0,195516064.0
2022-11-18,265.12,261.86,270.86,261.2,7961.0,210328053.0
2022-11-21,259.33,261.09,262.62,254.0,6419.0,165468795.0
2022-11-22,258.5,255.0,264.9,253.17,6187.0,160033739.0
2022-11-23,255.5,252.85,256.84,248.96,5817.0,146498871.0
2022-11-24,254.95,249.8,259.05,249.18,5354.0,135087930.0
2022-11-25,249.82,248.29,252.97,246.2,4199.0,104664624.0
2022-11-28,243.65,246.03,247.98,238.88,6102.0,148716024.0
2022-11-29,248.98,260.28,262.92,247.0,10255.0,263432471.0
2022-11-30,259.54,258.9,265.83,256.0,8181.0,213190033.0
2022-12-01,260.0,268.2,272.35,258.9,11930.0,318898888.0
2022-12-02,266.8,267.56,269.77,265.67,5974.0,159787598.0
2022-12-05,269.6,271.32,276.97,268.52,9228.0,250878539.0
2022-12-06,268.79,278.19,282.86,267.67,10279.0,286447000.0
2022-12-07,272.7,271.99,278.15,270.02,7503.0,205278809.0
2022-12-08,269.44,270.26,273.32,268.0,7190.0,194310127.0
2022-12-09,269.12,267.56,272.14,261.67,20055.0,534666856.0
2022-12-12,267.52,267.38,274.85,267.12,6835.0,185060369.0
2022-12-13,265.23,266.68,270.0,262.05,6165.0,164237161.0
2022-12-14,266.71,268.2,273.93,265.16,4737.0,127362057.0
2022-12-15,268.7,267.98,274.88,265.37,5500.0,148350698.0
2022-12-16,266.1,265.75,267.52,263.0,4950.0,131297690.0
2022-12-19,267.07,256.26,270.11,255.15,5684.0,148425399.0
2022-12-20,253.41,250.6,256.57,250.07,4935.0,124496124.0
2022-12-21,250.6,253.6,258.76,250.0,4582.0,116765417.0
2022-12-22,256.12,253.95,263.0,253.3,5581.0,143988095.0
2022-12-23,253.22,259.8,259.98,250.58,4333.0,111486005.0
2022-12-26,259.53,261.55,263.45,256.18,5310.0,138427760.0
2022-12-27,261.55,271.5,271.99,261.55,6208.0,166847632.0
2022-12-28,271.0,261.89,271.0,261.8,5035.0,133519507.0
2022-12-29,261.6,253.51,261.88,253.5,4488.0,114728470.0
2022-12-30,253.22,247.75,256.96,246.43,6090.0,152207210.0
2023-01-03,248.5,253.83,255.85,246.0,7091.0,178223858.0
2023-01-04,252.83,267.6,267.88,252.1,11405.0,300855521.0
2023-01-05,266.55,275.51,278.08,265.19,11999.0,329988252.0
2023-01-06,275.59,270.96,277.91,270.07,8424.0,228834968.0
2023-01-09,270.4,270.65,273.66,268.3,4800.0,130038341.0
2023-01-10,269.62,271.16,274.85,268.0,4411.0,119980152.0
2023-01-11,272.6,271.84,274.8,266.52,5862.0,158733919.0
2023-01-12,268.26,267.24,271.98,265.2,4136.0,110638016.0
2023-01-13,266.58,297.82,298.76,266.25,19519.0,564985007.0
2023-01-16,289.96,308.8,317.0,286.0,24552.0,748527415.0
2023-01-17,304.54,301.06,305.88,297.02,9078.0,273510092.0
2023-01-18,305.0,299.0,309.56,296.5,6848.0,206719864.0
2023-01-19,298.5,301.01,304.0,296.01,4452.0,133297023.0
2023-01-20,304.97,300.36,309.5,298.0,6424.0,194299481.0
2023-01-30,308.2,308.1,312.62,300.49,10954.0,336129558.0
2023-01-31,310.0,305.65,310.0,304.28,5823.0,178866485.0
2023-02-01,305.65,328.4,331.5,305.02,9157.0,293610402.0
2023-02-02,328.85,328.45,336.16,319.26,11189.0,367792777.0
2023-02-03,326.24,336.9,336.9,324.14,9205.0,304545265.0
2023-02-06,333.81,316.61,333.81,313.01,11710.0,375616822.0
2023-02-07,314.15,339.98,341.5,314.15,13374.0,446169680.0
2023-02-08,340.28,357.04,363.08,337.7,18293.0,650873366.0
2023-02-09,354.85,356.34,373.88,352.01,11685.0,420607225.0
2023-02-10,353.0,357.52,369.24,353.0,9995.0,361030875.0
2023-02-13,358.9,351.0,360.0,345.21,8424.0,296495262.0
2023-02-14,346.1,349.0,355.1,343.11,8136.0,283292839.0
2023-02-15,345.0,335.59,348.85,335.0,11540.0,390942959.0
2023-02-16,335.59,323.55,337.62,321.2,10497.0,344910979.0
2023-02-17,324.12,324.88,334.38,323.61,8231.0,270814217.0
2023-02-20,328.0,347.59,347.86,323.61,10280.0,349801487.0
2023-02-21,347.0,360.12,363.0,347.0,11815.0,423579396.0
2023-02-22,350.15,357.0,360.0,341.58,13488.0,473397732.0
2023-02-23,357.0,372.1,377.48,354.01,12272.0,456974973.0
2023-02-24,372.1,368.36,374.51,362.22,8237.0,303990735.0
2023-02-27,365.51,361.35,369.99,354.02,8726.0,314404562.0
2023-02-28,361.35,359.91,364.8,356.0,6255.0,225273040.0
2023-03-01,360.91,386.5,395.0,355.01,15389.0,585404771.0
2023-03-02,386.8,377.1,387.0,375.0,7145.0,272569893.0
2023-03-03,377.5,367.5,382.5,360.2,10929.0,401715898.0
2023-03-06,364.11,365.82,368.78,360.18,7060.0,257146251.0
2023-03-07,361.44,355.5,372.48,353.0,7945.0,287402511.0
2023-03-08,352.0,350.5,360.0,343.5,9520.0,331352570.0
2023-03-09,348.0,347.35,353.52,345.99,5093.0,177381230.0
2023-03-10,346.0,337.52,347.8,332.49,18657.0,628134349.0
2023-03-13,333.45,341.0,341.18,332.41,6945.0,234422874.0
2023-03-14,340.4,336.69,341.0,331.0,7199.0,241693916.0
2023-03-15,338.76,343.06,351.0,335.1,9665.0,331801430.0
2023-03-16,340.0,342.01,347.0,331.5,8103.0,275031963.0
2023-03-17,342.55,337.0,349.28,329.99,10103.0,340102152.0
2023-03-20,332.86,333.89,337.67,328.24,6854.0,227970254.0
2023-03-21,334.95,353.0,354.0,330.76,9315.0,322604831.0
2023-03-22,355.0,351.1,355.58,345.02,7020.0,246690641.0
2023-03-23,345.4,361.09,369.09,345.0,12388.0,447119805.0
2023-03-24,360.93,370.5,379.8,360.93,14252.0,532028695.0
2023-03-27,374.01,370.07,388.73,369.0,11483.0,435165430.0
2023-03-28,373.35,361.2,375.0,360.0,6359.0,231589141.0
2023-03-29,363.47,365.2,378.9,362.15,10559.0,389226296.0
2023-03-30,365.43,371.48,375.52,358.0,6356.0,233419614.0
2023-03-31,370.0,365.0,379.99,364.0,5651.0,209848144.0
2023-04-03,366.68,356.11,366.68,353.0,6949.0,248069211.0
2023-04-04,359.2,346.08,359.97,340.28,14098.0,487817998.0
2023-04-06,350.44,355.18,355.38,337.13,9395.0,326267203.0
2023-04-07,350.05,342.73,358.34,341.11,7393.0,256416873.0
2023-04-10,347.75,342.77,350.9,342.01,5514.0,190627079.0
2023-04-11,342.77,346.5,355.58,339.39,7366.0,256569741.0
2023-04-12,351.0,338.02,351.0,335.0,7095.0,241548765.0
2023-04-13,338.0,335.82,340.55,332.0,5304.0,177846658.0
2023-04-14,338.49,330.8,338.49,330.26,4637.0,154281987.0
2023-04-17,328.95,332.44,338.78,328.6,4395.0,146575260.0
2023-04-18,335.6,326.7,336.88,326.02,4468.0,147385247.0
2023-04-19,325.86,317.46,326.7,310.2,13378.0,422892595.0
2023-04-20,319.1,314.0,320.0,311.01,5784.0,181832007.0
2023-04-21,314.0,313.0,321.0,310.8,6707.0,211831546.0
2023-04-24,310.01,304.0,315.66,302.0,5096.0,156332317.0
2023-04-25,305.0,302.17,307.6,296.11,6744.0,203343431.0
2023-04-26,305.0,299.06,310.98,299.04,5900.0,179330245.0
2023-04-27,284.11,314.98,320.5,272.0,18673.0,566722121.0
2023-04-28,312.25,303.06,315.0,299.03,9803.0,297705329.0
2023-05-04,301.75,319.07,320.0,300.76,7454.0,235134681.0
2023-05-05,316.15,311.8,319.98,310.37,4935.0,154976120.0
2023-05-08,310.1,302.64,311.78,299.0,6166.0,186776607.0
2023-05-09,301.81,304.3,305.96,297.01,5546.0,167969731.0
2023-05-10,305.51,318.46,319.6,305.51,8346.0,263559713.0
2023-05-11,320.79,315.43,325.0,313.15,4785.0,152330369.0
2023-05-12,318.27,313.89,318.27,310.38,3314.0,103616938.0
2023-05-15,313.19,318.8,318.9,308.05,3158.0,99775707.0
2023-05-16,319.59,314.58,321.77,313.9,2570.0,81160813.0
2023-05-17,317.0,310.94,317.0,308.16,2272.0,70625520.0
2023-05-18,310.8,303.16,316.7,302.18,3574.0,109571739.0
2023-05-19,301.99,318.31,319.49,300.0,6244.0,195568235.0
2023-05-22,317.51,325.53,337.16,314.0,9270.0,302920677.0
2023-05-23,325.53,323.84,332.0,318.11,5148.0,167124636.0
2023-05-24,324.97,319.0,325.95,315.2,4400.0,140685696.0
2023-05-25,314.92,310.75,318.85,308.01,4650.0,144465173.0
2023-05-26,310.76,307.26,314.0,303.02,3592.0,110158863.0
2023-05-29,307.89,298.6,312.5,295.7,7246.0,217687123.0
2023-05-30,298.6,299.95,303.6,291.29,5518.0,163564539.0
2023-05-31,295.5,302.56,302.56,291.01,7607.0,225512931.0
2023-06-01,296.8,309.62,313.61,296.8,6934.0,213616214.0
2023-06-02,307.0,324.99,327.0,305.99,8254.0,263647039.0
2023-06-05,321.56,315.88,322.9,312.12,5385.0,170228986.0
2023-06-06,315.6,313.2,322.68,313.2,5268.0,167150464.0
2023-06-07,313.07,311.37,316.5,306.9,3694.0,114807272.0
2023-06-08,310.99,332.49,332.49,310.99,10727.0,346402032.0
2023-06-09,330.45,334.24,335.99,324.04,15709.0,518489923.0
2023-06-12,334.24,333.49,342.23,324.0,11673.0,390473237.0
2023-06-13,333.49,322.13,337.65,320.27,8968.0,291393288.0
2023-06-14,324.99,309.86,324.99,309.67,11464.0,359698103.0
2023-06-15,309.0,311.0,318.8,307.12,12176.0,381101981.0
2023-06-16,312.87,308.14,314.47,307.17,9035.0,280303983.0
2023-06-19,308.61,301.6,310.98,300.0,9298.0,280575566.0
2023-06-20,300.8,304.7,312.31,298.56,10359.0,314625219.0
2023-06-21,303.64,289.71,305.0,288.0,9356.0,276837392.0
2023-06-26,303.0,312.06,327.0,298.4,25309.0,796838924.0
2023-06-27,310.49,324.85,326.46,308.6,22593.0,728664202.0
2023-06-28,327.46,326.77,335.89,323.05,13164.0,432884865.0
2023-06-29,323.0,322.14,329.96,318.0,8712.0,281464943.0
2023-06-30,319.17,320.68,331.88,319.02,7034.0,227565097.0
2023-07-03,320.47,338.88,342.91,318.74,19170.0,644555027.0
2023-07-04,336.67,338.88,343.98,333.19,11607.0,394665669.0
2023-07-05,336.08,339.82,346.99,336.06,8108.0,277334516.0
2023-07-06,335.56,346.5,364.09,335.56,14119.0,494256655.0
2023-07-07,346.5,342.17,358.98,341.0,12459.0,434164915.0
2023-07-10,342.15,335.66,349.88,333.59,10463.0,354655636.0
2023-07-11,332.76,330.0,335.0,323.5,11902.0,390463445.0
2023-07-12,329.53,353.99,355.69,329.53,17582.0,611929955.0
2023-07-13,356.73,360.08,368.5,347.2,15413.0,553820494.0
2023-07-14,365.48,351.76,365.48,350.12,8498.0,301506831.0
2023-07-17,350.1,352.03,365.35,350.1,5640.0,200459958.0
2023-07-18,355.0,352.88,360.5,348.29,5119.0,180639860.0
2023-07-19,352.5,363.75,368.2,348.06,8226.0,298203440.0
2023-07-20,261.31,251.43,262.87,249.0,10049.0,256200503.0
2023-07-21,253.6,249.95,259.0,248.69,12927.0,327206462.0
2023-07-24,251.29,254.48,256.59,246.89,7856.0,199211112.0
2023-07-25,259.0,253.16,263.0,248.13,12903.0,328878561.0
2023-07-26,249.41,255.04,259.94,245.5,10640.0,270831514.0
2023-07-27,256.48,259.9,260.0,252.54,8681.0,223395702.0
2023-07-28,259.9,279.33,283.0,259.14,16813.0,453605233.0
2023-07-31,277.96,275.97,289.17,271.01,17097.0,478007902.0
2023-08-01,275.22,270.0,278.0,268.04,8942.0,243368445.0
2023-08-02,270.0,269.13,273.5,267.3,5932.0,160043094.0
2023-08-03,270.15,272.7,274.0,264.51,6315.0,169884425.0
2023-08-04,275.0,268.46,279.85,266.33,8227.0,223107216.0
2023-08-07,265.07,267.8,268.42,262.5,11496.0,304828951.0
2023-08-08,263.99,269.97,270.69,263.99,7424.0,198886396.0
2023-08-09,268.4,265.64,271.99,263.16,8133.0,215762093.0
2023-08-10,263.92,269.1,271.38,259.12,8963.0,238353914.0
2023-08-11,269.05,262.05,271.63,261.39,7934.0,210099261.0
2023-08-14,262.0,261.2,267.68,258.14,7802.0,204724295.0
2023-08-15,263.81,257.5,263.81,255.02,8401.0,215926556.0
2023-08-16,255.27,256.75,260.63,255.27,7460.0,191774373.0
2023-08-17,255.14,261.86,263.0,252.01,11278.0,291509821.0
2023-08-18,265.79,265.26,271.4,262.64,9839.0,261475639.0
2023-08-21,261.97,260.0,265.99,259.45,6268.0,164296240.0
2023-08-22,261.8,256.02,262.49,249.49,10147.0,258797124.0
2023-08-23,256.32,254.52,259.88,254.0,6552.0,168112741.0
2023-08-24,251.99,256.09,265.0,251.99,7543.0,194497281.0
2023-08-25,255.62,252.84,261.85,251.12,6765.0,172628144.0
2023-08-28,267.0,245.0,270.0,238.0,20614.0,509068743.0
2023-08-29,247.49,257.14,260.0,247.02,12642.0,322356396.0
2023-08-30,263.42,267.0,270.0,257.14,13941.0,371192010.0
2023-08-31,307.0,293.49,308.23,290.09,47697.0,1412792215.0
2023-09-01,297.07,298.5,301.5,293.49,17593.0,522254055.0
2023-09-04,298.45,301.0,309.75,297.27,19742.0,595652754.0
2023-09-05,301.78,303.54,308.78,298.39,14606.0,444703861.0
2023-09-06,302.67,304.8,306.88,300.51,10260.0,312784970.0
2023-09-07,302.39,302.89,306.96,299.0,15027.0,454505513.0
2023-09-08,299.8,304.57,306.51,297.81,7499.0,227187828.0
2023-09-11,306.1,309.77,313.98,304.55,12651.0,391157557.0
2023-09-12,306.98,307.56,310.9,304.53,6087.0,187203478.0
2023-09-13,308.05,303.27,309.7,301.89,7937.0,241733854.0
2023-09-14,304.54,293.98,305.9,291.13,17075.0,503164922.0
2023-09-15,294.96,289.48,294.96,282.5,16906.0,485755834.0
2023-09-18,287.81,287.04,291.86,282.38,10342.0,298119422.0
2023-09-19,287.2,286.0,288.87,282.55,7391.0,211396095.0
2023-09-20,284.15,281.54,286.34,280.5,7577.0,213821444.0
2023-09-21,279.79,279.3,283.0,278.2,9755.0,273571277.0
2023-09-22,279.49,281.31,282.02,274.08,12128.0,337647201.0
2023-09-25,280.35,278.78,285.54,277.76,10527.0,295746185.0
2023-09-26,277.9,290.3,292.0,276.01,17677.0,510303035.0
2023-09-27,290.4,292.49,293.8,288.22,8481.0,247451132.0
2023-09-28,292.48,295.36,298.42,291.48,8589.0,253805069.0
2023-10-09,294.34,291.22,296.64,288.5,7019.0,204942808.0
2023-10-10,293.99,291.45,294.21,289.5,5887.0,171538256.0
2023-10-11,289.85,296.55,300.69,289.85,7678.0,227461589.0
2023-10-12,295.0,295.05,300.0,294.65,7532.0,224065635.0
2023-10-13,294.02,296.52,300.87,294.02,7600.0,226170590.0
2023-10-16,295.54,293.5,301.0,291.9,5571.0,163792368.0
2023-10-17,291.99,297.48,297.79,289.45,5296.0,156065149.0
2023-10-18,298.01,293.73,299.51,293.03,4628.0,136474220.0
2023-10-19,293.73,289.55,296.12,288.08,5890.0,171497805.0
2023-10-20,286.0,281.72,287.0,279.6,8791.0,247822338.0
2023-10-23,281.72,274.62,283.87,270.32,11353.0,314849355.0
2023-10-24,276.6,281.5,283.57,273.44,8562.0,239630104.0
2023-10-25,281.99,278.41,285.99,277.05,8234.0,231657253.0
2023-10-26,277.22,280.96,292.44,277.0,11605.0,329864929.0
2023-10-27,285.96,291.77,294.76,281.23,12311.0,355104923.0
2023-10-30,328.0,317.5,333.02,306.0,34330.0,1089664049.0
2023-10-31,319.28,315.99,324.64,313.0,14364.0,455442217.0
2023-11-01,315.0,310.11,321.99,303.0,15812.0,491403007.0
2023-11-02,312.0,301.77,312.0,301.11,11110.0,338334157.0
2023-11-03,303.55,307.38,310.5,300.13,10816.0,332449057.0
2023-11-06,307.32,300.06,311.0,285.95,19857.0,590093372.0
2023-11-07,299.0,303.71,305.4,295.1,8567.0,258429540.0
2023-11-08,301.91,304.85,305.27,295.58,11958.0,358795954.0
2023-11-09,304.82,304.9,305.14,296.15,8585.0,258767787.0
2023-11-10,301.0,309.78,311.87,300.0,10997.0,339993160.0
2023-11-13,309.64,298.4,312.0,297.58,11130.0,335583093.0
2023-11-14,297.5,299.69,301.36,297.5,7164.0,214400085.0
2023-11-15,304.0,304.5,305.0,298.99,6896.0,208557980.0
2023-11-16,304.0,300.88,304.0,298.15,5125.0,154471287.0
2023-11-17,301.0,303.1,303.33,298.2,6647.0,200861867.0
2023-11-20,298.89,295.45,302.0,293.79,8866.0,263117622.0
2023-11-21,296.0,296.36,300.8,292.05,7681.0,228972747.0
2023-11-22,296.28,290.25,296.28,289.57,7174.0,209866016.0
2023-11-23,290.14,294.73,295.0,287.97,4374.0,127785339.0
2023-11-24,291.0,292.77,295.97,288.55,5395.0,157757133.0
2023-11-27,286.27,283.8,291.57,280.81,14561.0,414268312.0
2023-11-28,284.09,287.49,287.49,280.2,11222.0,318122125.0
2023-11-29,287.49,293.0,293.77,285.01,10188.0,297008111.0
2023-11-30,294.0,299.0,299.0,290.19,8690.0,255115796.0
2023-12-01,294.8,282.5,294.88,277.0,18707.0,529110500.0
2023-12-04,282.5,273.0,282.5,272.0,16338.0,450170453.0
2023-12-05,272.27,267.78,275.33,267.35,9943.0,269820128.0
2023-12-06,269.98,270.86,273.19,263.58,11174.0,300607205.0
2023-12-07,270.89,271.94,274.21,266.13,9894.0,267785105.0
2023-12-08,271.12,285.98,285.98,271.12,18630.0,520271686.0
2023-12-11,282.0,276.7,283.01,274.6,14491.0,403339560.0
2023-12-12,276.54,267.29,279.47,264.52,15649.0,419388693.0
2023-12-13,266.99,263.5,268.49,263.5,14136.0,375933072.0
2023-12-14,266.32,264.24,268.44,264.07,9646.0,257259742.0
2023-12-15,264.21,267.99,273.88,264.21,10636.0,287455769.0
2023-12-18,268.07,273.5,274.73,263.51,9836.0,266727877.0
2023-12-19,273.8,268.5,274.5,266.3,7384.0,198654798.0
2023-12-20,268.64,270.0,273.68,267.71,8048.0,218663240.0
2023-12-21,269.6,275.47,278.46,268.86,7801.0,214611373.0
2023-12-22,275.17,276.74,280.88,273.12,7649.0,212103445.0
2023-12-25,275.91,280.35,287.07,274.99,9218.0,259758761.0
2023-12-26,279.95,280.0,281.0,275.12,7709.0,214384285.0
2023-12-27,280.01,279.1,281.97,275.5,6950.0,193873420.0
2023-12-28,279.1,282.4,285.2,278.32,8420.0,238280588.0
2023-12-29,282.76,282.95,287.0,282.01,6087.0,172971260.0
2024-01-02,282.37,277.43,285.72,276.89,6722.0,188324113.0
2024-01-03,277.61,281.0,282.28,274.99,8405.0,235460282.0
2024-01-04,281.0,268.0,281.86,266.37,10935.0,295677787.0
2024-01-05,266.51,272.97,277.3,266.51,8194.0,224318269.0
2024-01-08,269.99,262.26,274.5,261.8,8420.0,222635166.0
2024-01-09,261.49,265.81,268.77,261.49,8363.0,222600028.0
2024-01-10,263.1,272.07,273.87,263.06,8427.0,227533107.0
2024-01-11,271.25,282.46,283.23,269.96,10547.0,294318714.0
2024-01-12,280.0,287.27,289.2,279.02,10004.0,286266238.0
2024-01-15,283.02,290.15,292.92,282.0,8980.0,259429415.0
2024-01-16,290.0,299.79,303.59,286.0,15836.0,473422745.0
2024-01-17,300.0,294.78,302.5,294.0,11358.0,338474989.0
2024-01-18,292.5,294.0,295.21,286.53,10643.0,309332913.0
2024-01-19,293.12,299.42,303.5,292.99,11048.0,330074883.0
2024-01-22,297.4,286.34,297.88,282.9,10652.0,308734884.0
2024-01-23,286.0,283.68,289.41,275.25,12445.0,348968988.0
2024-01-24,300.09,288.0,300.49,283.0,20178.0,584331099.0
2024-01-25,288.0,288.02,292.1,283.57,14646.0,422421809.0
2024-01-26,288.99,300.1,302.67,287.0,15775.0,470677286.0
2024-01-29,303.09,289.61,303.1,281.51,18500.0,534950691.0
2024-01-30,289.0,292.51,301.0,288.74,16590.0,491265349.0
2024-01-31,289.5,287.12,295.87,285.31,14400.0,417305484.0
2024-02-01,286.26,293.52,299.88,284.22,13724.0,401559520.0
2024-02-02,298.81,296.32,303.48,289.2,15491.0,462307899.0
2024-02-05,297.21,299.83,303.18,288.0,21668.0,641633882.0
2024-02-06,299.83,311.3,319.77,291.11,25910.0,798991629.0
2024-02-07,312.25,339.0,340.08,308.81,31259.0,1037338673.0
2024-02-08,339.01,324.91,355.0,320.33,28597.0,951500810.0
2024-02-19,326.0,325.54,330.0,316.41,21923.0,707249754.0
2024-02-20,324.2,329.29,333.07,315.0,18623.0,600473529.0
2024-02-21,329.19,322.3,329.19,320.11,15216.0,494006169.0
2024-02-22,321.0,319.15,322.5,316.14,14171.0,450989575.0
2024-02-23,321.0,316.68,322.46,307.7,17575.0,550864072.0
2024-02-26,319.28,327.3,329.99,317.01,16978.0,549737761.0
2024-02-27,327.0,326.75,327.45,318.0,14917.0,481517065.0
2024-02-28,325.0,318.74,326.02,317.05,13941.0,448196535.0
2024-02-29,316.33,325.77,328.0,316.0,14764.0,473081210.0
2024-03-01,326.44,324.0,329.0,321.23,16864.0,548302165.0
2024-03-04,324.46,332.11,334.98,321.6,13692.0,453147004.0
2024-03-05,331.99,341.7,343.08,328.55,16592.0,563198183.0
2024-03-06,341.7,344.28,347.45,337.98,11019.0,378339723.0
2024-03-07,343.48,330.0,347.71,328.73,13744.0,460982747.0
2024-03-08,331.97,330.7,334.99,327.0,11097.0,367893958.0
2024-03-11,330.0,338.46,338.8,328.3,9798.0,328493811.0
2024-03-12,336.5,344.8,346.48,336.03,11588.0,396766580.0
2024-03-13,343.17,333.18,353.6,331.73,16256.0,549104852.0
2024-03-14,330.03,330.0,336.0,327.32,10616.0,351720620.0
2024-03-15,339.82,326.86,339.82,322.27,11577.0,377181516.0
2024-03-18,327.97,332.29,336.0,324.51,11659.0,386324441.0
2024-03-19,333.29,331.6,335.38,323.03,12614.0,416237203.0
2024-03-20,333.0,332.0,334.49,326.2,10975.0,363268068.0
2024-03-21,331.66,324.28,332.87,318.18,15713.0,508131110.0
2024-03-22,323.69,326.28,329.59,320.0,12000.0,391626999.0
2024-03-25,325.97,339.16,345.55,325.11,17570.0,597584934.0
2024-03-26,338.0,344.35,350.88,337.5,12997.0,448955981.0
2024-03-27,343.23,342.01,349.88,339.0,12519.0,432682274.0
2024-03-28,341.67,341.93,347.69,334.33,11301.0,385663842.0
2024-03-29,344.41,342.57,345.0,335.0,9850.0,333644797.0
2024-04-01,345.0,336.96,349.65,336.33,15689.0,537116185.0
2024-04-02,339.0,335.75,339.0,332.33,9813.0,328577680.0
2024-04-03,335.75,337.94,344.98,335.75,12636.0,429256686.0
2024-04-08,338.0,334.35,347.0,331.11,13380.0,452061864.0
2024-04-09,334.05,337.99,339.5,330.0,10216.0,343727528.0
2024-04-10,337.04,336.0,337.99,326.66,11666.0,389364831.0
2024-04-11,334.99,354.0,357.77,331.33,26339.0,925734273.0
2024-04-12,354.06,348.0,358.06,345.27,17324.0,608582567.0
2024-04-15,347.0,353.2,360.0,345.0,16703.0,587611957.0
2024-04-16,354.0,349.89,359.38,348.39,12050.0,425628534.0
2024-04-17,349.92,374.6,374.6,347.96,21537.0,781435228.0
2024-04-18,371.2,375.73,385.85,367.15,17662.0,665976750.0
2024-04-19,373.2,375.16,377.5,367.2,11104.0,413990926.0
2024-04-22,374.9,382.41,391.63,374.9,14339.0,549176410.0
2024-04-23,380.26,375.99,385.0,370.25,9549.0,358198680.0
2024-04-24,375.99,384.6,385.67,372.12,7989.0,303347450.0
2024-04-25,385.44,373.79,387.7,369.2,13676.0,510853168.0
2024-04-26,373.79,382.3,388.76,373.05,11536.0,440987193.0
2024-04-29,382.3,412.99,419.88,382.3,25803.0,1047725183.0
2024-04-30,411.0,425.02,428.06,409.42,16745.0,707871158.0
2024-05-06,436.0,458.0,465.0,432.03,22993.0,1024451108.0
2024-05-07,457.0,441.3,457.0,439.0,17811.0,791146724.0
2024-05-08,442.41,444.88,448.8,437.02,11750.0,520417626.0
2024-05-09,443.78,446.0,453.4,438.0,10946.0,487216838.0
2024-05-10,444.7,463.3,468.0,442.05,13659.0,628393519.0
2024-05-13,455.33,465.1,469.99,451.0,17180.0,793910833.0
2024-05-14,464.0,463.0,469.85,454.0,11413.0,526159771.0
2024-05-15,462.0,446.1,464.0,443.53,17828.0,798587943.0
2024-05-16,444.36,432.49,446.0,427.3,28159.0,1225773196.0
2024-05-17,430.88,428.6,436.79,418.31,18943.0,806410254.0
2024-05-20,424.93,426.74,431.99,419.33,12726.0,540763767.0
2024-05-21,422.3,433.91,438.88,422.16,16727.0,726552795.0
2024-05-22,433.9,420.01,434.91,420.0,14326.0,606459044.0
2024-05-23,420.04,424.85,425.88,416.06,11976.0,505362171.0
2024-05-24,426.0,424.9,432.26,420.22,9317.0,398443000.0
2024-05-27,420.0,417.74,423.64,404.2,24259.0,1003755038.0
2024-05-28,416.9,416.15,422.98,412.85,8393.0,349832919.0
2024-05-29,415.28,418.0,420.0,410.01,11524.0,479034003.0
2024-05-30,413.0,418.26,426.88,413.0,9608.0,404847310.0
2024-05-31,418.23,416.86,425.95,414.0,8974.0,375931957.0
2024-06-03,419.32,438.18,443.01,414.1,18376.0,797880190.0
2024-06-04,435.99,439.16,441.86,426.18,14966.0,651558391.0
2024-06-05,439.2,428.89,440.88,427.17,10292.0,444573503.0
2024-06-06,430.0,424.0,430.0,421.33,8996.0,381921118.0
2024-06-07,424.85,412.45,424.85,406.6,17744.0,733295628.0
2024-06-11,404.21,400.8,410.0,393.0,26296.0,1056234019.0
2024-06-12,403.3,412.69,415.0,400.8,18691.0,766812465.0
2024-06-13,412.0,416.0,419.47,408.99,12093.0,501244301.0
2024-06-14,413.39,401.94,421.0,401.94,20586.0,841049403.0
2024-06-17,406.0,411.47,422.94,399.44,20607.0,850007572.0
2024-06-18,415.0,413.0,415.0,402.06,13806.0,565489809.0
2024-06-19,413.0,405.0,415.5,404.0,7695.0,313982395.0
2024-06-20,408.0,408.5,411.79,403.68,8537.0,348965692.0
2024-06-21,408.5,413.28,417.01,405.06,8699.0,357806605.0
2024-06-24,410.12,404.76,417.5,402.35,10267.0,421166151.0
2024-06-25,405.0,405.49,415.9,400.11,12530.0,511554922.0
2024-06-26,401.3,397.0,407.97,394.41,12671.0,505309008.0
2024-06-27,397.6,393.2,398.0,390.39,11747.0,462447415.0
2024-06-28,393.19,392.6,399.38,389.58,8993.0,354801816.0
2024-07-01,390.97,387.34,393.86,382.33,8886.0,344977628.0
2024-07-02,387.33,378.12,393.88,374.21,17155.0,651265269.0
2024-07-03,381.5,373.18,381.5,372.0,9022.0,338409077.0
2024-07-04,373.86,378.81,387.82,370.46,11980.0,458720020.0
2024-07-05,375.02,379.86,383.01,369.0,9523.0,357773126.0
2024-07-08,379.4,380.2,382.45,372.78,9146.0,346468464.0
2024-07-09,375.74,374.6,378.0,369.44,10985.0,409956738.0
2024-07-10,372.0,367.66,374.0,360.2,15269.0,557068913.0
2024-07-11,369.79,365.64,371.87,359.0,12813.0,465604785.0
2024-07-12,364.02,376.62,378.82,362.64,11684.0,436605434.0
2024-07-15,357.93,342.24,357.93,322.0,37954.0,1286759601.0
2024-07-16,338.6,332.68,343.58,330.48,22941.0,769834277.0
2024-07-17,333.0,331.99,334.98,324.08,14654.0,483372240.0
2024-07-18,332.83,334.36,339.8,328.0,13823.0,464056430.0
2024-07-19,332.0,332.63,336.97,329.3,11197.0,372605091.0
2024-07-22,331.65,337.96,344.44,330.01,14309.0,485282258.0
2024-07-23,339.37,320.67,339.37,320.67,13540.0,441692030.0
2024-07-24,318.82,307.02,318.82,299.06,27944.0,857067487.0
2024-07-25,305.12,296.2,307.37,295.02,14088.0,422209987.0
2024-07-26,298.84,298.04,303.74,296.4,13559.0,406081368.0
2024-07-29,298.87,303.68,311.0,298.87,19250.0,585318932.0
2024-07-30,302.0,292.69,302.0,287.25,17860.0,519551301.0
2024-07-31,293.27,314.64,314.8,285.33,22902.0,700769493.0
2024-08-01,314.0,302.88,316.0,302.0,19780.0,606244251.0
2024-08-02,301.58,292.91,304.58,292.19,13214.0,392244465.0
2024-08-05,291.72,284.0,300.16,281.09,15680.0,451394152.0
2024-08-06,284.99,282.0,288.72,278.07,15923.0,447977216.0
2024-08-07,281.77,286.5,291.36,275.64,16190.0,461157093.0
2024-08-08,201.38,202.51,204.31,196.61,16298.0,328120735.0
2024-08-09,201.3,202.84,207.14,201.3,16554.0,336323343.0
2024-08-12,204.8,212.58,215.11,199.01,28933.0,608738558.0
2024-08-13,214.0,213.0,217.57,208.32,19761.0,419385841.0
2024-08-14,213.0,214.17,215.67,206.51,18720.0,396604856.0
2024-08-15,214.17,205.95,214.17,205.23,19986.0,416295891.0
2024-08-16,206.0,209.0,210.45,204.95,15287.0,318164037.0
2024-08-19,208.5,198.91,208.5,193.0,41282.0,821911733.0
2024-08-20,199.0,199.88,200.91,196.5,17694.0,351451272.0
2024-08-21,199.87,201.93,203.0,197.02,14254.0,285936606.0
2024-08-22,202.9,204.1,205.39,200.25,13442.0,273814374.0
2024-08-23,204.21,217.38,218.85,203.0,30398.0,649680668.0
2024-08-26,219.0,222.48,225.45,216.3,24169.0,534830659.0
2024-08-27,225.0,224.15,226.98,218.31,16413.0,366502190.0
2024-08-28,222.5,225.0,226.97,219.34,12004.0,267957862.0
2024-08-29,219.0,219.98,222.78,212.66,17326.0,379142571.0
2024-08-30,215.0,226.4,229.85,214.6,26817.0,601899244.0
2024-09-02,228.4,218.89,231.95,218.8,20961.0,469862732.0
2024-09-03,218.99,230.0,231.45,217.12,24564.0,560017148.0
2024-09-04,226.09,232.8,237.99,226.07,21917.0,512050527.0
2024-09-05,233.0,238.98,239.59,230.64,14409.0,340232341.0
2024-09-06,238.95,233.5,244.48,233.48,16053.0,381893683.0
2024-09-09,233.0,229.88,236.34,224.11,21087.0,481824959.0
2024-09-10,226.8,227.52,231.5,226.59,10468.0,238863705.0
2024-09-11,227.6,237.44,237.88,225.0,17989.0,421223377.0
2024-09-12,238.0,238.3,242.08,234.25,16254.0,386707724.0
2024-09-13,237.28,237.03,244.0,235.58,21483.0,515737751.0
2024-09-18,236.44,245.17,247.46,234.24,14958.0,363645000.0
2024-09-19,245.0,238.2,250.88,237.33,25187.0,612210413.0
2024-09-20,236.99,236.36,238.29,230.5,22223.0,521183108.0
2024-09-23,237.0,233.69,243.88,231.5,21490.0,508088856.0
2024-09-24,235.3,238.88,242.0,226.77,30796.0,722224255.0
2024-09-25,240.0,217.98,241.88,217.01,67519.0,1534498448.0
2024-09-26,217.8,219.81,220.66,207.14,52586.0,1124041678.0
2024-09-27,223.95,231.6,239.88,220.14,40394.0,942483219.0
2024-09-30,247.83,277.92,277.92,242.73,89511.0,2338933001.0
2024-10-08,333.5,315.0,333.5,282.3,146523.0,4464632891.0
2024-10-09,300.0,268.38,300.0,258.79,116791.0,3243129420.0
2024-10-10,273.0,267.17,280.93,262.13,61814.0,1679427137.0
2024-10-11,270.0,251.9,270.0,251.3,43020.0,1105770385.0
2024-10-14,255.0,262.39,265.98,248.51,47298.0,1219091760.0
2024-10-15,262.0,256.37,267.0,256.37,40737.0,1064612760.0
2024-10-16,250.78,248.54,254.85,247.55,36017.0,903201659.0
2024-10-17,250.0,244.6,259.5,244.0,39761.0,999376606.0
2024-10-18,247.47,263.8,273.98,246.0,80397.0,2101317281.0
2024-10-21,269.3,276.0,279.98,265.11,71106.0,1941211958.0
2024-10-22,278.63,268.49,278.73,268.0,46223.0,1255054786.0
2024-10-23,268.5,264.49,270.07,263.5,27384.0,727821421.0
2024-10-24,261.02,260.58,263.96,259.21,19528.0,508516767.0
2024-10-25,259.0,266.01,269.95,257.0,32136.0,849543509.0
2024-10-28,266.7,276.79,280.59,264.0,41493.0,1135256230.0
2024-10-29,276.81,270.0,282.57,269.52,42211.0,1165008264.0
2024-10-30,268.98,264.79,276.33,263.41,31963.0,854305247.0
2024-10-31,238.8,235.6,240.0,211.83,143375.0,3208596561.0
2024-11-01,225.25,224.44,230.49,223.72,62483.0,1416603722.0
2024-11-04,226.42,232.65,237.98,224.0,42787.0,996102173.0
2024-11-05,232.65,233.22,236.88,226.22,49240.0,1140058707.0
2024-11-06,233.18,228.27,240.99,226.0,52563.0,1228024528.0
2024-11-07,223.3,220.0,227.0,218.42,94418.0,2088279886.0
2024-11-08,222.14,218.91,225.54,216.55,65985.0,1459041194.0
2024-11-11,216.51,223.0,223.4,214.5,63576.0,1396219040.0
2024-11-12,226.0,223.08,226.5,222.0,45720.0,1026887341.0
2024-11-13,222.0,230.96,232.0,221.81,49514.0,1126742382.0
2024-11-14,231.0,226.9,232.96,226.6,33843.0,775206744.0
2024-11-15,224.0,218.95,226.0,218.88,28952.0,642163640.0
2024-11-18,220.0,217.78,220.99,214.23,22050.0,478649354.0
2024-11-19,217.5,218.72,219.95,213.66,25194.0,545507894.0
2024-11-20,218.0,215.93,218.0,215.3,22994.0,497082863.0
2024-11-21,215.97,213.07,216.11,212.66,24879.0,531534334.0
2024-11-22,213.25,203.52,215.34,202.58,34056.0,710925326.0
2024-11-25,204.0,196.41,204.82,193.8,37106.0,732214301.0
2024-11-26,196.0,197.5,199.99,193.88,19162.0,379951150.0
2024-11-27,197.64,208.84,210.0,194.02,45608.0,937493220.0
2024-11-28,208.6,205.5,209.5,204.61,26229.0,542655996.0
2024-11-29,204.66,214.5,215.49,204.5,44860.0,952207994.0
2024-12-02,218.79,222.51,222.6,214.0,46494.0,1018593091.0
2024-12-03,219.85,222.54,224.56,219.01,21815.0,483672047.0
2024-12-04,221.61,217.8,222.2,215.51,27945.0,608653599.0
2024-12-05,216.05,218.11,220.7,216.03,17873.0,390546397.0
2024-12-06,218.0,226.0,229.0,217.3,35402.0,801360177.0
2024-12-09,225.0,226.51,229.62,221.6,25404.0,574454564.0
2024-12-10,236.1,231.64,236.71,228.5,41374.0,960445385.0
2024-12-11,231.63,224.51,232.52,223.2,35811.0,817090891.0
2024-12-12,225.0,223.12,226.83,220.52,41975.0,938354384.0
2024-12-13,220.5,223.12,226.73,218.18,89351.0,1983598672.0
2024-12-16,220.8,222.94,225.5,216.6,37676.0,831960863.0
2024-12-17,220.99,224.31,229.66,220.88,29865.0,677864709.0
2024-12-18,224.27,221.38,224.93,217.88,23288.0,513592156.0
2024-12-19,218.01,218.22,219.82,216.29,21504.0,468185134.0
2024-12-20,219.2,216.02,220.44,216.02,23616.0,514283168.0
2024-12-23,216.9,215.4,219.39,212.46,26915.0,580736780.0
2024-12-24,215.12,215.96,219.19,214.67,16634.0,360238030.0
2024-12-25,215.99,212.66,215.99,210.0,21880.0,465640516.0
2024-12-26,212.0,210.0,213.87,209.7,18898.0,399790647.0
2024-12-27,209.07,211.02,213.42,207.19,25174.0,529341160.0
2024-12-30,211.02,222.68,224.3,211.02,45502.0,1003832132.0
2024-12-31,222.8,219.29,225.0,218.5,28250.0,625735273.0
2025-01-02,219.3,220.3,228.95,216.13,38371.0,854515505.0
2025-01-03,221.3,226.12,230.88,221.3,45066.0,1025794511.0
2025-01-06,228.9,235.19,237.96,222.75,52244.0,1214222071.0
2025-01-07,235.0,234.18,245.0,230.38,50815.0,1209062356.0
2025-01-08,231.8,240.91,243.0,231.25,38092.0,905861754.0
2025-01-09,239.86,235.28,239.86,234.51,26071.0,616199938.0
2025-01-10,233.98,223.8,233.98,223.6,30685.0,698021432.0
2025-01-13,223.9,219.99,227.57,218.98,23290.0,518061681.0
2025-01-14,220.0,226.5,226.88,218.0,28030.0,626036342.0
2025-01-15,226.0,224.03,229.87,222.5,23053.0,521118282.0
2025-01-16,226.0,237.3,239.92,224.12,41479.0,977016849.0
2025-01-17,235.72,237.1,240.5,232.63,24333.0,575833714.0
2025-01-20,238.83,235.0,240.93,233.85,22692.0,538812478.0
2025-01-21,236.0,238.66,239.73,232.5,25585.0,604033872.0
2025-01-22,236.28,235.22,238.66,228.07,26845.0,625140111.0
2025-01-23,235.51,229.18,237.93,228.51,28143.0,655575427.0
2025-01-24,228.0,227.78,229.92,223.12,27207.0,614608808.0
2025-01-27,228.21,228.79,234.81,226.03,27394.0,633032431.0
2025-02-05,232.01,223.55,232.19,215.81,39211.0,865801931.0
2025-02-06,221.0,234.76,236.49,221.0,42468.0,978732051.0
2025-02-07,234.76,237.03,240.67,232.17,37028.0,879670042.0
2025-02-10,237.9,239.1,243.88,236.56,27631.0,661002380.0
2025-02-11,240.0,239.18,244.5,237.5,28542.0,688167781.0
2025-02-12,237.0,236.32,244.38,234.25,30542.0,725897383.0
2025-02-13,235.96,244.95,249.8,234.86,50071.0,1226490672.0
2025-02-14,243.27,256.6,263.0,243.1,51473.0,1306149434.0
2025-02-17,260.0,254.12,260.01,248.5,39197.0,990860144.0
2025-02-18,252.0,245.3,255.73,244.8,44426.0,1110563862.0
2025-02-19,244.55,248.03,251.2,243.01,43208.0,1068128042.0
2025-02-20,248.08,252.23,254.88,245.17,33786.0,849458901.0
2025-02-21,253.51,269.39,272.42,245.35,65959.0,1704588308.0
2025-02-24,268.93,265.59,270.31,259.11,39637.0,1052263941.0
2025-02-25,260.5,260.1,265.6,259.73,33146.0,867429790.0
2025-02-26,260.1,260.22,265.99,257.01,44129.0,1152736065.0
2025-02-27,260.99,254.28,264.43,251.21,38394.0,988697384.0
2025-02-28,245.0,239.0,247.0,235.02,52235.0,1261906079.0
2025-03-03,240.0,234.76,243.5,232.94,41879.0,994339552.0
2025-03-04,234.06,235.62,236.84,233.08,26203.0,616147926.0
2025-03-05,234.99,234.8,236.5,233.12,23927.0,562244475.0
2025-03-06,236.9,245.98,245.98,233.28,45486.0,1089214297.0
2025-03-07,245.0,242.86,245.56,241.51,25584.0,622328009.0
2025-03-10,242.88,245.82,246.07,239.05,26980.0,655536882.0
2025-03-11,242.86,242.22,245.72,237.7,24664.0,593715618.0
2025-03-12,242.0,237.84,243.68,237.51,28518.0,683358161.0
2025-03-13,237.0,240.9,242.5,236.65,29424.0,705562044.0
2025-03-14,240.89,247.2,247.5,239.35,31638.0,772822076.0
2025-03-17,249.0,248.35,251.6,246.14,22267.0,554237799.0
2025-03-18,250.25,255.25,255.54,249.0,26160.0,660785892.0
2025-03-19,254.0,257.95,264.0,253.2,31754.0,825336597.0
2025-03-20,258.0,249.78,260.45,249.31,25951.0,659133312.0
2025-03-21,256.0,250.0,264.77,249.5,40099.0,1025831309.0
2025-03-24,250.05,254.8,256.75,248.4,25024.0,633631378.0
2025-03-25,253.5,251.22,254.78,248.8,20177.0,506538463.0
2025-03-26,250.7,244.6,252.33,244.5,21683.0,534798227.0
2025-03-27,244.6,249.51,254.85,243.18,22503.0,561147652.0
2025-03-28,248.2,246.26,249.9,245.42,14932.0,369097662.0
2025-03-31,245.52,243.18,248.4,241.6,18407.0,450688637.0
2025-04-01,243.51,245.32,246.4,241.52,11778.0,288282583.0
2025-04-02,244.75,247.4,248.4,240.71,13195.0,323378943.0
2025-04-03,238.0,226.03,239.0,218.26,70546.0,1602812443.0
2025-04-07,201.69,188.07,211.66,180.82,69762.0,1350908096.0
2025-04-08,188.49,184.52,193.0,178.67,54265.0,1001091342.0
2025-04-09,176.3,186.81,187.2,173.0,55243.0,1004618020.0
2025-04-10,198.88,195.0,203.0,190.66,51901.0,1020494568.0
2025-04-11,192.0,190.8,192.99,185.32,48436.0,913740878.0
2025-04-14,193.0,188.98,193.99,187.8,31312.0,597721542.0
2025-04-15,188.97,185.5,189.4,182.7,32381.0,598001070.0
2025-04-16,185.89,183.6,185.89,181.13,23503.0,429072171.0
2025-04-17,181.07,183.79,184.96,181.01,20374.0,374381723.0
2025-04-18,183.8,181.9,184.5,180.09,17414.0,316356042.0
2025-04-21,181.91,184.49,185.4,179.8,22134.0,405280721.0
2025-04-22,184.83,185.0,188.31,183.11,20463.0,380357484.0
2025-04-23,190.11,187.8,192.18,187.11,28830.0,545606186.0
2025-04-24,186.98,188.47,192.2,186.98,24358.0,462153631.0
2025-04-25,189.03,191.28,194.77,189.0,26760.0,515610039.0
2025-04-28,192.0,188.0,192.07,187.31,16450.0,310194439.0
2025-04-29,188.88,185.47,188.88,183.78,15708.0,293020891.0
2025-04-30,181.0,193.48,193.54,180.0,48773.0,921473130.0
2025-05-06,193.05,197.0,199.0,190.01,24800.0,487040878.0
2025-05-07,203.88,200.08,206.0,198.11,30641.0,618197823.0
2025-05-08,199.71,204.4,205.3,199.01,21571.0,439314927.0
2025-05-09,203.54,203.4,205.5,201.41,13599.0,276411675.0
2025-05-12,206.88,217.67,218.19,206.88,35049.0,742038323.0
2025-05-13,221.2,213.99,222.0,212.0,26514.0,571463904.0
2025-05-14,213.0,218.5,219.99,210.87,25867.0,562005289.0
2025-05-15,217.48,220.68,220.78,214.2,22665.0,494390032.0
2025-05-16,219.68,218.0,220.8,216.28,18504.0,404895670.0
2025-05-19,216.69,219.79,221.96,213.02,16379.0,356143940.0
2025-05-20,219.0,230.47,232.61,218.9,30132.0,685010662.0
2025-05-21,225.8,229.35,237.48,225.46,29181.0,677399339.0
2025-05-22,228.23,237.6,238.0,227.28,30015.0,707612247.0
2025-05-23,236.3,243.01,243.5,235.02,29025.0,701162795.0
2025-05-26,242.1,232.5,243.0,230.49,29274.0,689423559.0
2025-05-27,233.01,229.79,234.5,229.02,14405.0,332207388.0
2025-05-28,230.73,236.96,238.5,229.02,20944.0,491245464.0
2025-05-29,236.19,227.64,238.1,226.03,21992.0,506052217.0
2025-05-30,227.64,227.48,230.8,226.12,13232.0,302917314.0
2025-06-03,225.4,228.0,228.84,224.11,18534.0,418749299.0
2025-06-04,228.5,229.39,230.23,226.0,8693.0,199094588.0
2025-06-05,229.43,221.37,230.0,221.0,25110.0,560217845.0
2025-06-06,221.4,222.7,223.4,219.22,10158.0,225503379.0
2025-06-09,222.8,220.25,222.8,216.5,17651.0,387570412.0
2025-06-10,220.23,218.33,223.55,218.18,13064.0,288074031.0
2025-06-11,218.6,217.85,221.76,217.55,12836.0,281071494.0
2025-06-12,217.01,216.08,219.5,215.68,12562.0,272687176.0
2025-06-13,215.01,212.85,216.0,211.5,22176.0,472982644.0
2025-06-16,212.5,213.12,215.42,209.41,13278.0,282160705.0
2025-06-17,213.69,211.75,215.4,210.02,11313.0,240512484.0
2025-06-18,211.21,208.95,212.68,208.3,11154.0,233951799.0
2025-06-19,208.1,208.5,212.0,207.0,12315.0,257807536.0
2025-06-20,208.34,208.54,209.99,205.41,16151.0,335210097.0
2025-06-23,207.15,201.0,208.5,200.08,35114.0,711660911.0
2025-06-24,143.7,143.75,146.44,142.89,37745.0,544426851.0
2025-06-25,144.0,152.8,153.38,144.0,50113.0,751976761.0
2025-06-26,153.0,158.4,160.58,153.0,55279.0,874644026.0
2025-06-27,158.4,156.18,159.88,155.34,23312.0,366340682.0
2025-06-30,156.66,156.55,158.49,155.11,21917.0,342950168.0
2025-07-01,156.28,154.64,157.3,153.77,25454.0,395566389.0
2025-07-02,154.2,155.68,157.8,154.06,23212.0,362948143.0
2025-07-03,155.6,158.44,161.19,155.6,22397.0,355734739.0
2025-07-04,157.96,156.18,158.4,154.5,21331.0,334152271.0
2025-07-07,156.0,153.6,156.18,152.12,15127.0,232657313.0
2025-07-08,153.6,153.95,155.39,153.1,16806.0,258883475.0
2025-07-09,155.15,150.0,155.15,149.48,36492.0,551370236.0
2025-07-10,150.0,148.78,151.02,148.2,25070.0,373649421.0
2025-07-11,148.86,148.61,151.36,148.02,30780.0,460573059.0
2025-07-14,151.28,162.89,166.47,151.28,90412.0,1447437594.0
2025-07-15,162.15,163.7,164.5,161.11,49351.0,806971549.0
2025-07-16,163.69,161.22,165.8,160.7,31346.0,508996262.0
2025-07-17,161.41,166.8,168.77,161.01,45701.0,760435227.0
2025-07-18,167.49,163.08,168.88,163.0,28163.0,462829835.0
2025-07-21,162.8,160.26,163.5,159.12,26948.0,431678633.0
2025-07-22,160.62,159.82,160.97,158.42,26149.0,417046058.0
2025-07-23,159.82,162.21,164.87,159.81,35845.0,584354554.0
2025-07-24,162.3,161.3,162.65,159.78,27606.0,443552540.0
2025-07-25,160.9,166.0,167.49,160.66,45634.0,748966653.0
2025-07-28,166.37,168.92,172.5,166.01,50136.0,852872092.0
2025-07-29,168.75,179.87,181.88,168.1,66998.0,1180856324.0
2025-07-30,177.53,176.8,179.6,175.7,32293.0,573518837.0
2025-07-31,175.96,173.36,179.79,172.6,37654.0,661022669.0
2025-08-01,173.8,172.4,176.97,170.52,26597.0,460056716.0
2025-08-04,171.13,178.27,180.0,170.72,40385.0,716968078.0
2025-08-05,178.35,179.1,185.0,178.27,37357.0,675325941.0
2025-08-06,179.35,178.46,180.6,177.11,26395.0,470840043.0
2025-08-07,179.0,177.26,179.97,176.17,24620.0,437520852.0
2025-08-08,178.28,177.02,179.24,176.64,20129.0,358080859.0
2025-08-11,178.5,178.1,179.9,175.59,21166.0,376700113.0
2025-08-12,178.0,181.38,187.78,177.08,48972.0,901510770.0
2025-08-13,181.81,179.34,184.38,178.1,38348.0,693997238.0
2025-08-14,178.36,175.86,179.34,175.0,39024.0,690270578.0
2025-08-15,176.48,182.95,183.6,176.48,48844.0,880979502.0
2025-08-18,197.58,209.04,211.5,194.21,116607.0,2387591664.0
2025-08-19,208.0,206.7,208.21,200.88,66622.0,1368600259.0
2025-08-20,204.3,204.1,207.7,200.6,47493.0,966281407.0
2025-08-21,204.39,207.48,210.67,203.68,51589.0,1072576115.0
2025-08-22,206.53,212.39,214.41,204.17,75046.0,1565058558.0
2025-08-25,215.0,211.78,218.42,208.5,62416.0,1335460045.0
2025-08-26,212.68,208.5,214.99,207.74,42986.0,905024575.0
2025-08-27,208.81,212.36,222.1,208.0,69193.0,1507207113.0
2025-08-28,213.0,211.15,217.75,205.5,61190.0,1289738805.0
2025-08-29,211.0,214.89,217.49,210.02,42513.0,909992579.0
2025-09-01,213.9,212.0,219.8,209.3,49883.0,1064454630.0
2025-09-02,210.0,207.89,213.87,205.12,39270.0,820135231.0
2025-09-03,208.95,208.96,215.0,206.03,32022.0,673178041.0
2025-09-04,208.23,202.9,208.23,196.02,59493.0,1198804184.0
2025-09-05,205.0,210.0,210.88,202.53,42273.0,873784215.0
2025-09-08,209.7,208.81,213.88,207.45,46080.0,967667686.0
2025-09-09,209.44,206.28,212.0,205.03,28934.0,601071433.0
2025-09-10,206.16,206.1,207.88,204.13,23459.0,482793032.0
2025-09-11,205.78,201.5,206.5,197.51,56372.0,1130400553.0
2025-09-12,202.41,197.0,204.66,197.0,47728.0,956775698.0
2025-09-15,198.68,202.68,206.49,195.17,44318.0,891363376.0
2025-09-16,202.9,204.14,205.02,200.5,39039.0,790974427.0
2025-09-17,206.0,218.0,219.53,205.5,59099.0,1270565701.0
2025-09-18,217.83,212.43,219.09,209.51,51271.0,1103656743.0
2025-09-19,212.43,211.49,216.0,210.5,28748.0,613230739.0
2025-09-22,208.96,200.22,210.5,195.0,77283.0,1541900840.0
2025-09-23,200.64,200.35,203.0,196.1,42313.0,841806636.0
2025-09-24,198.66,201.2,204.17,198.01,39056.0,788853792.0
2025-09-25,202.44,210.25,214.9,201.04,48019.0,1007617520.0
2025-09-26,209.27,208.61,211.34,207.43,30809.0,645157981.0
2025-09-29,208.65,209.23,212.4,205.83,34838.0,726481663.0
2025-09-30,208.19,209.78,211.8,207.31,27515.0,576286870.0
2025-10-09,210.23,202.8,212.0,199.86,50792.0,1031007205.0
2025-10-10,202.75,197.79,205.8,197.02,43664.0,881191377.0
2025-10-13,191.0,187.5,192.0,183.1,60861.0,1138272954.0
2025-10-14,190.06,183.59,191.15,183.02,47916.0,888980424.0
2025-10-15,183.16,184.38,185.98,180.79,34386.0,630402120.0
2025-10-16,184.0,179.0,185.53,178.31,40913.0,739054745.0
2025-10-17,179.07,173.0,180.5,172.56,35962.0,632111526.0
2025-10-20,175.0,176.3,180.92,174.58,37247.0,660757102.0
2025-10-21,177.54,179.08,182.99,176.0,39525.0,710175765.0
2025-10-22,178.88,183.36,184.55,177.52,35603.0,651686066.0
2025-10-23,183.57,183.8,184.64,180.13,31305.0,573461055.0
2025-10-24,184.92,186.4,187.77,183.0,32107.0,596143006.0
2025-10-27,188.98,185.01,191.5,183.5,32451.0,605479149.0
2025-10-28,185.55,185.45,187.0,184.02,22822.0,423151739.0
2025-10-29,185.24,188.35,189.2,181.86,27113.0,502429826.0
2025-10-30,188.6,185.77,190.53,184.8,25676.0,480473336.0
2025-10-31,172.0,163.4,172.0,158.32,119048.0,1937467556.0
2025-11-03,163.38,156.97,164.21,154.11,88148.0,1379078893.0
2025-11-04,156.75,155.0,157.3,153.7,38994.0,605030701.0
2025-11-05,153.01,156.5,159.49,153.01,34031.0,535024626.0
2025-11-06,157.01,158.25,159.15,155.71,30745.0,484643603.0
2025-11-07,158.05,154.49,158.99,153.8,37049.0,577438035.0
2025-11-10,154.5,157.26,157.64,153.0,39119.0,609170201.0
2025-11-11,157.26,158.67,159.8,154.33,40381.0,636170585.0
2025-11-12,158.5,159.15,160.99,157.61,32317.0,515247165.0
2025-11-13,159.45,161.81,165.31,159.45,32677.0,532595349.0
2025-11-14,161.83,163.42,164.86,161.17,25835.0,422935429.0
2025-11-17,162.1,159.51,163.1,156.49,32359.0,513564738.0
2025-11-18,158.0,158.44,159.51,156.89,24934.0,393736914.0
2025-11-19,158.18,158.93,159.6,157.02,21007.0,331997452.0
2025-11-20,158.89,160.73,162.2,158.56,20724.0,333041768.0
2025-11-21,160.44,159.2,162.0,158.22,26895.0,431008790.0
2025-11-24,160.22,155.61,160.76,154.06,26974.0,420915774.0
2025-11-25,156.6,156.22,157.99,154.32,20513.0,321564581.0
2025-11-26,156.22,154.25,156.88,153.6,26922.0,415938024.0
2025-11-27,155.0,153.3,155.66,152.51,29502.0,454211698.0
2025-11-28,153.44,152.18,154.2,151.36,35940.0,546662619.0
2025-12-01,149.31,152.79,153.22,149.31,30317.0,460252767.0
2025-12-02,152.29,154.07,155.49,151.29,26473.0,408320747.0
2025-12-03,154.0,160.46,162.95,153.19,50959.0,814448894.0
2025-12-04,161.98,159.7,163.5,158.5,29464.0,472767183.0
2025-12-05,159.0,162.23,163.18,158.03,25704.0,413445202.0
2025-12-08,162.01,157.05,162.99,156.49,41275.0,651079391.0
2025-12-09,156.91,154.8,158.2,154.42,24343.0,379204844.0
2025-12-10,154.1,157.58,158.38,152.59,30699.0,479120698.0
2025-12-11,157.65,153.63,157.65,153.5,31724.0,492354994.0
2025-12-12,153.63,157.61,158.28,153.02,51262.0,803347624.0
2025-12-15,156.05,152.68,157.48,152.44,39510.0,607714033.0
2025-12-16,152.05,152.25,154.82,151.53,23554.0,360732308.0
2025-12-17,153.0,155.64,156.07,150.68,31073.0,478342297.0
2025-12-18,154.69,155.25,156.66,154.18,20734.0,322755401.0
2025-12-19,155.25,157.22,158.5,154.18,24370.0,383291971.0
2025-12-22,157.98,154.75,157.98,154.0,32412.0,502563729.0
2025-12-23,154.06,152.59,154.99,152.0,25720.0,393166617.0
2025-12-24,152.3,152.8,153.0,151.12,23833.0,362113139.0
2025-12-25,152.5,153.88,154.8,152.3,27225.0,418937228.0
2025-12-26,154.0,154.0,154.67,153.06,23534.0,362132426.0
2025-12-29,154.05,151.9,157.32,151.5,49680.0,766353076.0
2025-12-30,151.48,151.81,152.66,150.28,38968.0,589598092.0
2025-12-31,152.74,152.06,156.68,151.65,44657.0,689308823.0
2026-01-05,152.57,156.2,157.5,152.57,52215.0,810407294.0
2026-01-06,156.29,161.29,161.49,155.92,63896.0,1016096584.0
2026-01-07,161.41,158.5,165.21,157.01,52848.0,846586490.0
2026-01-08,158.5,159.9,161.2,155.41,49076.0,779357720.0
2026-01-09,159.9,163.49,163.69,159.19,49299.0,799075583.0
2026-01-12,164.0,162.62,164.5,159.15,80342.0,1295736414.0
2026-01-13,163.5,158.53,164.8,157.69,70206.0,1125353362.0
2026-01-14,158.53,160.2,163.85,158.12,71660.0,1154344285.0
2026-01-15,159.05,156.19,159.86,155.55,59456.0,935657393.0
2026-01-16,156.87,155.01,158.23,154.6,62717.0,979008789.0
2026-01-19,154.0,156.4,158.2,153.2,58040.0,908973123.0
2026-01-20,156.2,152.33,156.99,151.85,52728.0,811909710.0
2026-01-21,151.86,152.96,153.87,149.1,64314.0,973629411.0
2026-01-22,153.0,149.7,153.5,149.51,55267.0,832146354.0
2026-01-23,150.23,151.23,151.66,149.7,45473.0,686005436.0
2026-01-26,151.23,147.93,151.69,147.9,65811.0,982196981.0
2026-01-27,148.44,148.35,149.39,144.02,54905.0,803809738.0
2026-01-28,148.0,144.49,148.3,144.3,51432.0,747100410.0
2026-01-29,144.44,144.9,146.0,142.85,38979.0,563999392.0
2026-01-30,145.57,142.61,145.59,142.58,33251.0,476983141.0
2026-02-02,142.05,143.0,145.5,142.03,35725.0,515167693.0
2026-02-03,143.92,145.1,145.5,141.51,34120.0,490363827.0
2026-02-04,144.82,147.32,147.99,144.52,33136.0,486393824.0
2026-02-05,147.53,151.81,153.3,146.84,62981.0,952543822.0
2026-02-06,151.25,151.31,152.88,149.4,32182.0,488121543.0
2026-02-09,152.47,151.74,152.77,150.63,26918.0,408690779.0
2026-02-10,151.23,152.29,152.99,151.0,25037.0,381143741.0
2026-02-11,151.77,152.07,153.7,151.6,20847.0,318798394.0
2026-02-12,152.0,148.7,152.91,147.61,35272.0,525446897.0
2026-02-13,148.4,148.2,149.86,148.01,20942.0,311687145.0
2026-02-24,150.4,151.32,152.33,149.3,34960.0,528638568.0
2026-02-25,152.0,150.71,153.2,150.62,22856.0,346229017.0
2026-02-26,150.78,145.3,151.38,145.2,43968.0,645864595.0
2026-02-27,145.21,143.09,145.97,142.6,35800.0,515010073.0
2026-03-02,141.66,138.72,141.66,138.0,42370.0,591238160.0
2026-03-03,139.36,135.14,141.37,135.09,41763.0,575033305.0
2026-03-04,134.0,133.03,135.19,132.77,27385.0,365884528.0
2026-03-05,135.09,133.82,135.47,133.08,24361.0,326158675.0
2026-03-06,133.08,134.63,135.08,132.77,22928.0,307737782.0
2026-03-09,133.02,131.2,133.03,128.5,37689.0,492081803.0
2026-03-10,132.8,133.72,134.4,132.13,25911.0,345664250.0
2026-03-11,133.72,134.5,135.67,133.21,23645.0,317972729.0
2026-03-12,134.39,134.38,135.8,133.13,38080.0,510640914.0
2026-03-13,133.67,132.77,133.79,129.51,60295.0,791496440.0
2026-03-16,130.37,128.77,131.42,127.6,59992.0,771558448.0
2026-03-17,128.61,129.38,130.15,128.6,28353.0,367068054.0
2026-03-18,129.0,127.79,129.48,127.31,25990.0,332479189.0
2026-03-19,125.9,126.05,127.08,124.77,34273.0,431114671.0
2026-03-20,126.12,125.68,128.11,125.41,25096.0,317688810.0
2026-03-23,124.02,122.12,124.21,119.4,50739.0,616948739.0
2026-03-24,122.61,123.12,123.5,121.37,26724.0,327268750.0
2026-03-25,123.36,124.88,125.2,123.0,22179.0,275908075.0
2026-03-26,125.11,122.5,125.79,122.11,17320.0,214319363.0
2026-03-27,121.4,123.24,123.86,121.1,19620.0,241193352.0
2026-03-30,122.0,121.71,123.86,121.26,23644.0,288906125.0
2026-03-31,122.0,119.98,123.0,119.8,23074.0,279313841.0
2026-04-01,121.3,120.56,121.88,119.81,27809.0,335993450.0
2026-04-02,120.14,118.7,120.48,118.3,21412.0,255246380.0
2026-04-03,119.18,114.8,119.18,114.42,35655.0,412702156.0
2026-04-07,114.58,114.1,115.62,113.65,26486.0,303113293.0
2026-04-08,117.6,118.83,118.89,115.88,37874.0,446004621.0
2026-04-09,117.89,114.0,117.89,113.98,43708.0,504518417.0
2026-04-10,114.8,115.96,117.67,114.76,35124.0,409743183.0
2026-04-13,115.2,112.89,115.55,112.32,45909.0,520436067.0
2026-04-14,113.98,113.42,114.98,112.15,42969.0,484659719.0
2026-04-15,113.42,113.62,115.74,113.2,40908.0,468030196.0
2026-04-16,113.62,111.95,114.77,110.0,80980.0,905037845.0
2026-04-17,111.33,111.27,113.49,110.3,45985.0,514017394.0
2026-04-20,111.27,120.21,122.34,111.0,115790.0,1356595154.0
2026-04-21,120.21,118.55,120.3,116.45,57595.0,680739512.0
2026-04-22,117.7,116.76,118.02,115.62,46135.0,537120711.0
2026-04-23,122.92,118.14,124.88,117.84,106207.0,1283734303.0
2026-04-24,118.11,115.43,118.11,113.4,80969.0,930798533.0
2026-04-27,115.5,118.68,120.82,115.5,71023.0,842924889.0
2026-04-28,118.5,117.17,119.89,116.86,54927.0,650344309.0
2026-04-29,117.58,117.86,118.2,116.52,44440.0,522356337.0
2026-04-30,117.11,115.8,118.68,115.28,56636.0,660770065.0
2026-05-06,116.55,116.73,117.53,114.55,63742.0,740465615.0
2026-05-07,117.49,118.1,119.3,116.52,67612.0,797800243.0
2026-05-08,118.85,120.87,121.25,117.17,87948.0,1053837840.0
2026-05-11,120.88,119.38,120.88,118.0,79059.0,939954810.0
2026-05-12,119.8,115.12,119.98,115.0,78702.0,916594243.0
2026-05-13,115.0,120.0,121.46,113.91,100845.0,1184734516.0
2026-05-14,119.99,116.41,120.82,116.31,67398.0,795449085.0
2026-05-15,116.79,122.12,124.98,115.4,140699.0,1710145375.0
2026-05-18,122.0,128.45,129.44,121.03,147780.0,1854797574.0
2026-05-19,128.61,127.8,133.33,127.13,126577.0,1642737705.0
2026-05-20,126.5,128.25,130.44,125.13,85651.0,1097351262.0
2026-05-21,128.0,130.17,134.48,127.17,123680.0,1619188873.0
2026-05-22,131.5,126.82,131.6,125.88,97488.0,1251018843.0
2026-05-25,125.8,125.08,126.71,123.96,74607.0,933480507.0
2026-05-26,125.08,121.95,127.91,121.29,82401.0,1022877010.0
2026-05-27,121.6,117.0,122.2,117.0,86087.0,1024514772.0
2026-05-28,117.01,112.0,117.32,110.03,91904.0,1032965796.0
2026-05-29,111.33,102.54,112.0,102.54,107694.0,1144542691.0
2026-06-01,103.69,107.98,109.72,103.69,95328.0,1024188557.0
2026-06-02,107.98,106.03,108.77,103.8,54600.0,575934477.0
2026-06-03,106.08,104.87,107.14,103.8,61372.0,646708774.0
2026-06-04,103.88,104.2,105.96,103.28,42532.0,444668574.0
2026-06-05,104.21,108.68,110.98,102.68,87359.0,934361214.0
2026-06-08,106.9,112.8,115.29,106.5,110306.0,1236406256.0
2026-06-09,113.02,111.07,114.0,109.8,55132.0,612003058.0
2026-06-10,109.9,105.28,111.07,105.13,63074.0,674914256.0
2026-06-11,103.82,100.24,105.64,98.81,94271.0,956166944.0
2026-06-12,101.0,101.99,101.99,98.43,125632.0,1256684954.0
2026-06-15,100.85,102.6,104.5,100.68,79240.0,809883812.0
2026-06-16,102.47,100.4,102.47,99.8,64536.0,650610994.0
2026-06-17,99.98,97.51,100.58,96.8,82794.0,810892512.0
2026-06-18,97.51,97.27,99.92,95.93,67737.0,663052380.0
2026-06-22,97.04,98.47,98.67,93.86,89471.0,857949276.0
2026-06-23,96.989998,94.43,97.849998,93.940002,60183.89,580198720.0
2026-06-24,94.360001,91.959999,95.309998,91.75,72032.34,671725056.0
2026-06-25,91.489998,95.410004,97.139999,91.410004,89218.24,848294592.0
2026-06-26,94.480003,91.059998,95.410004,91.059998,64937.37,606927872.0
2026-06-29,90.480003,93.019997,94.120003,89.0,66790.35,618010176.0
2026-06-30,93.169998,94.440002,94.669998,92.470001,50951.68,480522112.0
2026-07-01,94.440002,95.339996,96.970001,92.349998,61298.53,583910400.0
2026-07-02,95.599998,94.82,97.459999,94.589996,67060.72,645544768.0
2026-07-03,95.459999,99.07,100.269997,94.980003,101894.99,1003606144.0
2026-07-06,98.470001,96.959999,98.970001,96.43,67819.81,662876608.0
2026-07-07,96.959999,95.75,98.349998,95.470001,56904.42,554434112.0
2026-07-08,95.470001,95.660004,97.389999,94.169998,50770.85,488410432.0
2026-07-09,94.970001,96.519997,96.839996,94.489998,54995.16,529975712.0
2026-07-10,96.209999,99.489998,101.050003,95.169998,77279.41,768385024.0
2026-07-13,98.769997,98.57,99.550003,97.650002,57290.5,567847104.0
2026-07-14,98.480003,99.169998,101.75,97.57,56186.56,561438848.0
2026-07-15,98.459999,102.389999,104.339996,97.550003,76565.18,778553856.0
2026-07-16,101.470001,105.470001,106.900002,101.050003,109516.38,1152925056.0
2026-07-17,105.470001,98.639999,105.470001,98.150002,97802.92,993697408.0
2026-07-20,99.129997,101.669998,103.879997,96.540001,97404.28,973192128.0
2026-07-21,100.980003,103.290001,106.959999,100.980003,104886.38,1097641472.0
2026-07-22,102.32,100.800003,102.919998,99.419998,66112.42,665235840.0
2026-07-23,99.760002,100.339996,101.199997,99.230003,35770.19,358776704.0
2026-07-24,99.300003,97.059998,99.860001,96.830002,37505.57,368480064.0
2026-07-27,97.07,102.360001,102.849998,96.660004,59925.78,605488320.0
2026-07-28,101.690002,105.07,105.980003,101.099998,73080.2,761514944.0
2026-07-29,104.019997,111.150002,112.0,103.970001,108059.83,1181918464.0
2026-07-30,110.050003,113.800003,114.75,110.040001,89614.64,1015365760.0
2026-07-31,110.5,111.309998,111.580002,108.220001,101534.21,1117145728.0
2026-08-03,110.190002,110.82,112.980003,108.800003,52945.69,587334016.0
