date,open,high,low,close,volume,amount
2019-07-22,52.64,67.44,27.73,44.24,32704360.0,1495912000.0
2019-07-23,35.34,40.69,34.35,37.34,12656833.0,520566200.0
2019-07-24,38.2,40.98,37.45,40.74,12225850.0,520575300.0
2019-07-25,43.34,49.23,43.34,47.34,23443537.0,1160640000.0
2019-07-26,44.64,45.62,41.94,42.54,14496237.0,681388700.0
2019-07-29,42.49,46.19,42.33,45.9,13634302.0,656063000.0
2019-07-30,46.34,48.68,44.34,47.49,17416513.0,871357800.0
2019-07-31,51.34,51.78,47.19,49.04,16557098.0,872482300.0
2019-08-01,48.64,54.73,47.75,53.04,18281833.0,984089600.0000001
2019-08-02,51.34,62.69,51.09,58.54,21968179.0,1324043000.0
2019-08-05,58.74,69.34,55.6,68.07,22169610.0,1462134300.0
2019-08-06,67.83,69.24,56.64,58.72,24105302.0,1665931400.0000002
2019-08-07,60.09,60.89,54.84,58.85,13359845.0,818049600.0000001
2019-08-08,58.34,59.14,53.76,53.84,9941987.0,589965600.0
2019-08-09,54.64,54.83,50.42,51.65,9662387.0,532872000.0
2019-08-12,51.52,53.14,49.85,52.39,8097160.0,444218200.0
2019-08-13,52.72,53.69,51.19,53.69,8281857.0,462051100.0
2019-08-14,54.85,55.34,53.52,54.33,7547448.0,436139500.0
2019-08-15,52.74,55.04,51.87,54.64,6615867.0,377087300.00000006
2019-08-16,55.87,57.94,54.14,55.04,9450961.0,559248000.0
2019-08-19,54.15,57.12,54.15,55.93,9910767.0,587557900.0
2019-08-20,55.34,55.84,53.54,53.6,8665233.0,499215500.0
2019-08-21,53.61,53.82,47.64,48.32,9867367.0,524181100.0
2019-08-22,48.64,49.07,46.87,47.13,5136574.0,261849000.0
2019-08-23,47.61,47.66,42.44,44.26,7960575.0,382251300.0
2019-08-26,43.74,45.34,43.55,44.64,4233326.0,202247500.0
2019-08-27,44.84,45.14,43.52,44.83,4102853.0,195232400.00000003
2019-08-28,44.74,45.22,42.86,43.15,3978259.0,187831600.0
2019-08-29,43.64,43.64,41.36,42.54,4823840.0,219816300.0
2019-08-30,42.55,43.19,42.14,42.54,3167839.0,145470700.0
2019-09-02,42.57,42.91,42.29,42.74,2254909.0,103316800.0
2019-09-03,42.65,46.14,42.49,45.46,6962131.0,334839000.0
2019-09-04,45.24,46.92,44.86,44.92,4846942.0,237228900.0
2019-09-05,45.39,45.84,44.91,45.34,3760448.0,182706100.0
2019-09-06,45.54,45.74,43.64,43.67,3618725.0,173180900.0
2019-09-09,43.87,44.41,43.2,43.79,2939785.0,138020600.0
2019-09-10,43.47,45.14,43.46,44.09,2959523.0,140474900.0
2019-09-11,44.61,44.66,43.84,43.84,2188335.0,103669100.0
2019-09-12,44.24,44.24,42.16,42.32,3169457.0,145251300.0
2019-09-16,42.32,43.43,42.15,42.37,1938446.0,88784000.0
2019-09-17,42.13,42.63,40.98,41.17,2279419.0,102277300.0
2019-09-18,41.62,41.62,38.94,39.72,3602448.0,154813700.0
2019-09-19,39.84,41.22,39.18,40.47,3222486.0,140793900.0
2019-09-20,40.44,40.49,39.86,40.14,1877907.0,81437500.0
2019-09-23,40.13,40.57,39.57,39.73,1870670.0,80645800.0
2019-09-24,39.77,40.94,39.73,40.74,3000089.0,131303799.99999999
2019-09-25,40.74,41.11,39.34,39.4,2617111.0,113808900.0
2019-09-26,39.62,39.72,36.17,36.19,3637633.0,147005200.0
2019-09-27,36.21,37.3,35.92,36.73,2177560.0,86839599.99999999
2019-09-30,36.68,36.68,34.57,34.69,3003781.0,115015400.00000001
2019-10-08,34.84,34.86,33.65,33.76,1474212.0,54961200.0
2019-10-09,33.78,34.3,33.59,34.03,1342827.0,49820600.00000001
2019-10-10,34.02,35.0,34.01,34.45,1698633.0,64055000.0
2019-10-11,34.54,34.69,33.84,33.84,1369441.0,51194000.0
2019-10-14,33.99,34.6,33.93,34.47,1802395.0,67572500.0
2019-10-15,34.24,34.53,33.42,33.42,1517576.0,56316700.0
2019-10-16,33.37,33.61,31.98,32.06,2151858.0,77245000.0
2019-10-17,31.95,32.32,31.5,31.56,1855719.0,64944799.99999999
2019-10-18,31.74,33.06,31.74,32.06,2708662.0,96402000.0
2019-10-21,31.84,32.02,30.0,30.67,2345449.0,79195600.0
2019-10-22,30.79,31.11,30.56,31.11,1440817.0,49078200.0
2019-10-23,30.99,33.62,30.9,33.31,4326799.0,154142300.0
2019-10-24,33.14,34.0,32.7,33.0,3536206.0,129237200.0
2019-10-25,32.94,33.19,31.74,32.37,2340055.0,82956500.0
2019-10-28,28.34,31.17,27.84,31.1,5759740.0,191331500.0
2019-10-29,30.59,30.97,28.86,28.99,4083933.0,134800200.0
2019-10-30,28.85,28.89,27.14,27.14,3452152.0,106972700.0
2019-10-31,27.34,27.34,24.82,24.94,4412813.0,126702600.0
2019-11-01,24.94,25.31,24.75,24.96,1833395.0,51745500.0
2019-11-04,25.28,25.84,25.17,25.29,1866485.0,53370000.0
2019-11-05,25.29,25.34,23.96,24.04,2387330.0,65445600.00000001
2019-11-06,24.04,24.2,23.44,23.64,2057578.0,55542400.0
2019-11-07,23.74,24.22,23.19,23.8,2231771.0,60129100.0
2019-11-08,23.79,24.19,23.58,23.8,1635229.0,44274100.0
2019-11-11,23.76,23.76,21.93,22.23,2295177.0,59118500.0
2019-11-12,22.23,22.44,21.89,22.29,1480719.0,37603100.0
2019-11-13,22.28,22.7,22.21,22.37,1630226.0,41760300.0
2019-11-14,22.63,23.0,22.16,23.0,2117083.0,54727700.00000001
2019-11-15,22.83,23.14,22.24,22.24,1683418.0,43564500.0
2019-11-18,22.27,22.59,22.14,22.26,1209889.0,30892199.999999996
2019-11-19,22.25,22.73,22.14,22.59,1067089.0,27431200.0
2019-11-20,22.79,22.79,22.04,22.1,1477553.0,37605400.0
2019-11-21,22.08,22.08,21.65,21.69,1345223.0,33599000.0
2019-11-22,21.71,22.03,21.26,21.39,1225925.0,30383000.0
2019-11-25,21.5,21.62,20.77,20.84,1487300.0,35920300.0
2019-11-26,20.91,21.09,20.67,20.86,987430.0,23766800.0
2019-11-27,20.94,21.27,20.63,21.04,1248889.0,30216000.0
2019-11-28,21.08,21.69,20.99,21.16,1573233.0,38557600.0
2019-11-29,21.14,21.79,21.06,21.74,1685425.0,41546000.0
2019-12-02,21.74,22.09,21.3,21.43,1481962.0,36827800.0
2019-12-03,21.44,21.44,20.74,21.07,1472601.0,35496100.0
2019-12-04,21.02,21.38,20.86,21.16,931032.0,22667199.999999996
2019-12-05,21.29,21.44,21.12,21.43,1037506.0,25409000.0
2019-12-06,21.37,21.7,21.26,21.39,1190540.0,29391600.0
2019-12-09,21.54,22.81,21.5,22.59,3442352.0,87564200.0
2019-12-10,22.71,26.48,22.41,26.44,9193279.0,260173100.0
2019-12-11,26.36,27.53,24.75,25.09,6505742.0,188949100.0
2019-12-12,25.01,26.33,24.94,25.16,3033147.0,87110700.0
2019-12-13,25.35,25.64,24.15,24.66,2916407.0,81484800.0
2019-12-16,24.66,25.24,24.66,24.96,2078926.0,58446899.99999999
2019-12-17,25.35,26.26,25.34,25.79,3272081.0,94867600.0
2019-12-18,25.86,27.67,25.86,27.53,5733421.0,173666400.0
2019-12-19,27.62,27.62,26.43,26.79,3471099.0,103951299.99999999
2019-12-20,26.72,27.52,26.46,26.52,2320828.0,69986000.0
2019-12-23,26.99,26.99,24.76,24.86,2728641.0,78029300.0
2019-12-24,25.07,25.54,25.07,25.51,1724566.0,49201300.0
2019-12-25,25.36,26.54,25.35,26.17,2756531.0,80807600.0
2019-12-26,26.14,26.94,26.02,26.34,1941876.0,57373900.0
2019-12-27,26.37,27.14,26.2,26.39,3155058.0,94441100.0
2019-12-30,25.87,26.11,25.14,25.81,1865856.0,53798200.0
2019-12-31,25.79,26.28,25.36,26.18,1736584.0,50470100.0
2020-01-02,26.26,27.04,26.26,26.97,2557919.0,76566300.0
2020-01-03,27.13,27.15,26.54,26.89,2243432.0,67392200.0
2020-01-06,26.61,27.43,26.23,26.99,2892458.0,87105100.0
2020-01-07,26.99,27.39,26.55,27.39,2707759.0,81717800.0
2020-01-08,27.04,28.61,27.0,27.75,4628037.0,144052900.0
2020-01-09,28.09,28.71,27.87,28.55,3153838.0,99203600.0
2020-01-10,28.84,29.01,28.09,28.4,2378951.0,75158300.0
2020-01-13,28.34,28.53,27.29,28.39,2632709.0,81911400.0
2020-01-14,28.52,29.63,28.2,29.13,4411014.0,141608400.0
2020-01-15,29.01,29.99,28.84,28.97,3432642.0,111874800.0
2020-01-16,29.29,29.81,28.58,29.7,3971125.0,128938799.99999999
2020-01-17,29.78,32.94,29.78,32.33,7006801.0,243890300.0
2020-01-20,32.34,32.71,29.73,31.44,5249592.0,181938600.0
2020-01-21,31.29,32.08,30.06,30.39,3188914.0,108814700.0
2020-01-22,29.41,31.04,27.92,30.53,5159114.0,167787000.0
2020-01-23,29.54,31.04,28.19,29.14,3473586.0,114346299.99999999
2020-02-03,22.68,24.22,22.68,22.68,4867614.0,127155200.0
2020-02-04,22.39,24.84,22.39,24.53,5423302.0,147650000.0
2020-02-05,24.45,27.29,24.34,26.54,4801923.0,139991700.0
2020-02-06,26.39,28.77,25.8,27.6,5608809.0,172013100.0
2020-02-07,27.67,28.84,27.14,28.76,6210208.0,194058800.0
2020-02-10,29.05,31.58,29.05,31.05,7475864.0,250659700.0
2020-02-11,30.63,30.8,29.27,29.65,5182324.0,171825200.0
2020-02-12,29.14,32.52,29.14,32.24,6495099.0,222501699.99999997
2020-02-13,33.02,35.42,32.22,32.29,10097582.0,373298399.99999994
2020-02-14,31.68,33.54,30.26,31.44,7084495.0,248488000.0
2020-02-17,31.79,33.22,31.53,33.12,5804869.0,206466400.0
2020-02-18,32.97,34.38,32.83,33.36,5031414.0,184061400.0
2020-02-19,32.9,33.5,32.14,32.37,4336581.0,155563500.0
2020-02-20,32.36,32.85,30.64,31.53,4451029.0,154822800.0
2020-02-21,31.34,32.02,30.96,31.29,3493135.0,120918700.00000001
2020-02-24,31.57,31.57,30.17,30.82,3347774.0,113640800.0
2020-02-25,30.04,31.33,29.34,30.84,4215009.0,141911400.0
2020-02-26,30.49,31.41,29.72,29.89,3413401.0,115358300.0
2020-02-27,30.18,30.24,28.45,28.64,3045659.0,98287200.0
2020-02-28,27.33,28.02,25.64,25.72,3665105.0,109146800.0
2020-03-02,26.47,28.04,26.24,27.71,2817139.0,85681200.00000001
2020-03-03,28.54,29.74,28.0,28.38,3464923.0,111009300.0
2020-03-04,27.95,28.74,27.48,28.2,2282605.0,71366300.0
2020-03-05,28.74,29.47,28.53,28.68,3202435.0,102401600.0
2020-03-06,27.95,28.9,27.74,28.38,2427330.0,76390100.0
2020-03-09,27.84,28.25,26.56,26.75,2452473.0,74525100.0
2020-03-10,25.82,27.41,25.53,27.37,2486587.0,73992200.0
2020-03-11,27.4,28.73,27.21,27.29,2982979.0,92900800.0
2020-03-12,26.96,27.29,26.39,26.65,1822004.0,54475400.0
2020-03-13,24.84,26.63,24.24,25.94,2152934.0,62044700.0
2020-03-16,26.04,26.62,24.32,24.6,2495071.0,71128300.0
2020-03-17,24.7,25.32,23.44,24.32,1966162.0,54021500.0
2020-03-18,24.54,25.23,23.43,23.51,2162038.0,59693600.0
2020-03-19,23.44,24.0,22.85,23.56,1804634.0,47983200.0
2020-03-20,23.89,24.23,23.49,23.91,1407333.0,38118900.0
2020-03-23,23.64,23.64,22.44,22.56,1421333.0,37212100.0
2020-03-24,23.04,23.3,22.34,22.97,1243726.0,32386600.0
2020-03-25,23.64,24.06,23.62,23.65,1803162.0,48695500.0
2020-03-26,23.67,23.84,23.32,23.62,969347.0,25939699.999999996
2020-03-27,23.89,24.04,23.44,23.44,1157781.0,31222100.0
2020-03-30,22.89,23.03,22.14,22.68,1438254.0,36859000.0
2020-03-31,23.11,23.11,22.37,22.67,763283.0,19744000.0
2020-04-01,22.84,23.19,22.48,22.72,1060845.0,27669200.0
2020-04-02,22.64,23.61,22.64,23.6,1297498.0,34087400.0
2020-04-03,23.45,23.93,23.04,23.13,1025898.0,27282900.0
2020-04-07,23.76,23.98,23.56,23.75,1468773.0,39529900.0
2020-04-08,23.72,24.15,23.41,23.92,1553118.0,42054900.0
2020-04-09,24.11,24.15,23.89,23.93,1090039.0,29586900.0
2020-04-10,23.85,24.01,22.72,23.09,1480097.0,39169800.0
2020-04-13,22.84,23.01,22.44,22.67,1027503.0,26466000.0
2020-04-14,22.79,23.24,22.55,23.09,905652.0,23654899.999999996
2020-04-15,23.33,23.6,22.99,23.09,805825.0,21325400.0
2020-04-16,22.89,23.18,22.76,23.04,463998.0,12155900.0
2020-04-17,23.09,23.53,23.09,23.19,1162169.0,30725700.0
2020-04-20,23.27,23.52,23.19,23.46,989616.0,26265100.000000004
2020-04-21,23.37,23.37,22.74,22.94,950619.0,24856600.0
2020-04-22,23.09,23.4,22.64,23.33,961644.0,25412199.999999996
2020-04-23,23.36,24.54,23.36,24.06,2630693.0,71759000.0
2020-04-24,24.06,24.62,23.86,24.04,1766498.0,48250500.0
2020-04-27,24.34,24.35,23.53,23.55,1169119.0,31650200.0
2020-04-28,23.68,23.8,18.87,21.75,2526943.0,62855500.0
2020-04-29,21.63,22.03,21.04,21.23,1197867.0,29476800.0
2020-04-30,21.22,22.53,20.94,22.16,1679137.0,42110900.0
2020-05-06,22.09,24.21,21.85,23.99,2351401.0,61893100.00000001
2020-05-07,23.84,24.54,23.53,23.65,1742637.0,47158300.0
2020-05-08,23.65,24.38,23.62,23.76,1655948.0,44903700.0
2020-05-11,23.43,24.34,23.43,23.95,1374279.0,37218000.0
2020-05-12,24.04,24.04,22.85,23.44,1314603.0,34964700.0
2020-05-13,23.24,24.03,23.24,23.95,1361756.0,36718200.0
2020-05-14,23.65,24.03,23.49,23.84,1174168.0,31657199.999999996
2020-05-15,23.84,24.34,23.76,24.06,1247292.0,33903200.0
2020-05-18,24.29,24.37,23.68,23.72,1280637.0,34635100.0
2020-05-19,23.94,24.17,23.84,24.17,1336806.0,36344100.0
2020-05-20,24.19,26.3,24.19,25.47,4551246.0,130639800.0
2020-05-21,25.72,25.85,24.47,24.5,2296575.0,64678900.0
2020-05-22,24.72,25.02,23.22,23.48,1662577.0,44419100.0
2020-05-25,23.48,23.92,22.58,23.03,1132876.0,29386900.0
2020-05-26,24.03,28.23,24.03,28.23,6941772.0,207698000.0
2020-05-27,31.34,31.84,29.04,30.13,15863941.0,530675300.0
2020-05-28,30.14,30.39,27.33,27.8,10903577.0,342970800.0
2020-05-29,26.81,28.14,26.74,26.92,6304155.0,191383200.0
2020-06-01,27.49,29.04,27.49,28.13,6908975.0,215868300.00000003
2020-06-02,28.24,29.2,27.52,28.42,6277444.0,196509600.0
2020-06-03,28.53,28.53,27.39,27.45,4304731.0,132876900.0
2020-06-04,27.62,28.78,27.15,28.2,4955947.0,153855100.0
2020-06-05,28.58,28.58,27.45,27.84,2881372.0,88715600.0
2020-06-08,28.24,28.84,27.23,27.47,3356410.0,104217500.0
2020-06-09,27.19,27.32,26.39,26.74,2675339.0,79453900.0
2020-06-10,26.96,27.1,26.61,27.01,1914485.0,57142800.0
2020-06-11,27.04,27.28,26.15,26.26,2677381.0,79464900.0
2020-06-12,25.73,25.9,25.32,25.54,2418851.0,68959600.0
2020-06-15,25.24,26.54,25.24,25.98,2436914.0,70479100.0
2020-06-16,26.14,26.63,25.94,26.49,2009791.0,58833400.0
2020-06-17,26.59,26.62,25.92,26.34,1969500.0,57484700.0
2020-06-18,26.53,26.54,25.89,26.01,1816926.0,52827900.0
2020-06-19,26.23,26.32,25.78,25.97,1853166.0,53704799.99999999
2020-06-22,31.03,31.74,28.37,28.52,8784965.0,284983200.0
2020-06-23,27.74,28.03,27.19,27.6,5331044.0,162708700.0
2020-06-24,27.54,29.02,27.34,28.42,4110990.0,128957500.0
2020-06-29,28.18,28.18,27.05,27.19,2807261.0,85330100.0
2020-06-30,27.19,27.61,27.18,27.35,2164996.0,65712299.99999999
2020-07-01,27.42,27.99,26.74,27.12,2761433.0,83802500.0
2020-07-02,27.12,27.6,26.77,27.44,2648190.0,79902900.0
2020-07-03,27.61,27.93,27.25,27.71,2337913.0,71418100.0
2020-07-06,27.59,30.02,27.59,29.54,5636324.0,180455099.99999997
2020-07-07,30.02,31.68,29.54,30.59,6056309.0,203619800.0
2020-07-08,30.44,30.99,29.88,30.65,4296769.0,143649400.0
2020-07-09,30.65,33.54,30.04,32.48,6408455.0,222949400.0
2020-07-10,32.84,33.54,31.69,32.21,5596187.0,199252800.0
2020-07-13,31.67,32.92,30.75,32.63,5845054.0,203282300.0
2020-07-14,33.04,33.73,31.48,33.34,6153876.0,220034900.00000003
2020-07-15,33.58,34.12,30.88,30.92,5110218.0,180590700.0
2020-07-16,31.28,31.28,27.74,28.06,4550653.0,147781400.0
2020-07-17,28.11,28.74,27.24,27.71,2646083.0,82069100.0
2020-07-20,27.93,28.27,27.15,28.09,2249441.0,69238200.0
2020-07-21,28.21,28.64,27.56,27.97,1946227.0,60327900.0
2020-07-22,27.34,28.31,27.25,27.79,3584617.0,110120100.0
2020-07-23,27.63,27.63,25.6,26.2,4675737.0,137369000.0
2020-07-24,26.05,26.19,23.94,24.29,3309614.0,92936299.99999999
2020-07-27,24.47,24.89,23.67,23.97,2026342.0,54909900.0
2020-07-28,24.04,24.59,23.83,24.3,1551318.0,42135900.0
2020-07-29,24.3,25.22,23.98,25.07,2498684.0,69075000.0
2020-07-30,25.07,25.46,24.55,24.67,2032755.0,56839399.99999999
2020-07-31,24.71,25.3,24.34,24.83,2237872.0,62264300.0
2020-08-03,25.04,26.78,25.01,26.61,4539247.0,131612400.0
2020-08-04,26.55,26.9,26.0,26.04,2658037.0,77759700.0
2020-08-05,26.38,27.06,26.21,26.75,2639200.0,77994400.0
2020-08-06,26.74,26.96,26.04,26.74,2019730.0,59592600.0
2020-08-07,26.82,27.58,26.06,27.27,4078503.0,122293799.99999999
2020-08-10,27.22,27.28,26.39,26.65,2421000.0,72264500.0
2020-08-11,26.86,27.11,25.43,25.61,2610682.0,76220900.0
2020-08-12,25.41,25.74,24.74,25.4,1752400.0,49242600.0
2020-08-13,25.49,25.87,25.37,25.54,1090211.0,31158400.0
2020-08-14,25.36,25.84,25.3,25.64,1012907.0,28900900.0
2020-08-17,25.68,26.72,25.68,26.46,2137217.0,62853700.0
2020-08-18,27.64,28.59,27.26,27.42,4791356.0,147311700.0
2020-08-19,27.81,27.81,26.44,26.74,2614820.0,78239700.0
2020-08-20,26.59,27.0,26.04,26.17,1890573.0,55749500.0
2020-08-21,26.19,26.78,26.18,26.38,1619739.0,47683600.0
2020-08-24,26.33,27.32,25.87,26.82,2185542.0,64690500.0
2020-08-25,26.81,27.51,26.81,27.23,2299686.0,69539000.0
2020-08-26,27.26,27.44,26.4,26.63,2189979.0,65108600.0
2020-08-27,26.64,27.72,26.48,27.33,2177752.0,65875400.0
2020-08-28,27.49,29.09,27.21,28.95,5357528.0,168774199.99999997
2020-08-31,29.02,29.22,28.22,28.22,2836094.0,89588700.00000001
2020-09-01,28.74,28.79,28.15,28.6,1798133.0,56507900.0
2020-09-02,28.52,28.91,27.65,28.12,2812022.0,87550900.0
2020-09-03,28.12,28.54,27.79,28.26,2173254.0,67855400.0
2020-09-04,27.82,28.14,27.14,27.94,2141210.0,65657000.0
2020-09-07,28.42,29.48,28.15,28.51,3056246.0,96970800.0
2020-09-08,28.52,29.55,28.38,29.33,2793416.0,89638700.00000001
2020-09-09,28.87,29.54,28.04,28.06,2767674.0,88125800.0
2020-09-10,28.34,29.26,26.34,26.62,3394507.0,105129400.0
2020-09-11,26.69,27.49,26.65,27.2,1775711.0,53508000.0
2020-09-14,27.82,29.24,27.33,28.88,3163963.0,99854700.0
2020-09-15,28.88,30.21,28.35,29.86,4533011.0,148230600.0
2020-09-16,29.95,30.2,29.4,29.98,2741363.0,89730700.0
2020-09-17,29.96,31.69,29.46,31.22,5602960.0,189362900.0
2020-09-18,31.53,32.33,30.82,31.27,5018199.0,173232800.0
2020-09-21,31.22,31.72,29.82,30.08,4639253.0,155429100.0
2020-09-22,29.8,30.58,29.57,29.76,2958151.0,97401299.99999999
2020-09-23,29.94,31.54,29.66,31.02,4273288.0,145234700.0
2020-09-24,30.8,32.15,30.68,31.04,4152710.0,142396800.0
2020-09-25,31.05,31.86,30.14,30.51,3381733.0,114958900.0
2020-09-28,30.65,31.17,29.46,30.03,2188815.0,72606800.0
2020-09-29,30.04,30.99,29.54,30.3,2747454.0,91174700.0
2020-09-30,30.51,30.76,28.6,28.92,3526388.0,113992600.0
2020-10-09,29.4,31.33,29.4,30.78,3546607.0,119477200.0
2020-10-12,30.78,31.52,30.44,31.45,3451864.0,117713400.0
2020-10-13,31.62,32.04,30.74,31.79,3066614.0,105658600.0
2020-10-14,31.84,31.98,30.96,31.63,2100881.0,72320300.0
2020-10-15,31.92,31.92,30.65,31.09,2100045.0,71412200.0
2020-10-16,31.24,31.24,30.02,30.71,2080321.0,69710200.0
2020-10-19,30.71,30.99,30.09,30.27,1260530.0,42144600.0
2020-10-20,30.04,31.12,29.75,31.12,1663026.0,55831500.0
2020-10-21,31.07,31.5,30.9,31.22,1274637.0,43500600.00000001
2020-10-22,31.15,31.38,29.8,29.8,1640453.0,55060600.00000001
2020-10-23,29.47,30.4,28.89,29.05,2010964.0,65414000.0
2020-10-26,29.22,30.19,28.35,30.06,1546675.0,50567800.0
2020-10-27,30.03,30.44,29.55,29.79,1073402.0,35274500.0
2020-10-28,29.87,30.02,29.37,29.84,920407.0,30094200.0
2020-10-29,29.45,30.44,29.34,29.94,1227116.0,40499700.0
2020-10-30,29.86,30.63,29.1,29.1,1428967.0,46894399.99999999
2020-11-02,29.94,30.34,29.09,29.44,1282259.0,41781800.0
2020-11-03,29.62,31.64,29.51,31.29,2305034.0,77511000.0
2020-11-04,31.5,33.19,31.29,32.24,4037798.0,143311300.0
2020-11-05,33.5,33.5,31.65,31.75,2715106.0,95695800.0
2020-11-06,32.24,33.02,31.58,31.81,2735963.0,96218300.0
2020-11-09,32.44,33.2,32.37,32.93,3120307.0,111777700.0
2020-11-10,32.94,33.73,32.54,32.84,2511464.0,90354599.99999999
2020-11-11,32.6,33.39,32.07,32.3,1912908.0,68203000.0
2020-11-12,32.24,33.0,32.05,32.52,1965710.0,69657000.0
2020-11-13,32.24,34.19,32.08,34.04,4499303.0,164297700.0
2020-11-16,34.99,35.4,32.67,33.42,4413624.0,160177200.0
2020-11-17,33.37,34.25,32.74,33.91,2944689.0,107647700.0
2020-11-18,34.02,34.23,31.86,32.34,3626235.0,129092800.0
2020-11-19,32.13,32.32,31.48,32.08,1971758.0,68587600.0
2020-11-20,32.08,32.23,31.42,31.81,1668945.0,58093600.0
2020-11-23,31.61,31.99,30.82,31.17,2162963.0,73873000.0
2020-11-24,31.17,31.42,30.67,31.2,1591840.0,54119399.99999999
2020-11-25,31.1,31.58,30.85,30.88,1298468.0,44419700.0
2020-11-26,30.88,31.2,30.78,31.12,646519.0,21994500.0
2020-11-27,31.14,31.52,30.37,30.51,1479177.0,49977500.0
2020-11-30,30.54,31.31,29.15,30.84,2979182.0,98818600.0
2020-12-01,30.84,31.47,30.6,31.21,1383970.0,47275100.0
2020-12-02,31.04,31.96,30.92,31.21,1477873.0,51004200.0
2020-12-03,31.17,31.35,30.23,30.41,1289506.0,43343400.0
2020-12-04,30.4,30.53,29.42,29.42,1574883.0,51657299.99999999
2020-12-07,29.54,29.72,29.17,29.22,1330314.0,43003800.0
2020-12-08,29.39,30.2,29.22,29.71,1176707.0,38479500.0
2020-12-09,29.55,30.1,29.04,29.04,1707936.0,55450300.0
2020-12-10,29.04,29.52,27.69,27.76,2985022.0,92900700.0
2020-12-11,28.02,28.04,27.13,27.51,2218306.0,67414500.0
2020-12-14,27.51,28.24,27.44,28.2,1590610.0,49236200.0
2020-12-15,28.19,28.54,27.96,28.21,1275387.0,39810000.0
2020-12-16,28.22,28.51,27.36,27.53,1015865.0,31440600.0
2020-12-17,27.45,28.23,26.86,28.04,1419406.0,43316400.0
2020-12-18,28.09,28.9,27.98,28.46,1337285.0,42057100.0
2020-12-21,28.55,29.64,28.55,29.33,1848552.0,59629600.0
2020-12-22,29.33,30.15,28.99,29.65,2009088.0,65600700.0
2020-12-23,29.56,30.16,29.27,29.76,1353850.0,44208700.0
2020-12-24,29.65,30.44,29.16,29.4,1330181.0,43434300.0
2020-12-25,29.35,29.53,28.82,28.82,1192822.0,38253600.0
2020-12-28,28.74,29.03,27.72,28.11,1394989.0,43555100.0
2020-12-29,28.53,28.53,27.74,27.99,807597.0,25044500.0
2020-12-30,28.1,28.54,27.43,27.5,1196840.0,36750800.0
2020-12-31,27.54,28.64,27.19,27.2,2686636.0,82593200.0
2021-01-04,27.28,27.36,26.02,26.89,2806188.0,83084700.0
2021-01-05,26.92,27.21,26.24,26.64,1937076.0,57398100.00000001
2021-01-06,26.55,27.22,26.22,26.56,1802468.0,53402100.0
2021-01-07,26.45,26.54,24.59,24.83,3136595.0,88749500.0
2021-01-08,24.6,25.64,24.07,24.96,1755073.0,49115300.0
2021-01-11,25.39,26.52,25.37,25.64,2041994.0,58927400.0
2021-01-12,25.64,25.89,25.0,25.35,1252773.0,35440100.0
2021-01-13,25.29,25.54,24.24,24.99,1481561.0,41173700.0
2021-01-14,24.84,26.48,24.74,25.89,1652613.0,47333100.00000001
2021-01-15,26.44,26.44,25.55,25.84,1129632.0,32618900.0
2021-01-18,25.99,26.48,25.74,25.77,1183220.0,34328900.0
2021-01-19,25.76,26.36,25.76,26.26,1193180.0,34741400.0
2021-01-20,26.42,26.47,25.8,25.99,996236.0,28999600.0
2021-01-21,25.89,26.4,25.74,26.02,963134.0,27961600.0
2021-01-22,25.96,26.13,24.85,24.99,1619783.0,45826200.0
2021-01-25,24.84,26.74,24.74,26.35,2330740.0,67831700.0
2021-01-26,26.19,26.69,26.04,26.53,1293452.0,37952500.0
2021-01-27,26.55,27.7,26.37,27.2,1610759.0,48545000.0
2021-01-28,27.04,27.53,26.74,27.17,1149706.0,34532100.0
2021-01-29,27.4,27.53,26.29,26.74,1216139.0,36300800.0
2021-02-01,26.55,27.34,25.92,26.19,1254827.0,36818900.0
2021-02-02,26.34,27.6,26.18,26.94,1431895.0,42890000.0
2021-02-03,26.84,27.94,26.58,27.49,1777269.0,53837299.99999999
2021-02-04,27.45,29.5,26.93,29.07,3656169.0,114205200.0
2021-02-05,28.94,28.94,27.29,27.29,2799096.0,87312300.0
2021-02-08,27.03,28.22,26.41,28.02,1716392.0,52300200.00000001
2021-02-09,27.76,28.48,27.24,27.78,1711108.0,52504500.0
2021-02-10,28.07,29.23,27.75,28.65,1842685.0,58172800.0
2021-02-18,29.4,30.36,28.65,28.9,2062634.0,66753500.0
2021-02-19,28.75,30.19,28.64,30.11,2234764.0,72855100.0
2021-02-22,30.14,31.07,29.62,29.68,2795100.0,93310600.0
2021-02-23,30.15,31.15,29.77,30.52,2740533.0,91531500.0
2021-02-24,30.44,31.18,29.72,30.16,2079033.0,69518000.0
2021-02-25,29.99,31.19,29.72,30.81,2608823.0,87759800.0
2021-02-26,30.49,33.23,30.39,31.92,5913980.0,207224800.0
2021-03-01,32.03,33.54,31.43,32.49,5261243.0,187466000.0
2021-03-02,33.34,33.99,31.99,32.12,4374416.0,156948500.0
2021-03-03,31.79,32.44,31.14,31.59,3369308.0,116559200.0
2021-03-04,31.38,32.44,31.04,31.74,3450853.0,119856200.00000001
2021-03-05,31.46,31.74,29.59,29.78,4083581.0,135341600.0
2021-03-08,29.82,30.39,29.06,29.09,2826753.0,92797700.0
2021-03-09,29.16,29.42,27.09,27.29,3171071.0,98230100.0
2021-03-10,27.92,29.16,27.84,28.58,3845865.0,121055000.0
2021-03-11,29.13,30.23,28.99,29.45,3624114.0,117949100.0
2021-03-12,29.34,29.69,28.54,29.11,2918978.0,93524200.0
2021-03-15,29.14,29.5,28.04,28.52,2755797.0,87111800.0
2021-03-16,28.58,29.09,28.24,28.52,1618875.0,51124900.0
2021-03-17,28.06,28.36,27.69,28.09,1807623.0,56061000.0
2021-03-18,28.05,28.43,27.44,27.69,2064419.0,63523500.0
2021-03-19,28.03,28.28,27.54,27.83,1841316.0,56824200.0
2021-03-22,27.84,28.37,27.74,28.04,1720720.0,53354399.99999999
2021-03-23,28.49,29.14,28.1,28.49,2312677.0,73049400.0
2021-03-24,28.49,28.49,26.74,26.79,2671275.0,81053000.0
2021-03-25,26.73,27.01,26.15,26.24,1665272.0,49031200.0
2021-03-26,26.05,26.78,26.05,26.72,1138293.0,33524800.0
2021-03-29,26.54,27.34,26.54,26.72,1364288.0,40717400.0
2021-03-30,26.73,26.89,26.2,26.25,1120576.0,32945700.0
2021-03-31,26.56,26.56,25.76,26.13,1148412.0,33247700.0
2021-04-01,26.18,27.24,25.94,26.64,1619340.0,48103700.0
2021-04-02,26.92,27.84,26.51,27.38,2004532.0,60848400.0
2021-04-06,27.43,28.46,27.43,28.37,1976711.0,61357000.0
2021-04-07,28.09,28.95,28.09,28.82,1814874.0,57254900.0
2021-04-08,28.65,29.19,28.39,28.95,1950283.0,62067200.0
2021-04-09,28.81,29.09,28.42,28.65,1375883.0,43510300.0
2021-04-12,28.64,28.71,27.35,27.69,1896324.0,58577100.0
2021-04-13,28.17,28.17,27.15,27.3,1347103.0,41026800.0
2021-04-14,27.12,27.68,26.97,27.41,935074.0,28361400.0
2021-04-15,27.06,27.86,27.06,27.31,980021.0,29744200.0
2021-04-16,27.58,29.25,27.31,29.03,2509137.0,78925600.0
2021-04-19,29.38,30.12,29.26,29.78,2492219.0,81425100.0
2021-04-20,29.64,30.34,29.52,29.82,1814584.0,59731100.0
2021-04-21,29.39,29.99,29.15,29.43,1430948.0,46655100.0
2021-04-22,29.74,29.74,29.17,29.5,1321078.0,42802700.00000001
2021-04-23,29.6,30.23,29.13,29.81,1950557.0,63677400.0
2021-04-26,30.05,30.34,29.53,29.6,1627114.0,53466400.0
2021-04-27,29.34,29.42,28.65,29.01,1359647.0,43465400.0
2021-04-28,28.74,30.17,28.67,29.94,1529366.0,50002700.00000001
2021-04-29,29.94,30.1,29.19,29.22,1185880.0,38587100.0
2021-04-30,27.15,27.54,24.56,25.22,7636895.0,217643000.0
2021-05-06,25.12,26.69,25.05,26.01,2846833.0,82490200.0
2021-05-07,26.01,26.38,25.4,25.56,1668435.0,48037200.0
2021-05-10,25.74,25.89,24.72,25.16,1607473.0,45040500.0
2021-05-11,25.07,25.55,24.77,25.11,743740.0,20820800.0
2021-05-12,25.0,25.0,24.0,24.4,1724702.0,47034100.0
2021-05-13,24.31,24.56,24.13,24.19,866601.0,23643800.0
2021-05-14,24.04,24.49,24.04,24.37,1181991.0,32141800.0
2021-05-17,24.31,24.9,24.31,24.41,1116044.0,30696400.0
2021-05-18,24.42,24.42,23.89,24.14,1206551.0,32619100.0
2021-05-19,24.07,24.82,23.92,24.54,1017230.0,27860100.000000004
2021-05-20,24.66,24.72,24.3,24.68,808495.0,22197199.999999996
2021-05-21,24.74,25.19,24.59,24.81,1080832.0,30151200.0
2021-05-24,25.03,25.49,24.55,24.9,853010.0,23754699.999999996
2021-05-25,24.84,25.24,24.63,25.01,1147849.0,32115700.0
2021-05-26,25.09,25.58,25.09,25.49,869180.0,24676300.0
2021-05-27,25.63,26.83,25.49,26.7,1811450.0,53248500.0
2021-05-28,26.99,26.99,26.01,26.04,1288529.0,37354600.0
2021-05-31,26.03,27.64,25.95,27.52,1834148.0,54447200.0
2021-06-01,27.51,27.98,27.2,27.75,1151318.0,34875300.0
2021-06-02,27.8,28.2,27.03,27.23,2060879.0,62400900.0
2021-06-03,27.11,27.73,26.66,27.22,1234069.0,37092100.0
2021-06-04,26.98,27.69,26.83,26.91,1201043.0,35972700.0
2021-06-07,27.05,27.88,27.05,27.26,1126065.0,33871200.0
2021-06-08,27.25,27.42,26.45,26.8,1203057.0,35593800.0
2021-06-09,26.93,26.93,26.23,26.33,799301.0,23351000.0
2021-06-10,26.58,26.97,26.24,26.75,1119471.0,32736300.0
2021-06-11,26.83,27.83,26.76,26.77,1604062.0,48192700.00000001
2021-06-15,26.77,27.58,26.44,27.18,1079502.0,32149200.0
2021-06-16,27.18,27.98,26.96,27.13,1411221.0,42512400.0
2021-06-17,27.19,28.61,27.03,28.6,2428495.0,74776000.0
2021-06-18,28.55,28.83,28.08,28.41,1369919.0,42512400.0
2021-06-21,28.24,31.5,28.14,31.05,4481926.0,147597300.0
2021-06-22,31.21,31.43,30.45,30.58,2189054.0,73303900.0
2021-06-23,30.98,32.61,30.25,31.64,4000869.0,136447500.0
2021-06-24,32.03,33.11,30.73,31.22,2809611.0,96846800.0
2021-06-25,30.68,32.17,30.68,31.84,2878962.0,98420100.0
2021-06-28,31.88,33.66,31.88,32.81,4021252.0,143646800.0
2021-06-29,32.65,33.0,32.16,32.28,1909867.0,67027800.0
2021-06-30,32.3,32.98,32.08,32.48,2250768.0,79130600.0
2021-07-01,32.52,33.33,31.03,31.06,2590728.0,90110000.0
2021-07-02,30.98,31.8,30.58,31.64,2619509.0,88687400.0
2021-07-05,31.43,34.63,31.41,34.58,4843729.0,175818600.0
2021-07-06,34.33,35.83,33.69,34.81,4883405.0,181419300.0
2021-07-07,34.62,34.64,33.51,34.31,2230629.0,82095500.0
2021-07-08,34.88,37.81,34.78,37.81,6396063.0,253786699.99999997
2021-07-09,37.33,38.23,36.08,37.88,3495931.0,139499000.0
2021-07-12,37.37,38.59,36.94,37.2,2471061.0,99254100.0
2021-07-13,37.14,37.83,35.45,35.91,2432648.0,95004100.0
2021-07-14,35.91,36.52,35.13,36.33,2684076.0,103240900.0
2021-07-15,36.23,36.42,33.38,34.67,4904504.0,181508900.0
2021-07-16,34.67,35.61,34.23,34.31,2068340.0,77522200.0
2021-07-19,34.31,37.66,33.85,36.87,3875507.0,152189700.0
2021-07-20,36.66,37.2,35.33,36.72,1962538.0,76674400.0
2021-07-21,36.63,37.77,36.56,37.13,2091821.0,83494900.0
2021-07-22,37.33,38.77,36.83,37.75,2239369.0,90676600.0
2021-07-23,37.48,41.19,37.44,39.28,2947560.0,124694300.0
2021-07-26,39.73,40.73,37.99,39.23,2455311.0,102716000.0
2021-07-27,39.93,42.02,38.34,38.89,4098365.0,177071699.99999997
2021-07-28,38.56,38.87,36.12,37.81,3286678.0,131848900.0
2021-07-29,38.93,41.49,38.46,40.72,3443182.0,148665500.0
2021-07-30,41.01,42.83,39.89,40.15,2636321.0,115361800.0
2021-08-02,40.82,41.77,39.01,40.51,2232636.0,95668500.0
2021-08-03,40.33,42.79,39.43,40.18,2457881.0,107294300.0
2021-08-04,39.93,41.73,39.33,41.33,2271271.0,98555200.0
2021-08-05,41.13,41.18,40.04,40.32,1617305.0,69719400.0
2021-08-06,40.26,40.66,38.31,39.35,2257453.0,94021200.00000001
2021-08-09,38.83,39.63,37.39,38.27,1517717.0,62175000.0
2021-08-10,38.27,39.07,36.92,37.6,1728350.0,69960100.0
2021-08-11,37.73,37.93,37.03,37.67,1067138.0,42865900.0
2021-08-12,37.61,39.34,37.07,37.25,1570468.0,63801300.0
2021-08-13,37.31,39.09,36.32,38.56,3112774.0,125040900.0
2021-08-16,38.78,38.83,38.05,38.35,1255486.0,51569700.0
2021-08-17,38.52,38.63,37.11,37.21,1873290.0,76315400.0
2021-08-18,37.13,37.72,35.93,36.44,1481809.0,58086100.0
2021-08-19,36.43,37.77,36.13,37.5,1348303.0,53834300.0
2021-08-20,36.83,38.11,36.56,37.08,1004301.0,40021500.0
2021-08-23,37.16,40.17,37.16,40.11,2380837.0,99991000.0
2021-08-24,40.09,41.7,39.83,41.01,2117702.0,92492000.0
2021-08-25,42.15,42.31,40.6,41.23,1345477.0,59001000.0
2021-08-26,41.31,41.53,40.34,40.38,926342.0,40349800.0
2021-08-27,40.31,40.61,37.78,38.06,1857353.0,76737000.0
2021-08-30,37.84,42.88,37.84,41.43,3035619.0,133724400.0
2021-08-31,42.03,42.07,40.49,41.02,2184471.0,96266000.0
2021-09-01,41.45,46.29,41.35,43.62,4322774.0,202981699.99999997
2021-09-02,43.34,45.36,42.94,44.1,3019032.0,140912000.0
2021-09-03,43.13,46.93,43.13,44.33,2971970.0,142607400.0
2021-09-06,44.57,45.13,43.03,43.83,1445367.0,67334800.0
2021-09-07,44.08,45.1,43.13,43.93,2241889.0,104867500.0
2021-09-08,44.35,46.53,43.43,43.71,2492395.0,117765200.0
2021-09-09,43.33,43.88,41.4,42.37,2485871.0,112219900.0
2021-09-10,42.33,43.5,42.23,42.41,1741009.0,79123700.0
2021-09-13,42.34,42.74,41.06,41.33,2209303.0,97837600.0
2021-09-14,41.87,42.11,39.8,40.33,1836867.0,79772400.0
2021-09-15,40.42,40.93,39.61,40.57,1305416.0,56090400.0
2021-09-16,40.93,40.93,38.43,38.45,1575836.0,66084100.0
2021-09-17,38.56,38.88,36.84,37.15,2601188.0,104422300.0
2021-09-22,37.22,38.02,36.16,36.42,1468782.0,58041200.0
2021-09-23,36.84,37.21,36.41,36.53,875502.0,34446500.0
2021-09-24,36.53,36.78,35.75,36.07,877658.0,34122000.0
2021-09-27,36.03,36.68,34.5,35.33,1599634.0,60700200.00000001
2021-09-28,35.42,35.74,34.54,34.69,1091913.0,41198100.00000001
2021-09-29,34.83,35.28,33.52,33.64,1059659.0,39055900.0
2021-09-30,34.15,34.81,33.63,34.63,1016205.0,37559800.0
2021-10-08,34.82,35.52,33.93,34.07,790823.0,29419400.0
2021-10-11,34.18,35.12,33.51,34.5,854757.0,31698300.0
2021-10-12,34.34,34.51,32.65,33.05,940619.0,33885700.0
2021-10-13,33.09,33.9,32.89,33.76,566851.0,20489400.0
2021-10-14,34.01,35.03,33.37,34.91,704646.0,26136000.0
2021-10-15,34.9,36.18,34.36,35.29,1144731.0,43823400.0
2021-10-18,35.26,35.9,34.23,34.73,893542.0,33465300.000000004
2021-10-19,34.72,35.23,34.35,35.03,458601.0,17243100.0
2021-10-20,35.02,35.56,34.83,35.18,453877.0,17191300.0
2021-10-21,35.21,35.33,33.83,33.96,779184.0,28861000.0
2021-10-22,34.08,35.06,34.08,34.63,483722.0,18077900.0
2021-10-25,34.83,34.97,34.13,34.91,483637.0,18030700.0
2021-10-26,35.06,35.69,35.01,35.33,518859.0,19694000.0
2021-10-27,35.02,35.21,32.71,33.09,1363612.0,49291100.0
2021-10-28,32.85,33.81,32.28,32.57,774441.0,27551900.0
2021-10-29,32.21,33.21,32.14,32.44,1645703.0,57937800.0
2021-11-01,32.31,33.93,32.04,33.76,947540.0,34084200.0
2021-11-02,33.48,34.73,33.21,33.85,795187.0,29046400.0
2021-11-03,34.33,34.33,32.83,33.05,666134.0,23956600.0
2021-11-04,33.05,34.3,33.05,34.26,910633.0,33340200.0
2021-11-05,34.15,34.77,33.86,34.22,747990.0,27622700.0
2021-11-08,34.22,34.52,33.23,33.33,780689.0,28314000.0
2021-11-09,33.56,35.51,33.33,35.33,1307275.0,49007600.0
2021-11-10,35.31,35.81,34.72,35.49,820522.0,31091000.0
2021-11-11,35.6,36.31,35.13,35.94,1124771.0,43276200.0
2021-11-12,35.93,36.76,35.72,36.7,1097541.0,42777500.0
2021-11-15,36.69,37.31,36.12,36.42,1027165.0,40313500.0
2021-11-16,36.61,36.9,35.51,35.74,773930.0,30087100.0
2021-11-17,35.73,36.72,35.58,36.65,1295011.0,50291600.0
2021-11-18,36.65,38.73,36.48,38.21,2548262.0,103701900.0
2021-11-19,38.4,39.31,37.61,38.58,1591713.0,65763300.0
2021-11-22,38.87,39.44,38.21,39.15,1296256.0,53815200.00000001
2021-11-23,38.99,39.63,38.4,38.91,981673.0,40776300.0
2021-11-24,39.4,39.84,38.13,38.33,1132084.0,46730700.0
2021-11-25,38.33,38.68,37.88,38.47,864056.0,35305200.0
2021-11-26,38.21,39.79,37.87,39.33,1832844.0,75977800.0
2021-11-29,39.21,40.81,38.73,39.75,1395927.0,59386899.99999999
2021-11-30,39.98,40.3,38.47,38.64,1191472.0,49885800.0
2021-12-01,38.53,39.99,38.17,39.46,1403649.0,58717100.0
2021-12-02,39.7,39.93,37.83,38.33,1280171.0,52667299.99999999
2021-12-03,38.22,38.91,38.17,38.65,584006.0,23845800.0
2021-12-06,38.68,39.4,36.72,36.73,1561142.0,62053900.0
2021-12-07,36.75,37.57,35.11,35.66,1464938.0,55826800.0
2021-12-08,35.9,36.52,35.75,36.39,716391.0,27510600.0
2021-12-09,36.7,36.94,35.88,36.13,786780.0,30435000.0
2021-12-10,36.13,36.13,35.55,35.86,506905.0,19294100.0
2021-12-13,35.72,36.65,35.22,35.7,1047741.0,39930900.0
2021-12-14,35.62,36.08,35.17,36.01,583171.0,22220400.0
2021-12-15,35.6,36.22,35.06,35.3,852966.0,32331700.0
2021-12-16,35.32,35.61,34.6,35.31,768382.0,28681900.0
2021-12-17,35.21,35.49,34.52,34.72,873783.0,32421400.0
2021-12-20,34.5,34.91,33.63,33.63,767463.0,27877600.000000004
2021-12-21,33.63,34.89,33.22,34.72,834901.0,30256200.0
2021-12-22,34.92,35.19,34.42,34.61,563850.0,20817000.0
2021-12-23,34.7,34.96,33.95,34.58,574050.0,21100900.0
2021-12-24,34.68,35.07,33.62,33.7,590643.0,21453700.0
2021-12-27,33.78,33.82,33.22,33.22,537883.0,19220700.0
2021-12-28,33.32,34.32,33.32,34.12,482262.0,17475200.0
2021-12-29,34.12,34.26,33.37,34.07,542691.0,19599900.0
2021-12-30,34.22,36.84,33.74,36.06,1640949.0,62610000.0
2021-12-31,36.29,36.29,35.46,35.74,767111.0,29200100.000000004
2022-01-04,36.27,37.44,35.87,36.79,1070032.0,41661100.0
2022-01-05,36.99,37.19,35.84,36.14,957717.0,37019100.0
2022-01-06,35.55,38.32,35.38,37.82,1899607.0,75581000.0
2022-01-07,38.01,38.97,37.33,37.47,1736376.0,70200400.0
2022-01-10,37.69,38.57,37.07,37.25,841405.0,33479300.0
2022-01-11,37.57,37.57,35.22,35.51,1644882.0,63002600.0
2022-01-12,35.7,35.89,34.82,35.33,1069991.0,40168700.0
2022-01-13,35.38,35.7,34.53,34.79,647896.0,24144800.0
2022-01-14,34.74,35.88,34.47,35.87,900220.0,34001200.0
2022-01-17,35.72,39.97,35.72,39.8,3041391.0,124802900.00000001
2022-01-18,40.73,41.38,39.98,40.4,3032979.0,130196700.0
2022-01-19,39.77,40.87,39.3,39.96,1739028.0,73613900.0
2022-01-20,39.96,40.03,38.5,39.24,1415474.0,58830200.00000001
2022-01-21,38.92,39.72,38.17,39.39,1304979.0,53866400.0
2022-01-24,40.2,40.52,38.46,38.77,1275648.0,52971899.99999999
2022-01-25,38.71,39.69,36.13,36.35,1220820.0,48538300.0
2022-01-26,36.37,39.51,36.37,37.96,2194046.0,89109599.99999999
2022-01-27,38.82,38.82,35.19,35.22,1733476.0,66699300.0
2022-01-28,35.9,36.07,35.02,35.3,805804.0,30545500.0
2022-02-07,35.92,36.29,33.92,34.22,1428703.0,52804399.99999999
2022-02-08,34.37,34.6,32.28,32.89,1353491.0,47914900.0
2022-02-09,33.21,33.21,32.47,33.01,806023.0,28314100.0
2022-02-10,32.92,33.24,32.27,33.0,947392.0,33017600.000000004
2022-02-11,32.49,32.86,30.39,30.57,2281234.0,76256300.0
2022-02-14,30.53,30.89,29.61,29.65,797319.0,25809000.0
2022-02-15,29.75,29.92,29.21,29.57,1595780.0,50619399.99999999
2022-02-16,31.7,32.21,30.93,30.95,3207943.0,108386299.99999999
2022-02-17,31.19,31.77,30.63,31.57,1924672.0,64620700.0
2022-02-18,31.3,31.68,31.14,31.48,720966.0,24338600.0
2022-02-21,31.32,32.08,31.16,31.94,582943.0,19829100.0
2022-02-22,31.72,31.72,30.2,30.57,1231770.0,40652300.0
2022-02-23,30.69,31.83,30.27,31.62,1053222.0,35500300.0
2022-02-24,31.91,32.02,30.22,30.58,1332800.0,44611700.0
2022-02-25,30.92,32.06,30.92,31.31,1277957.0,43351300.0
2022-02-28,31.42,32.02,30.54,31.82,1258395.0,42303700.0
2022-03-01,31.88,31.88,31.07,31.47,710233.0,23973600.0
2022-03-02,31.47,31.47,30.92,31.0,531631.0,17737000.0
2022-03-03,31.09,31.33,30.2,30.33,682557.0,22358500.0
2022-03-04,30.25,30.65,29.87,29.87,651236.0,21196000.0
2022-03-07,29.68,29.68,28.95,29.44,612651.0,19329600.0
2022-03-08,29.72,29.83,27.81,27.84,1092346.0,33788900.0
2022-03-09,28.07,28.41,26.35,27.52,1393102.0,41167500.0
2022-03-10,28.4,28.83,27.36,27.42,720800.0,21877500.0
2022-03-11,27.39,27.6,26.51,27.45,803509.0,23597399.999999996
2022-03-14,27.42,27.42,26.38,26.38,915703.0,26509800.0
2022-03-15,26.42,26.72,25.22,25.32,1044267.0,29356900.0
2022-03-16,26.32,26.52,24.95,26.43,981834.0,27602300.0
2022-03-17,26.96,27.37,26.56,27.0,1445121.0,42372800.0
2022-03-18,26.72,26.87,26.13,26.29,1332360.0,38229400.0
2022-03-21,27.32,29.22,26.91,29.04,3117308.0,95163500.0
2022-03-22,28.72,29.75,28.28,28.43,1785898.0,55206200.0
2022-03-23,28.55,29.56,28.22,28.8,1079993.0,33782000.0
2022-03-24,28.24,28.8,27.84,27.9,685738.0,20850800.0
2022-03-25,27.92,28.6,27.51,27.62,452505.0,13633800.000000002
2022-03-28,27.12,27.55,26.92,27.07,752804.0,22176400.0
2022-03-29,27.36,27.51,26.42,26.59,449127.0,13045700.0
2022-03-30,27.19,27.72,26.94,27.37,997522.0,29546400.0
2022-03-31,27.4,27.4,26.43,26.46,813712.0,23667399.999999996
2022-04-01,26.41,26.95,26.05,26.49,648208.0,18696700.0
2022-04-06,26.42,26.42,25.65,25.78,903535.0,25530300.000000004
2022-04-07,25.69,25.94,25.13,25.22,733686.0,20345000.0
2022-04-08,25.21,25.45,24.47,24.84,880316.0,23859600.0
2022-04-11,24.72,25.02,23.52,23.71,884014.0,23294200.0
2022-04-12,23.7,24.16,23.0,23.99,840635.0,21740300.000000004
2022-04-13,23.6,23.96,23.17,23.76,508546.0,13178699.999999998
2022-04-14,23.94,24.62,23.48,24.38,582750.0,15388400.0
2022-04-15,24.04,26.16,24.04,25.53,1876253.0,52293900.0
2022-04-18,25.43,26.6,24.57,26.3,1302447.0,36493200.0
2022-04-19,26.36,26.36,25.33,25.46,642699.0,17984100.0
2022-04-20,25.46,27.09,25.46,26.32,1223592.0,35192500.0
2022-04-21,26.84,26.84,25.23,25.23,1209137.0,33800700.0
2022-04-22,25.24,25.66,24.59,24.74,687860.0,18786200.0
2022-04-25,24.42,24.82,23.23,23.34,906894.0,23811100.0
2022-04-26,23.42,23.44,21.73,21.75,1232763.0,30470700.0
2022-04-27,21.22,23.02,20.84,22.82,1159708.0,28039100.0
2022-04-28,22.66,23.12,22.11,22.23,871032.0,21653500.0
2022-04-29,22.61,25.4,22.61,24.81,1624115.0,43281100.0
2022-05-05,24.17,24.45,23.37,23.59,2162637.0,56195200.00000001
2022-05-06,22.74,23.64,22.53,22.62,1442226.0,36240600.0
2022-05-09,22.6,23.72,22.59,23.02,631549.0,16153300.0
2022-05-10,22.72,24.37,22.42,23.79,1003440.0,26204200.0
2022-05-11,23.87,24.72,23.77,24.01,1260526.0,33444699.999999996
2022-05-12,24.17,24.45,23.72,24.1,1112003.0,29249800.0
2022-05-13,24.1,24.67,23.81,24.16,818226.0,21648300.0
2022-05-16,24.46,25.03,24.14,24.42,777783.0,20803200.0
2022-05-17,24.42,25.73,23.89,25.47,1260751.0,34547100.0
2022-05-18,25.47,25.72,25.22,25.26,464255.0,12866600.0
2022-05-19,24.82,25.78,24.77,25.47,655501.0,18109400.0
2022-05-20,25.47,27.31,25.13,26.75,1319468.0,37570100.0
2022-05-23,26.82,26.82,26.02,26.51,810386.0,23183000.0
2022-05-24,26.42,26.81,24.91,24.91,793191.0,22290500.0
2022-05-25,24.91,25.62,24.82,25.34,472162.0,13035200.0
2022-05-26,25.35,27.12,25.35,26.44,1160008.0,33334500.0
2022-05-27,26.69,26.92,25.6,25.71,764754.0,21708400.0
2022-05-30,25.72,26.09,25.62,26.04,365662.0,10153700.0
2022-05-31,26.12,28.01,25.87,27.92,1179324.0,34383000.0
2022-06-01,28.12,28.3,27.34,27.64,705912.0,20952199.999999996
2022-06-02,27.39,28.99,27.24,28.86,1402509.0,42569700.0
2022-06-06,28.87,30.08,28.86,29.01,1827028.0,57219900.0
2022-06-07,28.88,29.26,28.02,28.45,1371719.0,41745400.0
2022-06-08,28.22,28.59,27.04,27.63,1391263.0,40888400.0
2022-06-09,27.8,27.92,25.94,26.27,1638512.0,46557800.0
2022-06-10,26.32,26.87,26.02,26.47,1638789.0,46384300.0
2022-06-13,26.38,26.87,25.8,26.26,1238133.0,34892800.0
2022-06-14,26.7,26.7,24.62,25.74,1480409.0,40300000.0
2022-06-15,26.05,26.77,25.7,25.72,1085145.0,30333200.0
2022-06-16,25.3,26.61,25.27,26.12,957959.0,26945100.000000004
2022-06-17,26.02,26.18,25.39,25.83,1114902.0,30894699.999999996
2022-06-20,26.03,26.46,25.92,26.04,1152250.0,32298900.0
2022-06-21,26.38,28.02,25.94,26.82,2713747.0,78178000.0
2022-06-22,27.31,27.7,25.32,25.32,2546535.0,72114800.0
2022-06-23,24.94,26.2,24.94,26.06,1493096.0,41028000.0
2022-06-24,26.06,26.5,25.82,26.06,1586790.0,44536400.0
2022-06-27,26.21,27.09,26.1,26.97,1996321.0,56847000.0
2022-06-28,26.96,30.89,26.77,30.47,4969768.0,154427400.0
2022-06-29,30.19,31.4,29.37,30.66,4389663.0,142025000.0
2022-06-30,31.55,33.72,30.61,31.12,4295205.0,145820300.0
2022-07-01,31.76,31.76,29.92,29.92,2036868.0,66147000.0
2022-07-04,30.07,31.4,29.13,31.4,2911797.0,93107800.0
2022-07-05,31.2,32.42,30.74,31.3,2356167.0,78688500.0
2022-07-06,31.11,34.32,30.95,32.9,3630012.0,126419700.0
2022-07-07,33.12,35.1,32.69,33.71,3474064.0,124132000.0
2022-07-08,34.32,34.73,32.85,32.92,1448144.0,51049100.0
2022-07-11,33.01,33.49,32.05,33.4,1604586.0,55719700.0
2022-07-12,32.89,33.4,31.02,31.2,1543597.0,52278000.0
2022-07-13,31.2,31.68,30.77,30.91,707896.0,23426800.0
2022-07-14,30.89,32.9,30.72,32.49,1128848.0,38421000.0
2022-07-15,32.33,32.63,31.3,31.41,1048973.0,35441000.0
2022-07-18,32.56,32.56,30.92,31.5,912487.0,30620300.000000004
2022-07-19,31.4,33.69,31.4,33.49,1900218.0,66408700.0
2022-07-20,33.92,34.72,33.02,33.69,1460555.0,52048300.0
2022-07-21,33.34,36.45,33.12,35.29,3870218.0,144708000.0
2022-07-22,35.23,35.91,34.12,35.52,1799242.0,66581200.0
2022-07-25,35.9,36.13,34.52,34.65,1230409.0,45635000.0
2022-07-26,34.31,35.62,33.64,34.9,1713143.0,62680400.0
2022-07-27,34.76,37.31,34.53,37.13,2892626.0,110785100.0
2022-07-28,37.36,38.82,37.0,38.52,3100188.0,124137200.0
2022-07-29,38.82,38.92,37.43,38.73,2416020.0,97115600.0
2022-08-01,38.62,41.72,38.23,40.43,3696251.0,157145900.0
2022-08-02,40.44,40.69,38.68,39.92,4046503.0,167728400.0
2022-08-03,39.97,44.24,39.62,39.62,7108546.0,311810600.0
2022-08-04,39.92,41.1,37.6,39.22,4061209.0,166631900.0
2022-08-05,39.12,40.8,38.0,38.38,3216787.0,131769599.99999999
2022-08-08,38.62,42.0,37.61,41.2,4112038.0,173038100.0
2022-08-09,41.12,41.94,40.12,41.25,2582219.0,110669700.0
2022-08-10,42.12,43.38,41.08,43.12,3211682.0,142630800.0
2022-08-11,46.12,49.05,44.29,48.23,9071250.0,441897200.0
2022-08-12,47.94,48.35,44.67,44.7,5465664.0,264517200.0
2022-08-15,44.18,46.21,43.29,45.02,3860532.0,179792800.0
2022-08-16,45.62,46.59,43.24,43.59,3021226.0,140214000.0
2022-08-17,43.78,44.93,43.0,43.12,2326584.0,106285300.0
2022-08-18,43.98,46.2,42.48,45.33,2987450.0,138701300.0
2022-08-19,45.01,45.21,40.38,40.59,4214356.0,184989900.00000003
2022-08-22,40.57,41.37,38.97,41.05,2759948.0,116499100.0
2022-08-23,41.09,42.2,40.5,40.79,1413061.0,61119500.0
2022-08-24,41.16,41.16,36.15,36.47,5118134.0,203447500.0
2022-08-25,36.93,37.47,35.33,35.89,2938040.0,111520800.0
2022-08-26,36.12,36.46,34.48,34.91,1740228.0,64872600.0
2022-08-29,34.22,36.78,34.22,35.66,2171111.0,82061299.99999999
2022-08-30,35.68,36.08,34.87,35.47,2085934.0,78157900.0
2022-08-31,35.2,35.62,33.5,33.62,2724126.0,98279400.0
2022-09-01,33.65,36.5,33.52,34.99,2797677.0,104631600.0
2022-09-02,35.42,38.02,34.92,37.97,4015613.0,155039800.0
2022-09-05,37.89,37.89,35.83,35.93,2660045.0,102697200.0
2022-09-06,37.39,38.0,35.79,37.24,2396660.0,92849200.0
2022-09-07,37.09,41.16,36.73,40.77,3930787.0,163291000.0
2022-09-08,40.62,40.9,38.0,38.43,2765203.0,112956299.99999999
2022-09-09,38.12,38.74,35.38,35.7,3381969.0,128643400.0
2022-09-13,35.74,37.27,35.45,36.28,2034946.0,78069600.0
2022-09-14,35.86,36.7,35.28,36.33,2185588.0,82358700.00000001
2022-09-15,36.32,36.37,31.92,32.8,4277534.0,150435300.0
2022-09-16,32.12,33.95,31.97,33.39,2673257.0,94146500.0
2022-09-19,33.32,34.38,32.78,33.36,1487254.0,52964799.99999999
2022-09-20,33.6,34.73,33.25,33.66,1185564.0,42549799.99999999
2022-09-21,33.71,34.24,32.57,33.12,1181003.0,41796500.0
2022-09-22,32.86,34.69,32.82,34.33,1676676.0,60145800.0
2022-09-23,34.59,34.71,32.12,32.92,2418766.0,84644200.0
2022-09-26,32.99,33.62,32.68,32.92,1294283.0,45311100.0
2022-09-27,33.11,33.81,32.02,32.91,1293317.0,44841400.0
2022-09-28,33.19,33.39,31.2,31.62,1241944.0,41887700.00000001
2022-09-29,31.92,31.92,30.02,30.72,3650821.0,118386400.0
2022-09-30,30.61,31.33,29.62,29.91,2354076.0,76597100.0
2022-10-10,30.03,30.23,28.92,29.48,1551151.0,48587600.0
2022-10-11,29.66,30.1,28.88,29.1,1073472.0,33502000.0
2022-10-12,29.12,31.55,28.5,31.49,2641751.0,85341000.0
2022-10-13,31.47,33.89,31.3,32.56,1888771.0,65743100.00000001
2022-10-14,33.33,33.67,32.22,33.21,1747377.0,61096300.0
2022-10-17,32.7,34.76,32.7,34.6,2711726.0,97515500.0
2022-10-18,34.28,34.83,33.42,33.76,1935158.0,69326500.0
2022-10-19,33.76,34.58,32.92,33.34,2202142.0,78016600.0
2022-10-20,33.61,35.42,31.95,34.56,2995034.0,107255400.00000001
2022-10-21,34.57,35.12,32.92,34.38,2295239.0,82447300.0
2022-10-24,34.47,36.13,34.44,35.37,3032704.0,113240000.0
2022-10-25,35.78,35.79,33.82,35.13,2320973.0,85012200.0
2022-10-26,35.14,35.42,34.11,35.02,2631126.0,96364500.0
2022-10-27,36.12,37.0,34.15,34.28,3349775.0,125850300.0
2022-10-28,34.31,35.31,33.78,34.38,2527476.0,92154200.0
2022-10-31,33.99,35.81,33.93,34.43,1846448.0,68264200.0
2022-11-01,34.48,35.31,33.56,34.53,1749200.0,63053500.0
2022-11-02,34.57,36.5,34.52,35.92,2474795.0,93078100.0
2022-11-03,35.75,37.21,35.42,36.69,1827506.0,70420500.0
2022-11-04,37.02,37.04,34.82,35.62,4573828.0,170619900.00000003
2022-11-07,35.29,35.72,34.93,35.23,1827534.0,67845300.0
2022-11-08,34.75,35.02,32.92,33.47,2431885.0,86238400.0
2022-11-09,33.76,33.9,33.19,33.42,834054.0,29556500.0
2022-11-10,33.12,33.63,31.3,31.54,2277990.0,78203500.0
2022-11-11,32.42,32.8,31.75,31.82,1523835.0,51997200.0
2022-11-14,31.82,32.58,30.73,31.04,1237853.0,41249300.0
2022-11-15,30.65,31.95,30.12,31.73,1262227.0,41996300.0
2022-11-16,31.98,32.37,31.24,31.57,1005260.0,33750800.0
2022-11-17,31.2,31.57,30.2,31.16,1279792.0,41795700.0
2022-11-18,31.49,31.81,30.56,30.57,1237619.0,41029200.0
2022-11-21,30.69,32.04,30.22,31.47,1702341.0,56586300.0
2022-11-22,31.47,31.91,30.22,30.45,1164793.0,38047600.0
2022-11-23,30.58,30.58,29.28,30.08,821860.0,25996100.0
2022-11-24,30.31,30.52,29.73,30.21,327755.0,10514400.0
2022-11-25,29.93,30.38,29.5,29.5,432144.0,13648500.0
2022-11-28,29.22,29.62,28.63,29.52,624537.0,19421700.0
2022-11-29,29.08,30.16,29.08,29.89,584778.0,18515700.0
2022-11-30,30.07,30.43,29.72,30.21,430857.0,13791600.0
2022-12-01,30.7,31.42,30.42,30.47,786308.0,25724500.0
2022-12-02,30.31,31.22,30.23,30.33,1038804.0,33817700.0
2022-12-05,30.76,30.76,30.12,30.48,492522.0,15869400.0
2022-12-06,30.18,30.9,30.17,30.42,517550.0,16786100.0
2022-12-07,30.26,30.58,29.76,30.37,848958.0,27228000.0
2022-12-08,30.37,30.83,29.97,30.44,631939.0,20434100.0
2022-12-09,30.32,30.99,30.14,30.86,966081.0,31379300.0
2022-12-12,30.64,31.5,29.73,31.22,1642655.0,53419000.0
2022-12-13,30.87,31.08,30.28,30.3,740611.0,24032100.0
2022-12-14,30.39,31.39,30.39,30.6,879070.0,28942700.0
2022-12-15,30.64,32.2,30.62,31.72,1763473.0,59236300.0
2022-12-16,31.49,32.1,30.5,30.56,1238961.0,40795900.0
2022-12-19,30.54,31.02,30.02,30.22,1104232.0,35801000.0
2022-12-20,30.0,30.66,30.0,30.35,371029.0,11976600.0
2022-12-21,30.41,31.03,29.97,30.55,709930.0,23033700.0
2022-12-22,30.45,30.92,30.13,30.14,681366.0,22013200.0
2022-12-23,29.88,30.39,29.21,29.5,758471.0,23999899.999999996
2022-12-26,29.39,31.07,29.35,30.57,1048554.0,33923500.0
2022-12-27,30.92,31.24,30.35,30.88,592498.0,19381000.0
2022-12-28,30.58,30.75,29.82,30.06,652519.0,20967199.999999996
2022-12-29,29.9,30.32,29.52,29.62,695780.0,22106500.0
2022-12-30,30.09,30.12,29.33,29.72,1202868.0,37880600.0
2023-01-03,29.58,31.2,29.58,31.15,871314.0,28373700.0
2023-01-04,31.38,31.38,30.32,30.54,547881.0,17847600.0
2023-01-05,30.86,31.65,30.25,31.42,1037246.0,34215700.0
2023-01-06,31.44,31.81,31.04,31.14,690788.0,22974699.999999996
2023-01-09,31.72,32.67,31.6,32.12,1698098.0,57878600.0
2023-01-10,32.19,32.45,31.74,31.87,602833.0,20432000.0
2023-01-11,31.82,32.24,31.33,31.33,555008.0,18713300.0
2023-01-12,31.32,31.99,31.32,31.79,388702.0,13065800.0
2023-01-13,31.37,31.91,31.32,31.42,558702.0,18673400.0
2023-01-16,31.45,32.4,31.43,32.26,1241172.0,41979200.0
2023-01-17,32.48,33.7,32.2,33.4,1610342.0,56102200.0
2023-01-18,33.34,34.09,32.98,32.99,1135901.0,40158800.0
2023-01-19,33.22,33.45,32.74,33.3,894434.0,31350100.000000004
2023-01-20,33.74,34.27,33.4,33.7,822078.0,29324500.0
2023-01-30,34.25,34.86,33.83,34.03,1870896.0,67816700.0
2023-01-31,34.3,34.3,33.24,33.3,825118.0,29257600.000000004
2023-02-01,33.57,34.93,33.29,34.67,1601181.0,58184100.0
2023-02-02,34.67,35.77,34.66,34.92,1695391.0,63107400.0
2023-02-03,35.05,35.29,34.48,34.91,1053025.0,38712300.0
2023-02-06,34.91,37.0,34.91,35.87,2509645.0,95443700.00000001
2023-02-07,35.86,38.39,35.86,37.94,3424096.0,134593300.0
2023-02-08,38.62,39.5,36.92,38.79,3668502.0,147426500.0
2023-02-09,39.17,41.59,38.56,41.12,5312942.0,226052200.0
2023-02-10,40.92,41.12,38.42,38.6,4494746.0,185631699.99999997
2023-02-13,38.89,39.45,38.14,38.65,2546632.0,103368500.0
2023-02-14,38.52,39.17,37.82,38.21,2337980.0,93798600.0
2023-02-15,38.22,39.66,38.22,39.11,2386573.0,97521299.99999999
2023-02-16,38.89,39.68,37.14,37.89,2661614.0,107698600.0
2023-02-17,38.43,38.72,36.87,36.96,2219274.0,87298400.0
2023-02-20,37.02,37.62,36.62,37.5,1948581.0,76266400.0
2023-02-21,37.67,38.21,37.15,37.65,1644144.0,65122700.00000001
2023-02-22,37.55,38.57,37.47,37.79,1634918.0,65291899.99999999
2023-02-23,37.43,37.82,36.72,37.81,2014255.0,78892100.0
2023-02-24,37.65,38.49,37.45,38.06,1423289.0,56775500.0
2023-02-27,37.71,38.06,36.92,37.57,1365977.0,53608900.0
2023-02-28,37.46,38.12,36.92,37.17,956263.0,37516400.0
2023-03-01,37.62,37.82,36.7,37.59,1808800.0,70680600.0
2023-03-02,37.64,39.12,37.64,37.84,1964032.0,79042500.0
2023-03-03,37.93,38.24,36.52,37.02,1805060.0,70312700.0
2023-03-06,37.22,37.36,36.24,36.65,1452147.0,55869200.0
2023-03-07,36.75,36.81,35.21,35.27,1168535.0,44122700.00000001
2023-03-08,35.09,35.9,35.03,35.59,780242.0,29192199.999999996
2023-03-09,35.59,36.7,35.41,36.26,991974.0,37820800.0
2023-03-10,36.25,36.6,35.68,35.93,762343.0,28991200.0
2023-03-13,35.89,36.24,34.97,35.56,815939.0,30394500.0
2023-03-14,35.57,36.17,35.06,36.02,873219.0,32754800.0
2023-03-15,36.11,37.0,36.0,36.0,899579.0,34464900.0
2023-03-16,35.89,36.3,35.18,35.25,918044.0,34416300.0
2023-03-17,35.6,37.39,35.32,36.71,1261270.0,48309100.0
2023-03-20,36.7,36.7,35.12,36.56,1436790.0,54345400.0
2023-03-21,36.52,39.47,36.14,38.85,2466103.0,98839100.0
2023-03-22,39.1,39.1,38.2,38.57,1582050.0,64077000.0
2023-03-23,38.57,39.61,38.41,39.61,1571044.0,64361300.0
2023-03-24,39.52,40.24,38.62,39.47,1488730.0,61302800.0
2023-03-27,39.38,39.9,38.77,39.42,1492961.0,61506600.0
2023-03-28,39.52,39.96,38.41,38.42,1827381.0,74766700.0
2023-03-29,38.32,39.88,38.25,38.75,2102967.0,86142300.0
2023-03-30,38.58,39.51,38.23,38.45,1157656.0,47143300.0
2023-03-31,38.48,40.0,38.26,39.66,1531901.0,63042400.0
2023-04-03,40.03,41.0,39.66,40.8,2190120.0,92645300.0
2023-04-04,40.7,41.27,39.76,39.94,1965562.0,83073200.0
2023-04-06,39.61,40.92,39.42,40.33,2116234.0,89047700.0
2023-04-07,40.63,41.61,39.82,40.9,1963841.0,83540600.0
2023-04-10,43.12,45.0,41.62,41.79,5710929.0,258983100.0
2023-04-11,41.78,42.23,39.97,40.23,2660570.0,113664700.0
2023-04-12,40.45,41.6,40.12,41.07,1855802.0,79381300.0
2023-04-13,40.63,41.56,39.32,39.39,2337569.0,98463600.0
2023-04-14,39.72,41.29,38.82,40.94,2247368.0,94520600.0
2023-04-17,41.6,43.32,41.11,41.55,2717407.0,119789100.0
2023-04-18,41.6,42.02,39.72,40.23,1678382.0,70899300.0
2023-04-19,40.0,41.41,40.0,40.45,1255905.0,53421400.0
2023-04-20,40.4,41.2,39.43,39.67,1381132.0,58089700.0
2023-04-21,39.92,40.04,37.32,37.4,1773226.0,71470200.0
2023-04-24,37.52,37.98,36.12,36.57,1616337.0,62593900.0
2023-04-25,36.89,36.89,34.82,35.39,1434509.0,53742299.99999999
2023-04-26,35.49,35.93,34.65,34.79,1419994.0,52662900.0
2023-04-27,35.0,35.33,34.12,34.24,1221222.0,44539100.0
2023-04-28,34.22,35.29,34.13,35.01,1161086.0,42676899.99999999
2023-05-04,35.31,36.94,34.38,35.67,2937543.0,109745000.0
2023-05-05,35.67,35.67,33.92,34.34,1504903.0,54821200.0
2023-05-08,34.34,34.5,33.72,33.91,1203207.0,43192000.0
2023-05-09,34.08,34.56,33.19,33.53,1073346.0,38320800.0
2023-05-10,33.72,34.3,33.42,33.8,953071.0,34050800.0
2023-05-11,33.62,34.12,32.9,32.95,1405750.0,49444700.0
2023-05-12,33.07,33.42,31.95,32.02,1908673.0,65325600.00000001
2023-05-15,32.23,33.0,31.12,33.0,1853677.0,62841899.99999999
2023-05-16,33.35,33.52,32.61,33.11,1257238.0,44062200.0
2023-05-17,33.23,33.69,32.74,33.68,841147.0,29668800.0
2023-05-18,34.0,35.21,33.43,35.1,2177002.0,79429100.0
2023-05-19,35.35,36.57,34.89,35.52,2051374.0,77334900.0
2023-05-22,35.52,36.5,35.37,36.16,1632960.0,61776899.99999999
2023-05-23,36.02,36.32,35.43,35.43,918798.0,34628300.0
2023-05-24,35.32,36.02,34.96,35.6,1071050.0,40117200.0
2023-05-25,35.77,35.82,34.78,35.45,1172209.0,43449100.0
2023-05-26,35.14,35.67,34.49,35.48,2345312.0,86882200.0
2023-05-29,35.71,36.57,34.73,36.57,3197835.0,119480500.0
2023-05-30,36.22,36.22,34.66,35.76,3136105.0,117284500.0
2023-05-31,36.08,38.48,35.72,37.97,4848625.0,191177700.0
2023-06-01,37.48,37.74,36.8,37.32,4284765.0,167870700.0
2023-06-02,37.47,41.5,36.26,39.22,8064773.0,328452000.0
2023-06-05,38.76,40.99,38.42,38.79,6887650.0,285471800.0
2023-06-06,38.44,38.61,35.78,35.9,4879698.0,189415200.0
2023-06-07,36.56,37.42,35.72,36.75,3239309.0,124339300.0
2023-06-08,37.88,39.78,37.11,37.87,5730728.0,230903000.0
2023-06-09,37.87,40.29,37.87,39.71,6925170.0,283462800.0
2023-06-12,40.01,40.2,38.63,39.6,4092792.0,167452200.0
2023-06-13,39.71,41.8,39.22,39.67,5235148.0,218136100.0
2023-06-14,39.41,40.21,38.51,40.04,4548939.0,186614400.0
2023-06-15,41.3,47.25,40.95,44.47,10991954.0,509274300.0
2023-06-16,44.06,44.96,43.46,44.49,5758640.0,263618900.0
2023-06-19,44.98,45.83,44.0,45.41,5253851.0,245569600.0
2023-06-20,45.52,47.02,44.96,45.97,4684626.0,223770300.0
2023-06-21,45.41,45.76,43.91,44.26,3570033.0,164775500.0
2023-06-26,43.57,44.69,41.5,41.61,4028468.0,178738800.0
2023-06-27,41.7,42.38,41.23,41.54,2255753.0,97724100.0
2023-06-28,41.78,41.78,39.44,41.07,2891051.0,121753600.0
2023-06-29,41.14,43.77,41.07,42.93,3403588.0,150437700.0
2023-06-30,42.98,43.29,42.08,43.04,1934738.0,85775900.0
2023-07-03,42.85,43.54,41.66,41.81,2722433.0,120189599.99999999
2023-07-04,41.67,45.37,41.53,44.36,4257931.0,194208400.0
2023-07-05,44.29,44.71,41.91,42.12,3318223.0,147446800.0
2023-07-06,42.04,42.4,41.39,41.49,1753868.0,76178200.0
2023-07-07,41.34,41.68,40.0,40.47,2044427.0,86235000.0
2023-07-10,41.16,41.81,40.13,40.51,1448133.0,61326600.0
2023-07-11,40.31,42.39,40.16,41.99,2083338.0,89929400.0
2023-07-12,42.45,44.79,42.41,43.1,5578797.0,252529600.0
2023-07-13,43.05,44.01,42.11,43.81,3631806.0,162050700.0
2023-07-14,43.71,44.09,42.09,42.41,2547064.0,113276000.0
2023-07-17,42.41,44.39,42.01,43.5,2320546.0,104520000.0
2023-07-18,42.93,43.41,41.51,41.81,2029473.0,88985200.0
2023-07-19,42.04,42.13,40.77,40.95,1334653.0,57126300.0
2023-07-20,41.03,41.03,39.35,39.38,1493969.0,62182100.0
2023-07-21,39.36,39.91,38.49,38.56,1050372.0,42587900.0
2023-07-24,38.65,38.97,38.21,38.58,1057710.0,42524900.0
2023-07-25,39.11,39.7,38.3,39.26,1370651.0,55750600.00000001
2023-07-26,39.02,39.26,38.01,38.32,1023920.0,41087700.00000001
2023-07-27,38.89,41.21,38.79,40.34,3813889.0,159601800.0
2023-07-28,39.8,40.59,38.99,40.05,1783345.0,73982000.0
2023-07-31,40.02,40.81,39.41,39.58,1391251.0,57686300.0
2023-08-01,39.97,40.69,39.42,40.23,1257958.0,52588300.0
2023-08-02,40.11,40.53,39.41,40.0,847620.0,35126700.0
2023-08-03,39.59,40.17,39.12,39.36,967014.0,39727100.0
2023-08-04,39.56,40.71,39.21,40.6,1372115.0,57297400.0
2023-08-07,40.23,41.23,40.13,40.22,932240.0,39370000.0
2023-08-08,40.12,42.69,39.43,41.8,3280697.0,140490700.0
2023-08-09,42.06,42.69,39.09,39.59,3287455.0,138254600.0
2023-08-10,39.4,40.86,37.91,40.27,1827081.0,75440500.0
2023-08-11,40.27,40.28,38.27,38.27,1166595.0,47470800.0
2023-08-14,38.27,38.58,36.31,37.2,2159916.0,83474300.0
2023-08-15,37.29,37.65,36.51,37.01,878331.0,33999000.0
2023-08-16,36.63,37.11,36.08,36.34,768894.0,29310600.0
2023-08-17,36.11,37.49,35.73,37.43,1056233.0,40819700.0
2023-08-18,37.39,38.29,37.01,37.1,767866.0,30151200.0
2023-08-21,37.1,37.57,36.91,37.0,488489.0,18980700.0
2023-08-22,36.98,37.99,36.01,37.01,1170495.0,44789900.0
2023-08-23,36.99,37.0,35.62,35.64,685124.0,25846300.0
2023-08-24,35.71,36.78,35.28,36.29,716361.0,27000100.000000004
2023-08-25,35.96,35.98,34.41,34.79,1187854.0,43562500.0
2023-08-28,36.69,37.5,34.81,35.11,1486365.0,55928600.0
2023-08-29,35.91,38.11,35.41,37.76,1912293.0,74272300.0
2023-08-30,38.07,39.28,37.78,39.03,1725703.0,69768100.0
2023-08-31,39.21,39.39,38.61,39.0,779951.0,31672900.0
2023-09-01,39.0,39.09,38.16,38.68,630214.0,25306100.0
2023-09-04,38.91,39.2,37.91,38.56,1109157.0,44333500.0
2023-09-05,38.7,39.11,38.32,38.66,745694.0,30078300.0
2023-09-06,38.41,39.18,37.91,38.99,934487.0,37594900.0
2023-09-07,38.9,38.9,37.87,37.98,762378.0,30400700.0
2023-09-08,38.3,38.74,37.99,38.46,682630.0,27278100.0
2023-09-11,38.46,39.41,38.31,38.68,1074080.0,43468100.00000001
2023-09-12,39.91,40.53,38.65,39.37,3001186.0,123670800.0
2023-09-13,39.15,39.2,36.46,36.99,2671705.0,104193900.0
2023-09-14,36.99,37.16,35.79,36.09,879527.0,33273100.0
2023-09-15,36.22,36.86,35.61,36.34,680703.0,25707000.0
2023-09-18,36.39,37.32,35.79,36.72,815100.0,31273200.0
2023-09-19,36.53,36.81,35.83,36.51,724119.0,27497399.999999996
2023-09-20,36.16,36.54,35.39,35.56,552900.0,20732500.0
2023-09-21,35.45,35.69,35.05,35.17,502810.0,18551500.0
2023-09-22,34.84,36.6,34.84,36.42,788269.0,29618900.0
2023-09-25,36.69,37.78,36.31,37.32,1159277.0,44811700.0
2023-09-26,37.2,37.39,36.46,36.88,534110.0,20528300.0
2023-09-27,36.76,37.68,36.52,36.71,728923.0,28148500.0
2023-09-28,36.88,37.51,36.79,37.26,755144.0,29316700.0
2023-10-09,37.41,38.28,37.04,37.82,1043942.0,41169700.0
2023-10-10,38.36,38.36,36.34,36.4,869554.0,33521200.0
2023-10-11,36.39,37.48,36.13,37.21,897305.0,34595100.0
2023-10-12,37.4,37.49,34.66,34.81,2209811.0,82379500.0
2023-10-13,34.48,35.4,33.83,34.51,2075437.0,74879500.0
2023-10-16,34.42,34.67,32.18,32.64,2238864.0,77377400.0
2023-10-17,32.56,33.15,31.71,31.92,1695162.0,57173100.00000001
2023-10-18,31.73,32.07,31.22,31.4,969329.0,32080400.0
2023-10-19,31.27,32.48,30.98,31.34,950224.0,31778300.0
2023-10-20,31.36,31.77,30.53,30.57,1047023.0,34135000.0
2023-10-23,30.46,31.03,30.09,30.36,784951.0,25243700.0
2023-10-24,30.37,31.31,30.21,30.66,902234.0,29096300.0
2023-10-25,30.91,31.38,30.63,30.76,872373.0,28372100.0
2023-10-26,30.37,30.95,29.52,30.95,1119911.0,35668800.0
2023-10-27,30.81,31.81,30.26,31.45,1263052.0,41276800.0
2023-10-30,31.21,33.15,31.04,32.87,1762045.0,59704300.0
2023-10-31,32.86,33.89,32.86,33.3,1723284.0,60411500.0
2023-11-01,33.58,34.95,33.43,34.07,2491815.0,89891200.00000001
2023-11-02,34.28,34.57,32.73,32.84,1151377.0,40472700.0
2023-11-03,33.39,34.84,33.11,34.77,1918466.0,68618800.0
2023-11-06,35.21,35.91,34.49,35.82,2041428.0,75395800.0
2023-11-07,35.71,36.02,35.24,35.76,1373074.0,51117400.0
2023-11-08,35.37,37.76,35.02,37.02,3673037.0,140115000.0
2023-11-09,36.72,37.52,36.52,36.81,1927297.0,74232000.0
2023-11-10,36.67,37.66,36.2,36.98,1595231.0,61647600.0
2023-11-13,37.23,37.62,36.73,37.03,1834519.0,70849200.0
2023-11-14,36.91,39.01,36.76,38.61,2806673.0,112095100.0
2023-11-15,38.91,39.31,37.71,38.23,1789388.0,71373200.0
2023-11-16,38.23,38.51,37.51,37.52,1121839.0,44312400.0
2023-11-17,37.77,38.7,37.22,38.11,1585228.0,62638300.0
2023-11-20,38.69,39.29,38.44,39.13,1760485.0,71374200.0
2023-11-21,39.19,39.77,38.64,38.86,1436775.0,58414200.0
2023-11-22,38.51,39.24,38.03,38.1,901778.0,36154300.0
2023-11-23,37.91,38.96,37.67,38.59,1143361.0,45813100.00000001
2023-11-24,38.56,38.61,37.53,37.62,1238233.0,48787800.0
2023-11-27,37.52,38.26,37.52,38.01,1039300.0,41020300.0
2023-11-28,37.73,38.57,37.34,37.72,1254579.0,49572500.0
2023-11-29,38.17,38.73,37.93,38.19,1285989.0,51357299.99999999
2023-11-30,37.91,38.41,37.01,37.49,1500143.0,58626600.0
2023-12-01,37.58,37.86,36.71,37.13,1039187.0,40171800.0
2023-12-04,37.21,37.81,36.92,36.99,1079110.0,42060300.0
2023-12-05,37.03,37.03,36.02,36.02,1100518.0,41793600.0
2023-12-06,36.19,36.69,35.9,36.03,1128372.0,42684700.0
2023-12-07,35.91,36.71,35.81,36.34,1132244.0,42994700.0
2023-12-08,36.32,37.56,36.29,36.86,1363958.0,52673500.0
2023-12-11,36.83,37.71,36.09,37.63,1245449.0,48086400.0
2023-12-12,37.52,37.54,36.11,36.15,1802275.0,68708300.0
2023-12-13,36.21,36.89,35.89,36.2,852529.0,32308400.0
2023-12-14,36.21,36.72,36.03,36.03,540237.0,20491200.0
2023-12-15,36.06,36.35,35.68,35.72,572788.0,21498000.0
2023-12-18,35.76,35.76,35.01,35.23,794045.0,29360900.0
2023-12-19,35.21,36.05,34.98,35.6,676105.0,25093000.0
2023-12-20,35.98,36.36,35.07,35.17,595180.0,22060400.0
2023-12-21,35.17,35.77,34.35,35.4,786888.0,28824100.0
2023-12-22,35.63,35.63,34.56,34.71,812075.0,29678600.0
2023-12-25,34.46,35.61,34.46,34.82,961157.0,35323200.0
2023-12-26,34.7,34.7,33.79,34.33,618121.0,22134100.0
2023-12-27,34.21,34.51,33.77,34.33,859165.0,30641100.0
2023-12-28,34.26,35.31,33.86,34.86,930130.0,33880600.0
2023-12-29,34.78,36.23,34.78,35.93,993882.0,37093200.0
2024-01-02,35.82,36.0,34.38,34.43,1139964.0,41736400.0
2024-01-03,34.43,34.43,33.57,33.92,979739.0,34777100.0
2024-01-04,34.14,34.14,33.09,33.37,942338.0,32961300.0
2024-01-05,33.43,33.86,32.7,32.94,856792.0,29797100.0
2024-01-08,33.41,33.41,32.01,32.18,779911.0,26482399.999999996
2024-01-09,32.71,33.18,32.12,32.36,894078.0,30648700.0
2024-01-10,32.36,32.59,31.35,31.8,918618.0,30832199.999999996
2024-01-11,31.69,33.17,31.69,33.0,1288499.0,43973100.00000001
2024-01-12,32.65,32.91,32.07,32.16,796211.0,27085400.0
2024-01-15,32.17,32.73,31.57,32.34,691944.0,23415100.000000004
2024-01-16,32.39,32.68,31.69,32.34,717790.0,24115300.000000004
2024-01-17,32.34,32.34,30.91,31.09,744567.0,24642500.0
2024-01-18,30.87,30.93,29.86,30.51,1209571.0,38587800.0
2024-01-19,30.75,31.18,30.4,30.47,797395.0,25750200.0
2024-01-22,30.56,30.56,27.73,28.11,1724630.0,52886700.0
2024-01-23,28.12,28.78,27.54,28.41,1324710.0,39500500.0
2024-01-24,28.33,29.06,26.99,28.41,1926925.0,56630300.0
2024-01-25,28.41,29.79,28.22,29.66,1160795.0,35669600.0
2024-01-26,29.66,30.05,28.81,28.98,792933.0,24486200.0
2024-01-29,29.36,29.36,27.51,27.54,961082.0,28571000.0
2024-01-30,26.91,27.9,26.41,26.5,1058196.0,30558700.0
2024-01-31,26.49,27.09,24.81,24.98,1285048.0,35033400.0
2024-02-01,24.79,25.19,23.96,24.4,1825501.0,47576899.99999999
2024-02-02,24.61,24.79,22.04,23.16,1780475.0,44436500.0
2024-02-05,22.61,22.61,19.57,20.7,3293372.0,73555400.0
2024-02-06,20.41,22.41,19.53,22.07,3034678.0,68617100.0
2024-02-07,22.39,23.66,21.84,23.14,2512179.0,61628700.0
2024-02-08,23.35,25.4,22.81,25.39,2357341.0,61036000.0
2024-02-19,25.81,27.6,25.81,26.37,2310733.0,65322700.00000001
2024-02-20,26.41,26.6,25.71,26.53,1192539.0,33100700.0
2024-02-21,26.31,27.66,25.91,26.91,1598668.0,45768300.0
2024-02-22,26.74,27.4,26.74,27.39,1152415.0,33057000.0
2024-02-23,27.41,28.14,27.07,28.14,1554370.0,45603500.0
2024-02-26,30.45,34.09,29.98,34.09,6419521.0,218681400.0
2024-02-27,33.47,34.41,31.99,33.91,5982244.0,205926300.0
2024-02-28,33.36,33.99,31.08,31.09,3822880.0,130459000.0
2024-02-29,30.41,33.4,30.29,33.38,3222694.0,109298300.0
2024-03-01,33.31,34.09,32.72,33.61,2302692.0,80820200.0
2024-03-04,33.41,34.76,32.64,34.58,2962264.0,105103000.0
2024-03-05,34.36,34.54,33.23,33.59,2003547.0,71006200.0
2024-03-06,33.27,34.14,32.91,33.86,2027078.0,71438400.0
2024-03-07,34.1,34.71,32.41,33.12,2497625.0,87586800.0
2024-03-08,33.12,38.21,32.77,36.53,5730591.0,213666400.0
2024-03-11,35.92,36.87,35.29,36.48,2420139.0,90465500.0
2024-03-12,36.27,37.29,36.02,36.71,2274401.0,87152300.0
2024-03-13,36.9,37.91,36.21,36.34,1747793.0,67484800.0
2024-03-14,37.47,37.79,35.88,36.33,1889562.0,71983600.0
2024-03-15,36.41,37.41,35.97,37.36,1974433.0,76039500.0
2024-03-18,38.18,38.23,36.81,37.81,2006726.0,78327100.0
2024-03-19,37.6,39.09,37.01,37.87,2398184.0,94056000.0
2024-03-20,37.61,38.11,36.92,37.58,1760534.0,68714000.0
2024-03-21,37.58,38.36,36.8,36.87,1766786.0,68697500.0
2024-03-22,36.92,37.3,36.41,36.71,1662488.0,64087299.99999999
2024-03-25,36.9,36.99,35.76,35.76,1239566.0,47140000.0
2024-03-26,35.96,36.21,34.61,35.75,2085476.0,76956600.0
2024-03-27,35.74,35.91,33.97,34.22,1650065.0,59717700.00000001
2024-03-28,34.2,35.41,33.91,34.81,1448830.0,52807200.0
2024-03-29,35.11,35.89,34.71,35.6,1384986.0,51489300.0
2024-04-01,35.6,35.96,35.32,35.88,999776.0,37196400.0
2024-04-02,35.91,36.51,34.77,35.06,1532078.0,56548600.0
2024-04-03,34.8,35.2,34.29,34.87,1141547.0,41504500.0
2024-04-08,35.5,37.26,35.3,35.3,3213475.0,121144700.0
2024-04-09,35.71,35.71,34.01,34.9,2238088.0,81118600.0
2024-04-10,35.29,35.36,33.91,34.2,1292672.0,46447700.00000001
2024-04-11,34.1,34.97,33.93,34.41,1250232.0,45162299.99999999
2024-04-12,34.51,35.21,34.22,34.42,1156377.0,41997000.0
2024-04-15,34.41,34.71,33.31,34.21,1538843.0,54694900.0
2024-04-16,33.79,34.0,32.31,32.66,1757654.0,60801400.0
2024-04-17,32.98,34.17,32.42,34.16,1386915.0,48950500.0
2024-04-18,34.06,34.75,33.77,34.01,1222399.0,43885200.00000001
2024-04-19,33.92,34.26,32.91,33.72,1280295.0,44849200.0
2024-04-22,33.72,34.97,33.21,34.39,1920634.0,69086700.0
2024-04-23,34.36,34.68,33.46,34.01,1422009.0,50576899.99999999
2024-04-24,34.03,35.1,34.01,35.05,1490673.0,53953500.0
2024-04-25,35.21,35.39,34.66,35.1,1190815.0,43613200.0
2024-04-26,35.11,36.23,34.88,36.23,1810346.0,67530300.0
2024-04-29,35.82,35.82,34.21,35.08,5227623.0,190319700.0
2024-04-30,35.08,35.61,34.01,34.22,2837251.0,102913700.00000001
2024-05-06,34.63,35.4,34.63,34.91,1527824.0,55929000.0
2024-05-07,34.81,35.69,34.74,35.27,1293076.0,47773400.0
2024-05-08,35.12,35.37,34.61,34.77,924105.0,33789700.0
2024-05-09,34.91,35.57,34.84,35.0,1349432.0,49632900.0
2024-05-10,35.09,35.09,34.09,34.32,1147107.0,41286700.0
2024-05-13,34.01,34.06,32.52,33.1,2542399.0,88536200.00000001
2024-05-14,33.13,33.67,32.8,32.99,741795.0,25762700.0
2024-05-15,32.92,33.07,32.09,32.87,765148.0,26197100.0
2024-05-16,32.98,33.15,32.29,32.35,642546.0,22013600.0
2024-05-17,32.44,32.76,32.2,32.41,829978.0,28218600.0
2024-05-20,32.42,33.39,32.37,32.66,897237.0,30948000.0
2024-05-21,32.85,33.01,31.97,32.06,736840.0,24894800.0
2024-05-22,32.01,32.23,31.61,31.99,702039.0,23549500.0
2024-05-23,31.96,32.2,31.46,31.49,630175.0,21011400.0
2024-05-24,31.41,31.8,31.17,31.33,665032.0,21929600.0
2024-05-27,31.29,32.3,31.07,32.29,854446.0,28480200.0
2024-05-28,32.49,33.41,32.04,32.96,1048574.0,36244700.0
2024-05-29,32.97,33.28,32.51,32.61,504808.0,17372900.0
2024-05-30,32.99,33.38,32.46,32.96,548027.0,18626800.0
2024-05-31,32.78,33.34,32.78,32.92,481746.0,16391700.0
2024-06-03,33.04,33.5,32.62,32.94,481885.0,16417300.0
2024-06-04,32.94,33.36,32.53,33.18,516929.0,17513800.0
2024-06-05,33.8,33.89,32.69,32.69,567217.0,19478200.0
2024-06-06,32.97,33.21,32.31,32.44,626366.0,21118300.0
2024-06-07,32.76,32.8,31.81,32.09,567480.0,18812300.0
2024-06-11,32.34,33.21,31.51,32.95,846613.0,28309600.0
2024-06-12,33.27,33.63,32.96,33.11,572075.0,19639400.0
2024-06-13,33.11,33.84,33.02,33.4,608802.0,20949300.0
2024-06-14,33.17,33.4,32.92,33.15,490190.0,16711099.999999998
2024-06-17,32.34,33.78,32.34,33.55,674415.0,23215400.0
2024-06-18,33.38,34.67,33.37,34.23,838453.0,29442900.0
2024-06-19,34.78,34.91,33.65,34.11,851172.0,29883200.0
2024-06-20,34.12,35.46,34.11,34.41,1442831.0,51784100.0
2024-06-21,34.32,34.89,33.6,34.46,650870.0,23028700.0
2024-06-24,34.11,34.46,33.29,33.36,1118416.0,38844500.0
2024-06-25,33.02,33.91,31.81,31.87,1040630.0,34806200.0
2024-06-26,31.59,32.61,31.59,32.51,981389.0,32552000.0
2024-06-27,32.15,32.53,31.7,31.85,673806.0,22233900.0
2024-06-28,31.6,32.39,31.49,31.77,824052.0,27239000.0
2024-07-01,31.56,32.04,30.67,31.4,1013768.0,32574000.0
2024-07-02,31.22,31.5,29.84,29.84,1558901.0,48982299.99999999
2024-07-03,29.34,30.63,29.34,30.12,565200.0,17569800.0
2024-07-04,30.21,30.6,30.08,30.15,545279.0,17074300.0
2024-07-05,30.01,30.51,29.56,30.36,394523.0,12205000.0
2024-07-08,30.31,30.43,29.35,29.41,559942.0,17239300.0
2024-07-09,29.46,30.78,28.95,30.52,1292988.0,39629200.0
2024-07-10,30.91,32.22,30.27,31.66,1688699.0,54920400.0
2024-07-11,32.2,34.15,31.66,33.55,3820500.0,130149900.0
2024-07-12,33.41,35.39,32.97,35.39,5576512.0,197027000.0
2024-07-15,34.51,34.81,31.79,31.92,5017508.0,173126400.0
2024-07-16,31.19,32.62,30.67,32.33,2646590.0,86535000.0
2024-07-17,32.36,32.36,30.41,30.46,2242295.0,72077300.0
2024-07-18,30.31,31.21,29.56,30.85,1450778.0,45328200.0
2024-07-19,30.51,32.97,30.46,32.04,1574642.0,51920400.0
2024-07-22,31.81,32.89,31.71,32.7,1256553.0,42089700.0
2024-07-23,33.14,33.81,31.41,31.44,1428406.0,47474100.0
2024-07-24,31.21,31.68,30.49,30.97,1178268.0,37761800.0
2024-07-25,30.51,31.46,30.19,30.8,997075.0,31687100.0
2024-07-26,30.81,31.38,30.64,30.95,682877.0,21808600.0
2024-07-29,30.91,31.93,30.51,31.62,1040488.0,33521500.0
2024-07-30,31.59,31.59,30.61,30.96,1006287.0,32117900.0
2024-07-31,30.81,32.2,30.71,32.02,1201270.0,39445700.0
2024-08-01,32.22,33.13,32.0,32.69,1461637.0,48980500.0
2024-08-02,32.28,32.78,31.65,31.78,896779.0,29756400.0
2024-08-05,31.57,31.88,30.11,30.11,1360414.0,43277500.0
2024-08-06,30.65,30.94,30.41,30.83,787478.0,24952199.999999996
2024-08-07,30.8,30.97,30.36,30.41,503891.0,15968800.000000002
2024-08-08,30.35,30.91,29.91,30.51,545540.0,17106400.0
2024-08-09,30.51,30.95,30.51,30.54,359681.0,11401000.0
2024-08-12,30.54,30.61,30.21,30.47,255156.0,8009800.0
2024-08-13,30.41,30.77,30.21,30.73,257552.0,8100000.0
2024-08-14,30.74,30.89,30.32,30.37,391482.0,12337700.0
2024-08-15,30.37,30.94,30.17,30.46,463817.0,14688300.0
2024-08-16,30.47,30.73,30.33,30.37,366668.0,11555300.0
2024-08-19,30.14,32.52,30.06,30.52,869747.0,27818500.0
2024-08-20,30.27,30.69,29.8,29.82,757025.0,23599600.0
2024-08-21,29.82,30.31,29.64,30.11,306166.0,9489300.0
2024-08-22,30.07,30.33,29.81,30.15,380206.0,11802200.0
2024-08-23,28.98,30.14,28.98,29.55,358082.0,11009700.0
2024-08-26,29.65,30.46,29.36,30.19,492346.0,15302500.0
2024-08-27,30.19,30.21,29.45,29.53,497344.0,15328699.999999998
2024-08-28,29.78,30.14,29.56,29.64,304421.0,9370900.0
2024-08-29,28.91,29.38,27.8,28.36,1807643.0,53011000.0
2024-08-30,28.35,29.96,28.26,29.23,1027620.0,31105200.0
2024-09-02,29.34,30.06,29.09,29.24,933654.0,28624800.0
2024-09-03,29.35,31.0,29.24,30.52,1351775.0,42552500.0
2024-09-04,30.47,30.81,30.14,30.46,473294.0,14891400.000000002
2024-09-05,30.49,30.85,30.24,30.49,298547.0,9402900.0
2024-09-06,30.49,30.71,29.96,30.18,370061.0,11609700.0
2024-09-09,30.31,30.31,28.91,29.04,775809.0,23558500.0
2024-09-10,29.12,29.49,28.71,29.21,346560.0,10421099.999999998
2024-09-11,29.27,29.46,28.93,29.26,272426.0,8228099.999999999
2024-09-12,29.4,29.51,28.75,28.75,412519.0,12387400.0
2024-09-13,28.76,28.9,28.01,28.11,534722.0,15667900.0
2024-09-18,28.56,28.57,27.61,28.13,492931.0,14314000.0
2024-09-19,28.28,28.77,28.0,28.17,513688.0,15063100.0
2024-09-20,28.02,28.41,27.81,28.09,343713.0,9966100.0
2024-09-23,28.21,29.31,27.9,28.51,812475.0,24165700.0
2024-09-24,28.51,29.4,28.11,29.4,1086213.0,32496900.0
2024-09-25,29.89,30.59,29.01,29.08,1379815.0,42640400.0
2024-09-26,29.16,30.26,29.0,30.26,874698.0,26840000.0
2024-09-27,30.89,32.46,30.54,32.04,1469954.0,47587100.0
2024-09-30,33.99,36.3,33.02,35.99,3885648.0,139550300.0
2024-10-08,43.31,43.31,37.01,39.9,5927496.0,240516800.0
2024-10-09,38.74,39.19,35.51,35.84,3887673.0,149293700.0
2024-10-10,36.69,37.46,35.67,35.68,2238192.0,83823000.0
2024-10-11,35.49,35.54,32.91,33.34,2335113.0,82507099.99999999
2024-10-14,33.58,34.78,32.82,34.69,1527962.0,53228400.0
2024-10-15,34.69,35.36,34.14,34.14,1511285.0,54035600.00000001
2024-10-16,34.01,34.26,32.91,33.26,1226571.0,42335600.00000001
2024-10-17,34.01,38.31,33.49,36.52,5889644.0,220556200.0
2024-10-18,36.62,40.31,36.01,39.11,6412673.0,254023500.0
2024-10-21,40.11,41.5,38.83,39.61,7975090.0,327371800.0
2024-10-22,38.89,39.37,37.62,38.7,4558743.0,179834800.0
2024-10-23,38.95,41.71,38.48,40.01,6961928.0,289260100.0
2024-10-24,40.39,41.91,38.01,38.37,5191701.0,209454100.0
2024-10-25,37.95,38.39,37.19,37.62,4761236.0,183658800.0
2024-10-28,37.33,37.34,36.41,36.94,2902511.0,109675900.0
2024-10-29,36.94,37.31,36.29,36.37,2168652.0,81768000.0
2024-10-30,36.21,36.8,35.61,35.99,2084044.0,77245700.0
2024-10-31,35.03,36.14,35.03,35.76,2461857.0,90074700.0
2024-11-01,35.37,35.98,34.34,34.86,3036836.0,109685700.0
2024-11-04,34.56,36.21,34.55,35.98,1898009.0,69765300.0
2024-11-05,35.91,37.16,35.69,37.08,2975698.0,111943300.0
2024-11-06,37.28,37.87,36.61,36.9,2833085.0,108555300.0
2024-11-07,36.61,38.36,36.39,37.52,2240725.0,86196100.0
2024-11-08,38.0,38.78,37.59,37.91,3110594.0,121675000.0
2024-11-11,38.41,45.48,37.99,45.03,10867651.0,471406100.0
2024-11-12,44.97,46.81,42.58,45.66,9675243.0,444732400.0
2024-11-13,45.61,54.99,45.61,54.99,14507242.0,758558300.0
2024-11-14,55.53,60.51,52.22,53.21,12172016.0,694765100.0
2024-11-15,52.66,54.37,48.81,48.81,10607846.0,557425600.0
2024-11-18,50.44,50.87,45.86,46.59,6435162.0,314266500.0
2024-11-19,46.91,49.81,46.24,49.19,5533149.0,270967500.0
2024-11-20,49.31,53.58,48.82,51.37,7452427.0,389055899.99999994
2024-11-21,52.01,52.32,49.46,49.81,5241661.0,271204600.0
2024-11-22,49.81,50.49,46.89,47.04,3994066.0,198406300.0
2024-11-25,47.01,48.61,45.92,47.25,3584511.0,172432100.0
2024-11-26,47.18,47.4,45.44,45.73,3473166.0,163684300.0
2024-11-27,45.21,46.99,44.78,46.86,3892086.0,181607700.0
2024-11-28,47.21,47.7,45.78,46.33,2915487.0,139259200.0
2024-11-29,45.51,48.01,45.01,47.0,4575416.0,218153800.0
2024-12-02,47.2,48.99,45.69,47.98,4533296.0,221399300.0
2024-12-03,48.3,50.81,48.11,49.01,6046740.0,305321700.0
2024-12-04,49.01,49.48,47.85,48.11,3373178.0,167793700.0
2024-12-05,48.51,51.0,48.12,49.67,5987414.0,304899200.0
2024-12-06,49.65,50.41,48.13,49.31,4299274.0,215442500.0
2024-12-09,48.72,49.04,46.35,46.53,5299172.0,255851000.0
2024-12-10,47.9,48.5,46.59,46.67,4504926.0,218614199.99999997
2024-12-11,47.01,47.31,45.71,46.47,2968815.0,140484700.0
2024-12-12,46.38,46.78,45.28,45.63,3035244.0,142371300.0
2024-12-13,45.61,45.79,44.31,44.47,2329840.0,106997400.0
2024-12-16,45.21,50.5,44.03,47.06,7783477.0,374773200.0
2024-12-17,46.5,47.0,42.3,42.58,5933245.0,268252700.0
2024-12-18,42.59,45.41,42.12,44.76,4929580.0,220167599.99999997
2024-12-19,43.9,48.0,43.81,46.15,5776356.0,275668100.0
2024-12-20,46.07,53.54,45.12,51.95,13168683.0,676610500.0
2024-12-23,51.01,51.01,46.51,46.95,7571704.0,371182699.99999994
2024-12-24,47.31,47.99,45.51,46.65,3655980.0,173274900.00000003
2024-12-25,46.06,47.22,44.52,44.93,3022021.0,140459800.0
2024-12-26,44.94,46.25,44.7,45.2,2610449.0,121528300.0
2024-12-27,45.86,46.3,43.81,43.94,3355135.0,154134500.0
2024-12-30,43.66,44.73,43.01,44.08,1834680.0,82501299.99999999
2024-12-31,44.12,44.33,42.19,42.31,2252274.0,98991100.0
2025-01-02,41.96,42.61,40.04,40.69,2697998.0,113910500.0
2025-01-03,40.64,41.22,39.1,39.16,2744347.0,113263900.0
2025-01-06,39.01,39.64,37.8,38.29,3079233.0,121804900.0
2025-01-07,38.29,42.29,37.78,40.91,4051334.0,165234300.0
2025-01-08,39.89,40.89,37.82,39.26,4941023.0,197482400.00000003
2025-01-09,38.99,39.7,38.48,38.85,2420920.0,96866700.0
2025-01-10,38.68,41.08,38.22,38.93,5032120.0,206431699.99999997
2025-01-13,38.16,39.36,37.87,38.74,2915189.0,115294200.0
2025-01-14,38.51,41.11,38.49,40.99,4129987.0,168832900.0
2025-01-15,41.01,41.11,39.73,39.98,2605551.0,107167400.0
2025-01-16,40.59,41.11,39.01,39.51,2548458.0,104217000.0
2025-01-17,39.23,40.59,39.01,39.77,2676360.0,109436400.0
2025-01-20,40.4,40.4,38.7,39.1,3026039.0,121690400.00000001
2025-01-21,39.31,41.53,38.7,41.46,5330007.0,220474800.0
2025-01-22,41.01,41.76,40.5,41.35,3032934.0,127341700.0
2025-01-23,41.53,43.25,41.01,42.27,4865379.0,211388000.0
2025-01-24,42.1,43.11,41.57,42.37,3749544.0,162434600.0
2025-01-27,42.37,42.77,39.31,39.31,3336954.0,138438300.0
2025-02-05,40.51,43.45,39.99,42.55,5455325.0,233333500.0
2025-02-06,42.56,46.31,42.08,46.29,6681923.0,306688000.0
2025-02-07,45.58,47.15,44.69,45.52,7191810.0,338876100.0
2025-02-10,45.46,47.56,44.19,47.23,5781308.0,270322600.0
2025-02-11,47.34,47.96,46.37,47.96,4802723.0,231962300.0
2025-02-12,47.41,47.41,45.81,46.82,5393368.0,256253600.0
2025-02-13,45.51,45.66,42.51,42.86,8392992.0,374612699.99999994
2025-02-14,42.61,44.09,42.58,43.06,4288103.0,189475800.00000003
2025-02-17,43.01,43.81,42.72,43.5,3476385.0,153667200.0
2025-02-18,43.21,47.07,42.92,45.29,8059265.0,372831600.00000006
2025-02-19,46.01,52.61,45.51,50.8,14003250.0,700984900.0
2025-02-20,50.66,52.82,50.09,50.09,12232769.0,641659000.0
2025-02-21,50.01,57.6,49.78,57.02,18280570.0,1012639400.0
2025-02-24,57.06,57.06,53.51,54.01,11868861.0,663530000.0
2025-02-25,52.34,57.99,51.51,55.5,12740571.0,706659400.0
2025-02-26,57.89,61.74,56.21,59.12,15731795.0,938333700.0
2025-02-27,58.86,64.81,56.81,58.56,15034870.0,926532100.0000001
2025-02-28,55.89,55.91,49.81,52.21,14944266.0,799788700.0
2025-03-03,52.64,54.51,50.01,52.2,7404874.0,397109400.0
2025-03-04,48.01,53.16,47.98,52.54,9275612.0,487208399.99999994
2025-03-05,52.01,54.66,51.84,53.84,5447942.0,295908400.0
2025-03-06,55.77,64.81,53.84,62.4,15394795.0,950085600.0
2025-03-07,60.62,63.99,60.05,61.43,7139609.0,447569900.0
2025-03-10,65.11,66.94,61.51,63.91,10574734.0,691643300.0
2025-03-11,63.71,67.16,58.31,61.8,12305078.0,768240000.0
2025-03-12,61.89,63.04,60.24,60.61,7712453.0,483956800.0
2025-03-13,60.75,60.75,54.41,55.0,9301367.0,533993600.0
2025-03-14,54.66,57.91,54.13,57.56,6776715.0,389298900.0
2025-03-17,57.56,60.5,56.1,59.59,6778974.0,403200199.99999994
2025-03-18,59.51,61.0,57.64,58.39,4788560.0,285206700.0
2025-03-19,58.07,58.51,55.01,55.57,5855601.0,335156500.0
2025-03-20,55.57,58.2,55.22,56.7,4692849.0,271701300.0
2025-03-21,56.21,56.81,52.53,52.61,7278890.0,400542600.0
2025-03-24,53.01,53.97,50.63,52.01,4220854.0,224874500.0
2025-03-25,51.96,53.06,51.37,52.42,3680144.0,196390900.0
2025-03-26,52.99,56.0,52.42,54.71,6482400.0,362438200.0
2025-03-27,54.7,55.29,52.47,52.74,3795953.0,207843500.0
2025-03-28,52.41,52.74,50.93,51.03,3413444.0,180329100.0
2025-03-31,50.56,51.0,49.11,50.62,3371833.0,171911699.99999997
2025-04-01,50.51,52.53,49.89,51.63,4023213.0,210522599.99999997
2025-04-02,50.77,52.8,50.55,50.55,4256541.0,222779300.0
2025-04-03,50.01,51.26,48.37,49.17,4336426.0,218193000.0
2025-04-07,45.81,46.79,39.14,40.01,6977979.0,300045400.0
2025-04-08,41.01,42.81,39.05,40.11,5169669.0,215136800.0
2025-04-09,39.17,42.44,36.78,41.3,8029292.0,332388000.0
2025-04-10,43.02,43.74,41.3,41.61,8326562.0,363993399.99999994
2025-04-11,41.06,44.81,40.24,43.18,6082807.0,268193100.0
2025-04-14,44.99,45.7,43.81,44.08,6654759.0,304798300.0
2025-04-15,44.45,45.29,43.54,44.7,3958477.0,179979300.0
2025-04-16,44.19,45.15,42.56,43.08,4465051.0,199149700.0
2025-04-17,42.78,43.99,42.78,43.19,3699651.0,163821500.0
2025-04-18,43.08,43.56,42.38,43.01,2067009.0,90499700.0
2025-04-21,43.31,45.27,42.12,45.21,5034852.0,228624700.0
2025-04-22,46.21,46.21,43.35,43.54,5178200.0,234070900.0
2025-04-23,44.01,46.48,44.01,45.54,6928121.0,322943600.0
2025-04-24,45.91,46.99,44.51,44.81,5144975.0,240184600.0
2025-04-25,44.96,46.41,44.3,45.01,4697901.0,217998800.0
2025-04-28,45.55,46.51,44.62,44.99,5011543.0,232786400.0
2025-04-29,44.67,48.64,44.21,48.2,9578658.0,461037600.0
2025-04-30,49.64,53.15,49.53,52.13,11909069.0,618903400.0
2025-05-06,53.8,55.83,53.15,55.74,9910548.0,551070500.0
2025-05-07,57.0,58.01,53.41,54.64,12567644.0,709648600.0
2025-05-08,54.51,55.29,53.11,53.45,6268396.0,345025100.0
2025-05-09,53.24,53.44,49.92,50.78,5617646.0,292691500.0
2025-05-12,51.51,52.07,50.64,51.31,4483297.0,234602800.0
2025-05-13,52.35,52.59,49.79,49.89,4108388.0,213411400.0
2025-05-14,49.92,50.74,48.99,49.32,4208954.0,212914700.0
2025-05-15,49.2,49.2,46.36,46.55,5640866.0,273006400.0
2025-05-16,46.03,48.67,46.02,47.34,4496157.0,218877700.0
2025-05-19,47.03,47.49,44.76,44.98,5095103.0,235765600.0
2025-05-20,44.98,46.23,44.41,45.49,3646634.0,169402800.0
2025-05-21,45.48,45.89,44.18,45.49,3901265.0,179607700.0
2025-05-22,45.72,46.48,44.46,44.46,4230514.0,196441800.0
2025-05-23,45.13,47.17,44.32,45.52,7872281.0,369408700.0
2025-05-26,45.3,49.02,44.86,49.01,9599064.0,464633800.0
2025-05-27,48.61,50.96,47.11,47.66,7456580.0,370733200.0
2025-05-28,49.61,50.77,47.33,50.34,10148984.0,509693200.0
2025-05-29,52.34,53.9,50.7,51.73,14280960.0,757506100.0
2025-05-30,50.97,51.13,47.79,47.81,10110290.0,502525600.0
2025-06-03,47.82,48.41,45.79,47.56,6797536.0,325056600.0
2025-06-04,47.51,47.57,46.73,47.19,3934597.0,189138600.0
2025-06-05,47.02,48.76,46.31,48.18,6784423.0,328463200.0
2025-06-06,48.21,48.48,46.53,46.81,4179588.0,200305800.00000003
2025-06-09,46.89,47.45,46.07,46.31,3289868.0,156839000.0
2025-06-10,47.21,47.22,45.71,46.47,3402004.0,161271800.0
2025-06-11,46.48,47.64,46.2,46.58,3364946.0,162081600.0
2025-06-12,46.91,47.59,46.51,46.56,3269202.0,156952700.0
2025-06-13,46.02,46.41,45.01,45.15,4520908.0,210793500.0
2025-06-16,45.11,45.89,44.97,45.26,3114796.0,144312100.0
2025-06-17,45.18,45.27,44.36,44.56,2575423.0,117726700.0
2025-06-18,44.89,46.26,44.39,46.12,4310857.0,200424500.0
2025-06-19,45.56,46.99,45.11,45.76,3901487.0,184051900.0
2025-06-20,45.51,45.87,43.41,43.52,3686893.0,167100099.99999997
2025-06-23,43.51,43.62,41.51,42.63,4892515.0,212054800.0
2025-06-24,42.99,44.49,42.77,44.16,5827812.0,262451600.0
2025-06-25,44.47,45.31,43.93,44.98,3410788.0,155439600.0
2025-06-26,45.49,46.39,43.64,43.9,4279356.0,196367400.00000003
2025-06-27,44.04,44.44,43.42,43.45,2947834.0,132216700.0
2025-06-30,43.54,45.09,43.51,44.91,3536843.0,160876600.0
2025-07-01,44.75,44.89,43.92,44.67,2251077.0,102144599.99999999
2025-07-02,44.39,44.58,43.18,43.49,2405143.0,107283300.0
2025-07-03,43.29,43.79,42.97,43.78,1799588.0,79930800.0
2025-07-04,43.6,43.78,42.54,42.61,2906625.0,128040400.00000001
2025-07-07,42.51,42.74,42.12,42.59,1693280.0,73456900.0
2025-07-08,42.93,43.45,42.4,43.25,1758115.0,76685800.0
2025-07-09,44.34,45.08,43.35,43.76,4261903.0,190071300.0
2025-07-10,43.39,43.75,42.68,42.91,2944531.0,128007400.0
2025-07-11,42.69,44.38,42.6,43.63,3076118.0,135488600.0
2025-07-14,43.55,45.28,43.37,44.94,3874814.0,174220200.0
2025-07-15,44.7,45.27,43.93,44.58,2760533.0,123918100.0
2025-07-16,44.58,45.84,44.33,45.08,3028829.0,138345200.0
2025-07-17,45.08,47.48,44.71,47.03,5626036.0,264076100.0
2025-07-18,47.97,48.54,46.36,46.49,6555162.0,313884400.0
2025-07-21,46.46,47.35,45.48,46.06,5140651.0,239617400.00000003
2025-07-22,45.89,46.18,45.09,45.42,3626135.0,166848100.0
2025-07-23,45.32,45.76,44.81,45.34,2814219.0,129017600.0
2025-07-24,45.48,47.43,45.34,47.01,5400594.0,254308000.0
2025-07-25,47.3,47.48,46.61,47.4,3581570.0,170577900.0
2025-07-28,47.2,48.05,46.7,47.71,4192292.0,201069100.0
2025-07-29,48.1,50.1,47.73,49.96,7244434.0,360975800.0
2025-07-30,49.8,50.28,47.81,48.01,5578308.0,275038900.0
2025-07-31,48.59,50.94,48.16,48.36,8164281.0,408875600.0
2025-08-01,48.61,48.79,46.8,47.29,4180186.0,200970900.0
2025-08-04,46.67,47.95,46.64,47.88,3550665.0,170384100.0
2025-08-05,48.6,49.0,47.75,48.7,4263055.0,208160900.0
2025-08-06,48.6,54.3,48.38,53.6,12400130.0,646160000.0
2025-08-07,53.87,54.14,51.49,52.72,8220298.0,436825700.0
2025-08-08,52.5,53.75,50.9,51.02,6000158.0,314972200.0
2025-08-11,51.01,51.5,50.31,50.94,6322882.0,324934600.0
2025-08-12,52.5,53.18,50.2,50.57,6616893.0,340229600.0
2025-08-13,50.5,51.86,50.05,51.5,6482417.0,333172500.0
2025-08-14,51.51,52.95,50.5,50.73,7287384.0,380355700.0
2025-08-15,50.51,53.15,50.51,52.6,6855062.0,361615000.0
2025-08-18,53.51,56.88,53.2,55.38,9569688.0,528891100.0
2025-08-19,55.4,58.27,54.68,56.89,9406240.0,536481100.0
2025-08-20,57.04,58.9,56.11,58.37,9127112.0,530132500.0
2025-08-21,58.52,58.85,55.18,55.88,8999953.0,511865700.0
2025-08-22,56.0,62.38,55.78,62.33,15057476.0,902067200.0
2025-08-25,68.7,69.46,62.38,64.2,19242900.0,1274845000.0
2025-08-26,64.0,64.71,58.61,58.69,18101597.0,1112497200.0
2025-08-27,58.6,61.39,57.57,57.61,12863594.0,771110399.9999999
2025-08-28,57.61,59.66,56.6,59.49,9806296.0,577089000.0
2025-08-29,59.51,59.7,56.96,58.38,7729973.0,452281200.0
2025-09-01,57.75,59.23,56.94,58.45,6190094.0,363001800.0
2025-09-02,58.4,58.49,54.58,57.01,9462451.0,537495600.0
2025-09-03,57.21,58.33,55.9,56.29,5558014.0,320146000.0
2025-09-04,56.38,57.05,52.15,53.28,6567473.0,361449600.0
2025-09-05,53.28,55.25,52.99,55.12,4423184.0,243253900.0
2025-09-08,55.12,57.86,54.67,56.78,5881970.0,337845700.0
2025-09-09,57.1,57.1,55.53,55.68,3433413.0,194220099.99999997
2025-09-10,55.1,56.68,54.93,55.6,3412517.0,192225600.0
2025-09-11,55.55,57.44,54.77,57.3,4455000.0,254471100.0
2025-09-12,57.19,57.78,56.6,57.09,4443622.0,256556600.0
2025-09-15,57.25,58.15,56.7,57.51,4122730.0,239409000.0
2025-09-16,57.41,59.78,56.75,59.78,6277709.0,369928500.0
2025-09-17,59.25,60.19,58.67,59.59,5160068.0,309680100.0
2025-09-18,59.9,61.6,57.6,59.57,7386461.0,447402699.99999994
2025-09-19,58.55,59.41,57.04,57.22,5091303.0,298382500.0
2025-09-22,57.39,58.65,57.39,58.23,4142818.0,242805200.0
2025-09-23,58.09,58.5,54.5,56.75,5076508.0,288254700.0
2025-09-24,56.46,58.95,56.1,58.95,4352246.0,253510900.0
2025-09-25,59.47,60.68,58.58,60.15,6523129.0,393632300.00000006
2025-09-26,59.23,59.42,57.08,57.23,4115181.0,240726600.0
2025-09-29,57.06,58.99,56.86,58.37,3121629.0,183295300.0
2025-09-30,57.91,58.66,57.09,57.56,3298481.0,192747400.00000003
2025-10-09,57.4,58.48,56.4,56.86,3616242.0,209670800.00000003
2025-10-10,56.88,57.09,54.95,55.45,3245408.0,182173800.0
2025-10-13,52.34,55.05,52.34,54.11,3156170.0,172263100.0
2025-10-14,54.42,54.7,51.43,51.6,3172116.0,169781300.0
2025-10-15,51.63,52.77,50.91,52.33,1931918.0,101132700.0
2025-10-16,52.47,53.07,51.5,51.84,1962116.0,103495800.0
2025-10-17,51.95,51.95,49.99,50.3,2096620.0,107222400.0
2025-10-20,50.72,51.43,50.27,50.7,1710108.0,87762600.0
2025-10-21,51.06,51.89,50.38,51.54,1769866.0,91853100.0
2025-10-22,51.49,52.46,50.7,51.72,1716706.0,89666900.0
2025-10-23,51.51,51.94,50.39,51.36,1317510.0,67764500.0
2025-10-24,51.52,52.95,51.5,52.55,1811314.0,95917099.99999999
2025-10-27,53.34,53.93,52.58,53.2,1968415.0,105925200.0
2025-10-28,52.91,54.04,52.66,53.36,1973320.0,106443100.0
2025-10-29,53.5,53.99,52.88,53.59,1863554.0,100636000.0
2025-10-30,53.64,54.77,53.0,53.7,2547714.0,139125200.0
2025-10-31,52.95,54.73,52.51,53.71,2463868.0,133494100.0
2025-11-03,53.86,53.86,51.61,52.15,2371750.0,125326900.0
2025-11-04,52.15,52.15,50.64,51.05,1609253.0,83021800.0
2025-11-05,50.51,53.44,50.51,52.93,2546396.0,134949900.0
2025-11-06,52.7,53.93,52.51,53.46,1732932.0,93366700.0
2025-11-07,53.36,53.79,52.9,53.6,1289224.0,69515600.0
2025-11-10,53.63,54.3,52.13,52.5,2183940.0,116371000.0
2025-11-11,52.58,53.93,52.35,52.97,1717832.0,92325200.0
2025-11-12,53.0,53.08,51.5,52.0,1719184.0,90227900.00000001
2025-11-13,52.05,52.26,51.68,51.94,1431880.0,75112800.0
2025-11-14,51.81,52.48,51.5,51.95,1460031.0,76608700.0
2025-11-17,51.95,52.09,51.27,51.52,1399668.0,72894900.0
2025-11-18,51.65,51.65,50.51,50.79,1292412.0,66594000.0
2025-11-19,50.96,51.28,50.49,50.65,980784.0,50300400.0
2025-11-20,50.99,51.09,49.62,50.01,989216.0,50192299.99999999
2025-11-21,49.8,50.26,48.38,49.75,1751773.0,87450100.0
2025-11-24,49.84,50.48,48.91,50.44,1263160.0,63500700.0
2025-11-25,50.53,51.21,50.3,50.37,1066366.0,54687400.0
2025-11-26,50.37,50.8,49.7,49.89,890647.0,45235400.0
2025-11-27,50.0,51.75,49.77,51.39,1794833.0,92434800.0
2025-11-28,51.79,53.3,51.03,52.19,2022623.0,106280100.0
2025-12-01,51.68,51.85,49.92,51.85,1747104.0,90243700.00000001
2025-12-02,51.75,52.28,51.32,52.24,1234604.0,64626600.0
2025-12-03,51.76,53.41,51.76,53.2,2093883.0,111709100.0
2025-12-04,53.19,53.45,52.5,53.2,2002783.0,107059700.0
2025-12-05,53.13,54.08,52.65,53.9,1967076.0,106351200.00000001
2025-12-08,54.08,55.3,53.92,55.19,2653099.0,146587400.0
2025-12-09,55.55,55.98,54.62,55.0,2676613.0,149149900.0
2025-12-10,53.7,54.44,52.0,54.15,5789901.0,310489900.0
2025-12-11,53.5,53.6,51.27,51.27,4390539.0,232346400.0
2025-12-12,49.7,51.79,49.0,51.74,3713208.0,190872800.0
2025-12-15,51.02,55.99,50.8,54.76,7722516.0,423390500.0
2025-12-16,55.0,56.75,54.0,55.7,4815083.0,268858300.0
2025-12-17,56.2,56.97,55.21,56.24,3227611.0,182748500.0
2025-12-18,56.26,60.03,55.66,58.01,5588005.0,331740800.0
2025-12-19,57.97,58.3,56.53,56.8,2975039.0,171471600.0
2025-12-22,56.8,57.2,55.52,56.29,2916654.0,165396699.99999997
2025-12-23,57.09,57.78,56.2,56.61,2152019.0,123637500.0
2025-12-24,56.4,57.8,55.9,57.26,2668847.0,152616600.0
2025-12-25,57.15,58.6,56.51,57.7,2210245.0,128542700.0
2025-12-26,57.6,58.05,56.6,57.1,1917925.0,110952900.00000001
2025-12-29,56.61,57.95,56.3,56.88,1642305.0,94546900.0
2025-12-30,56.3,57.5,55.9,56.92,1930035.0,110666600.0
2025-12-31,56.95,59.0,56.39,58.4,3413120.0,199380700.0
2026-01-05,62.28,64.28,60.5,61.75,8437661.0,526533600.0
2026-01-06,63.16,63.3,59.11,61.31,7774364.0,475970899.99999994
2026-01-07,60.77,63.85,60.7,61.82,6178047.0,386386300.0
2026-01-08,61.5,61.7,59.94,60.19,4609885.0,282093000.0
2026-01-09,59.94,68.83,59.94,68.3,12936909.0,850177500.0
2026-01-12,67.68,67.7,64.7,65.73,8924081.0,592757500.0
2026-01-13,65.53,65.62,61.7,62.33,6167548.0,392171000.0
2026-01-14,62.2,65.08,61.58,62.52,5510087.0,352349400.0
2026-01-15,62.38,63.93,61.67,63.27,3814736.0,241340700.0
2026-01-16,64.5,69.37,64.5,67.04,8004300.0,542300600.0
2026-01-19,66.93,67.88,64.75,65.66,4577151.0,304167800.0
2026-01-20,66.11,68.84,65.4,66.72,6094339.0,411946300.0
2026-01-21,66.19,67.73,64.66,65.19,5077262.0,337082400.0
2026-01-22,65.27,71.16,62.38,70.38,14769015.0,1005352100.0000001
2026-01-23,69.83,74.77,67.9,73.58,8237800.0,593548000.0
2026-01-26,72.58,80.55,69.25,78.67,12179377.0,927131100.0
2026-01-27,77.17,80.38,75.5,78.36,5063086.0,397543700.0
2026-01-28,77.8,83.82,76.8,82.2,6521117.0,535910100.0
2026-01-29,81.5,84.27,78.61,79.16,4209421.0,342828800.0
2026-01-30,78.93,84.49,76.8,84.12,4952072.0,402953399.99999994
2026-02-02,83.7,84.09,79.81,80.3,4410104.0,363622000.0
2026-02-03,80.28,81.96,79.5,79.6,3401562.0,275100500.0
2026-02-04,79.18,80.9,77.51,78.86,2779522.0,220764800.0
2026-02-05,78.07,78.5,74.66,76.16,3359540.0,257494199.99999997
2026-02-06,74.89,77.55,74.5,74.7,2637206.0,200825300.0
2026-02-09,75.8,76.8,74.51,76.2,1951347.0,148926400.0
2026-02-10,76.49,76.51,74.84,75.4,1810591.0,137931800.0
2026-02-11,75.5,76.0,74.09,74.23,1339416.0,100723200.0
2026-02-12,74.08,76.98,74.08,76.08,2291189.0,174752400.00000003
2026-02-13,75.79,77.27,74.5,74.66,1979198.0,151145800.0
2026-02-24,77.0,77.0,71.2,72.73,4382905.0,320380700.0
2026-02-25,72.38,75.04,71.2,74.3,3416102.0,251356800.0
2026-02-26,74.5,77.84,73.77,77.01,3537489.0,272994800.0
2026-02-27,76.5,77.52,75.0,75.66,2249448.0,171663000.0
2026-03-02,74.44,75.82,71.9,72.74,3914528.0,288373200.0
2026-03-03,72.4,73.73,67.56,67.8,3910316.0,275340800.0
2026-03-04,66.21,68.33,65.0,65.38,3235732.0,215914400.0
2026-03-05,66.53,68.0,61.85,62.5,7345550.0,472985600.0
2026-03-06,62.5,63.59,61.38,61.51,4117113.0,258000500.0
2026-03-09,60.5,60.5,57.95,59.3,3948288.0,234725600.0
2026-03-10,60.18,62.06,59.57,61.81,3565296.0,218975000.0
2026-03-11,62.05,62.32,60.42,60.57,2633652.0,162510800.0
2026-03-12,60.27,60.72,59.1,59.84,1746118.0,105422099.99999999
2026-03-13,59.17,60.0,58.09,58.09,1759854.0,104493300.0
2026-03-16,58.15,58.9,56.64,58.78,1921182.0,111982900.00000001
2026-03-17,59.09,59.28,56.58,56.62,1552207.0,90151900.0
2026-03-18,56.86,58.63,56.55,58.4,1875162.0,109329100.0
2026-03-19,57.5,59.05,56.78,57.4,2504251.0,145965300.0
2026-03-20,58.2,60.08,56.77,58.68,4399055.0,260315800.00000003
2026-03-23,56.51,58.44,52.97,53.53,4770009.0,265358600.0
2026-03-24,54.89,57.07,53.65,56.89,5040963.0,283014300.0
2026-03-25,56.99,59.8,56.51,58.69,3954888.0,234430800.00000003
2026-03-26,58.8,59.29,57.13,57.84,2058056.0,120529500.0
2026-03-27,57.08,60.0,56.48,59.28,3082028.0,182239800.0
2026-03-30,58.47,60.64,57.93,60.15,2429964.0,146338400.0
2026-03-31,60.04,60.1,57.51,57.73,1813923.0,107067200.0
2026-04-01,58.7,60.11,58.51,59.66,2137060.0,127701700.0
2026-04-02,59.3,59.65,56.72,57.51,1495839.0,87509500.0
2026-04-03,57.59,63.0,56.35,60.91,5049340.0,308596900.0
2026-04-07,61.01,65.86,60.5,63.85,4977891.0,318362100.0
2026-04-08,65.52,71.4,64.85,68.58,8251651.0,568146400.0
2026-04-09,67.8,70.16,66.68,69.32,5830935.0,402523100.0
2026-04-10,69.49,71.68,68.01,68.01,4216738.0,294904000.0
2026-04-13,67.17,70.0,67.17,67.98,3241566.0,224428700.0
2026-04-14,67.95,70.1,67.95,69.35,2640479.0,183835500.0
2026-04-15,69.9,71.18,68.3,68.7,2750612.0,192966600.0
2026-04-16,71.98,75.5,70.09,71.43,5715245.0,417195700.0
2026-04-17,71.42,74.83,70.19,73.37,3508712.0,258228500.0
2026-04-20,73.37,73.37,70.19,71.44,4028100.0,288434400.0
2026-04-21,70.11,71.96,70.11,70.86,1882479.0,134618700.0
2026-04-22,70.1,72.27,70.1,71.59,2619919.0,187799600.0
2026-04-23,70.79,71.63,67.1,68.23,4560042.0,314250400.0
2026-04-24,67.95,69.48,67.82,68.54,2861801.0,197741900.0
2026-04-27,71.0,74.05,70.4,71.15,4968205.0,359678100.0
2026-04-28,70.5,72.0,69.0,69.8,2665163.0,188781500.0
2026-04-29,69.42,70.4,68.33,69.3,2697801.0,188432700.0
2026-04-30,70.2,72.39,69.01,71.58,4268622.0,305259600.0
2026-05-06,71.89,72.58,70.17,70.95,4076444.0,292757000.0
2026-05-07,73.98,80.86,71.49,79.67,8158118.0,627864100.0
2026-05-08,78.5,79.37,76.4,77.38,4560594.0,355359500.0
2026-05-11,77.82,78.08,75.26,76.82,4205348.0,323914000.0
2026-05-12,76.58,78.7,74.31,77.12,4199787.0,325412700.0
2026-05-13,75.67,92.64,75.53,92.64,10422513.0,905398600.0
2026-05-14,92.64,96.49,88.9,90.13,10228342.0,944934100.0
2026-05-15,88.53,98.49,88.53,95.95,12277687.0,1161025500.0
2026-05-18,99.5,108.94,99.5,103.4,14393876.0,1506280300.0
2026-05-19,103.92,104.7,99.16,102.81,8651895.0,886540000.0
2026-05-20,98.96,102.61,98.81,99.79,7982412.0,804412899.9999999
2026-05-21,99.17,102.49,94.31,94.98,8937882.0,888039800.0
2026-05-22,95.75,104.78,95.75,103.8,8291629.0,841119800.0
2026-05-25,102.76,103.41,98.38,100.82,7613237.0,770583800.0
2026-05-26,98.31,100.63,94.6,95.49,7077082.0,685253200.0000001
2026-05-27,93.55,107.86,93.55,104.4,9386108.0,962383700.0
2026-05-28,104.5,114.6,100.46,111.81,9578788.0,1027827899.9999999
2026-05-29,113.5,117.24,100.07,101.46,8519874.0,913195700.0000001
2026-06-01,101.61,104.01,93.5,94.2,6731038.0,656046200.0
2026-06-02,95.4,99.5,94.88,97.31,5878578.0,575936800.0
2026-06-03,100.24,116.87,98.53,110.81,10325850.0,1120886800.0
2026-06-04,105.25,113.93,105.0,107.4,7688948.0,845239900.0
2026-06-05,105.63,110.01,102.88,105.0,7222884.0,764560200.0
2026-06-08,99.06,112.0,97.22,110.38,9884215.0,1065608500.0
2026-06-09,108.0,109.94,100.0,101.3,12257921.0,1257729600.0
2026-06-10,96.2,98.98,92.3,98.52,10731294.0,1023766000.0
2026-06-11,95.0,100.5,93.88,95.57,7484672.0,719951900.0
2026-06-12,100.45,114.6,99.38,105.49,14071408.0,1511325200.0
2026-06-15,103.66,109.0,103.02,108.6,10573955.0,1120522000.0
2026-06-16,106.92,110.89,105.08,109.36,8907394.0,964563900.0
2026-06-17,107.89,117.44,107.1,116.2,11829352.0,1338749400.0
2026-06-18,117.6,128.88,115.01,124.42,12501455.0,1528515000.0
2026-06-22,124.0,126.22,108.0,115.0,13367167.0,1560517000.0
2026-06-23,112.43,114.3,107.07,112.55,6814241.0,755423400.0
2026-06-24,111.0,120.43,107.28,120.19,8192914.0,941154299.9999999
2026-06-25,123.0,123.86,112.55,117.33,7652358.0,899996500.0
2026-06-26,114.0,133.22,114.0,127.92,12248601.0,1525728100.0
2026-06-29,128.64,133.22,113.23,120.92,11582969.0,1421336099.9999998
2026-06-30,119.55,128.01,119.55,127.3,7881846.0,979058600.0
2026-07-01,127.99,138.0,123.34,130.74,11148119.0,1459826300.0
2026-07-02,121.52,128.17,113.88,116.04,9926213.0,1193181100.0
2026-07-03,115.61,116.85,109.0,110.9,7172084.0,812102700.0
2026-07-06,111.55,112.75,104.0,104.5,7056535.0,751792000.0
2026-07-07,104.29,104.44,97.2,98.97,6802741.0,684806400.0
2026-07-08,99.34,100.99,95.39,98.21,4605313.0,453445600.0
2026-07-09,99.9,103.7,95.33,102.87,5748293.0,572706100.0
2026-07-10,104.66,106.69,96.0,96.49,6282583.0,639039200.0
2026-07-13,95.8,96.32,86.88,87.49,6230717.0,566460600.0
2026-07-14,88.43,91.48,86.1,90.33,5344444.0,474798300.0
2026-07-15,92.03,92.1,85.6,86.79,4077595.0,358818500.0
2026-07-16,85.5,87.49,81.0,82.0,4627354.0,389595199.99999994
2026-07-17,82.0,82.57,73.2,74.84,7081302.0,548679500.0
2026-07-20,76.9,78.0,63.79,66.46,8940969.0,626420100.0
2026-07-21,67.79,79.75,62.77,79.75,9573339.0,681116700.0
2026-07-22,78.04,82.0,76.11,76.44,9210941.0,729253300.0
2026-07-23,76.88,78.56,73.36,74.03,4920766.0,370343300.0
2026-07-24,74.5,76.03,72.24,74.19,4551993.0,338788700.0
2026-07-27,74.28,76.66,72.28,76.2,4321261.0,323585400.0
2026-07-28,74.96,76.39,70.28,71.1,3859433.0,282713400.0
2026-07-29,72.89,73.01,65.51,69.96,7995883.0,544623300.0
2026-07-30,70.86,71.36,63.83,64.45,7857491.0,520805500.0
2026-07-31,70.7,73.8,68.8,68.8,7990531.0,566651300.0
