timestamps,open,high,low,close,volume,amount
2019-07-22,34.76,55.76,28.06,39.84,33751275.0,1213648700.0
2019-07-23,31.78,36.56,31.27,34.08,13109294.0,457179700.0
2019-07-24,34.71,38.96,34.26,38.77,16407326.0,610149200.0
2019-07-25,40.72,49.76,40.65,43.26,25763501.0,1170635500.0
2019-07-26,40.76,43.04,39.56,40.26,15264452.0,627613800.0
2019-07-29,41.52,45.26,41.14,45.26,17381194.0,761595000.0
2019-07-30,44.76,47.26,43.65,46.26,18961725.0,875252899.9999999
2019-07-31,46.16,47.44,44.46,47.06,16007930.0,746272600.0
2019-08-01,46.24,54.21,45.88,51.25,20360648.0,999491100.0
2019-08-02,49.46,57.97,49.26,54.72,23157533.0,1265337500.0
2019-08-05,54.61,58.46,50.76,58.46,16749939.0,940153400.0
2019-08-06,58.48,64.56,52.08,52.66,21501286.0,1293284700.0
2019-08-07,54.76,55.76,51.35,55.68,13729084.0,741586200.0
2019-08-08,55.96,57.56,52.26,52.56,12682686.0,703863100.0
2019-08-09,52.81,53.13,48.56,49.15,11528317.0,583859100.0
2019-08-12,49.04,49.56,44.36,46.41,9812300.0,460963600.0
2019-08-13,46.36,49.01,46.36,48.76,9596861.0,459666000.0
2019-08-14,49.46,51.96,48.4,50.66,13043656.0,658287800.0
2019-08-15,48.76,52.24,48.47,51.77,10361098.0,528218800.0
2019-08-16,53.33,53.66,50.31,51.21,9733574.0,505786300.0
2019-08-19,51.08,52.25,49.29,51.66,8738444.0,447994100.00000006
2019-08-20,51.37,52.31,50.56,50.57,5497675.0,284099700.0
2019-08-21,50.55,50.55,46.15,46.26,8691938.0,416387100.0
2019-08-22,46.26,47.14,44.86,45.69,4902303.0,227031400.0
2019-08-23,44.8,46.36,41.31,42.2,8364538.0,366060600.0
2019-08-26,42.17,43.51,41.65,42.62,4803326.0,205775900.0
2019-08-27,42.91,43.46,41.82,43.08,4804950.0,206265300.0
2019-08-28,42.56,43.16,41.25,41.35,4973355.0,210810200.0
2019-08-29,41.06,41.16,39.14,40.26,7405608.0,298498100.0
2019-08-30,40.26,40.88,39.62,40.22,4293781.0,173973600.0
2019-09-02,40.51,40.79,39.97,40.57,2827330.0,115159100.0
2019-09-03,40.54,43.86,40.36,43.33,7954920.0,340955600.0
2019-09-04,42.96,44.06,42.76,42.89,5695945.0,248106500.0
2019-09-05,42.92,43.39,42.61,42.91,4583545.0,198098700.0
2019-09-06,42.77,43.21,40.77,40.89,5225063.0,219750300.0
2019-09-09,40.96,41.41,40.7,40.97,2515784.0,103593200.0
2019-09-10,40.96,42.26,40.95,41.41,3059562.0,128020300.0
2019-09-11,41.51,41.51,40.7,40.79,2690178.0,111057700.0
2019-09-12,40.96,41.01,39.56,39.8,3179967.0,127750200.0
2019-09-16,39.8,40.31,39.77,40.02,1502304.0,60483800.0
2019-09-17,40.09,40.26,39.15,39.18,2161316.0,86277099.99999999
2019-09-18,39.35,39.99,37.56,38.11,3843983.0,148192000.0
2019-09-19,38.33,40.28,37.78,39.01,3669747.0,144684700.0
2019-09-20,39.64,40.81,39.31,39.72,4907669.0,197861400.0
2019-09-23,39.26,39.75,38.42,38.71,2637260.0,103178500.0
2019-09-24,38.54,40.07,38.37,39.51,3345843.0,132721700.0
2019-09-25,39.37,39.95,38.53,38.53,2434620.0,96099100.0
2019-09-26,38.56,38.66,35.11,35.11,4061628.0,148521400.0
2019-09-27,35.58,36.11,34.84,35.59,1855198.0,66348800.0
2019-09-30,35.56,35.56,33.38,33.84,2902299.0,99430200.0
2019-10-08,33.83,34.06,32.65,32.74,1801986.0,60088000.0
2019-10-09,32.67,33.2,32.46,32.86,1303051.0,43142800.0
2019-10-10,32.99,33.59,32.86,33.18,1403703.0,47063800.0
2019-10-11,33.41,33.41,32.87,32.91,1131449.0,37690100.0
2019-10-14,33.09,33.71,32.81,33.56,1478472.0,49657600.0
2019-10-15,33.55,33.66,32.97,33.01,1034652.0,34698000.0
2019-10-16,33.02,33.33,31.64,31.71,2005476.0,65222500.0
2019-10-17,31.71,32.74,31.56,32.02,1790359.0,58116600.0
2019-10-18,31.86,33.29,31.78,32.45,2521801.0,83194200.0
2019-10-21,32.44,32.44,30.36,30.85,2371040.0,74021700.0
2019-10-22,30.76,31.31,30.67,31.08,1149913.0,35907800.0
2019-10-23,31.18,33.72,30.77,33.26,3690919.0,120821400.0
2019-10-24,33.26,34.96,32.82,33.46,5423432.0,185407400.00000003
2019-10-25,33.35,33.35,32.03,32.34,2866844.0,93758100.0
2019-10-28,32.09,33.24,32.09,32.84,2367389.0,78116300.0
2019-10-29,32.76,33.35,31.66,31.7,2280424.0,74830500.0
2019-10-30,31.26,31.74,30.51,30.56,2034107.0,63259300.0
2019-10-31,30.56,30.82,28.66,28.84,2603296.0,77127500.0
2019-11-01,29.05,29.15,28.48,28.77,1131403.0,32897800.000000004
2019-11-04,28.86,29.76,28.86,29.37,1229000.0,36324800.0
2019-11-05,29.18,29.42,28.34,28.77,1634445.0,47213800.0
2019-11-06,28.97,29.2,28.34,28.64,1118531.0,32345200.0
2019-11-07,28.45,29.0,28.41,28.72,1260971.0,36537500.0
2019-11-08,28.86,29.04,28.41,28.6,1389877.0,40372100.0
2019-11-11,28.17,28.49,26.46,26.65,2275271.0,62255100.0
2019-11-12,27.16,27.16,26.06,26.34,1213117.0,32386100.0
2019-11-13,26.36,26.81,26.26,26.47,882228.0,23625000.0
2019-11-14,26.48,26.95,26.08,26.54,1280848.0,34365900.0
2019-11-15,26.42,26.73,26.07,26.13,1188565.0,31671900.0
2019-11-18,26.13,26.26,25.77,25.91,1100537.0,28863900.0
2019-11-19,25.88,26.31,25.84,26.18,961695.0,25308200.0
2019-11-20,26.31,26.31,25.46,25.46,1183215.0,30864900.0
2019-11-21,25.47,25.47,24.31,24.31,1667251.0,41732200.0
2019-11-22,24.36,24.75,23.91,23.94,1254787.0,30765700.0
2019-11-25,24.15,24.15,22.99,23.21,1516275.0,35657900.0
2019-11-26,23.36,23.46,23.11,23.31,849867.0,19981600.0
2019-11-27,23.39,23.48,23.22,23.3,925040.0,21838300.0
2019-11-28,23.38,23.86,23.24,23.61,1419085.0,33901700.0
2019-11-29,23.38,24.03,23.36,23.97,1340652.0,32221600.0
2019-12-02,24.12,24.28,23.59,23.69,1132210.0,27368400.0
2019-12-03,23.57,23.57,22.93,23.13,1139519.0,26615500.0
2019-12-04,23.12,23.46,22.97,23.27,669391.0,15725500.0
2019-12-05,23.22,23.44,23.12,23.41,778602.0,18307900.0
2019-12-06,23.41,23.7,23.24,23.52,1153445.0,27409900.0
2019-12-09,23.53,25.26,23.53,25.08,3291274.0,81479000.0
2019-12-10,24.91,28.77,24.57,27.14,6051022.0,164101100.0
2019-12-11,27.69,28.26,25.91,26.13,3892175.0,105958500.0
2019-12-12,26.18,26.96,25.96,26.24,2026241.0,54289600.0
2019-12-13,26.24,26.63,25.62,25.93,1821273.0,47784300.0
2019-12-16,26.03,26.52,26.03,26.29,1490550.0,39471600.0
2019-12-17,26.25,27.0,26.25,26.75,2012215.0,54212800.0
2019-12-18,26.75,27.74,26.68,27.55,2983972.0,82650600.0
2019-12-19,28.48,28.65,27.48,27.82,2626164.0,73969400.0
2019-12-20,27.79,28.01,27.21,27.21,1813032.0,50443900.0
2019-12-23,26.91,27.15,25.71,25.72,1898479.0,50361200.0
2019-12-24,25.76,26.54,25.76,26.53,1604388.0,42608100.00000001
2019-12-25,26.67,27.33,26.38,26.96,1931468.0,52607700.00000001
2019-12-26,27.16,27.31,26.57,26.8,1571782.0,42671899.99999999
2019-12-27,26.89,27.22,26.55,26.56,1732250.0,47109799.99999999
2019-12-30,26.58,26.9,26.01,26.6,1149572.0,30800000.0
2019-12-31,26.75,26.86,26.41,26.78,1099871.0,29555100.000000004
2020-01-02,26.97,27.42,26.86,27.28,1909115.0,52298000.0
2020-01-03,27.26,27.75,27.16,27.73,2053120.0,57105800.0
2020-01-06,27.64,28.18,27.17,27.67,2326617.0,65125000.0
2020-01-07,27.96,28.09,27.48,27.86,1783557.0,49829600.0
2020-01-08,27.58,28.76,27.58,28.06,3466872.0,98748300.0
2020-01-09,28.48,29.53,28.19,29.51,4178246.0,121618800.0
2020-01-10,29.74,30.4,29.51,30.19,3855984.0,116796300.0
2020-01-13,30.26,30.35,29.26,30.06,2504764.0,75108800.0
2020-01-14,30.05,30.72,29.89,30.11,2553186.0,77678300.0
2020-01-15,29.98,30.27,29.02,29.14,2581070.0,76735600.0
2020-01-16,29.54,29.71,29.04,29.19,2010788.0,59549600.0
2020-01-17,29.22,31.74,29.22,31.42,6168194.0,191942000.0
2020-01-20,31.42,33.14,30.27,32.38,5907718.0,190707200.0
2020-01-21,32.55,33.21,31.07,31.07,3951099.0,127448700.0
2020-01-22,30.81,31.85,28.86,30.98,4237574.0,129063900.0
2020-01-23,31.06,31.44,28.96,29.45,3504551.0,106809300.0
2020-02-03,23.52,24.84,23.51,23.51,4210628.0,100796100.0
2020-02-04,23.51,25.64,23.51,24.96,4505050.0,112631700.0
2020-02-05,25.21,26.97,25.06,26.04,4938989.0,130180600.0
2020-02-06,26.02,27.2,25.64,27.07,4160880.0,111968700.0
2020-02-07,27.14,27.96,26.64,27.95,4705791.0,130261900.0
2020-02-10,27.94,30.21,27.51,30.06,5643204.0,164698800.0
2020-02-11,29.76,29.76,28.26,28.87,4312840.0,126043800.0
2020-02-12,28.94,29.85,28.76,29.75,3661747.0,108578600.0
2020-02-13,30.16,30.98,29.54,29.78,5480866.0,167081400.0
2020-02-14,29.55,30.01,28.27,28.96,4266902.0,125400000.0
2020-02-17,29.26,31.44,29.01,31.11,5439873.0,165686000.0
2020-02-18,31.44,31.44,30.16,30.78,4796254.0,148808300.0
2020-02-19,30.86,32.73,30.28,31.09,5952590.0,187781500.0
2020-02-20,30.79,31.29,29.97,30.84,3993900.0,123586500.0
2020-02-21,30.88,31.04,30.19,30.19,3410080.0,105164900.0
2020-02-24,30.21,30.21,29.23,29.36,3407756.0,101376800.0
2020-02-25,28.72,29.06,27.77,28.84,3905420.0,112584300.0
2020-02-26,28.01,29.56,27.97,28.42,3769145.0,109733600.0
2020-02-27,28.56,28.86,28.12,28.27,2133603.0,61109200.0
2020-02-28,27.42,27.9,25.84,25.96,3195825.0,86533600.0
2020-03-02,26.45,29.74,26.31,29.57,5029237.0,143835100.0
2020-03-03,30.25,30.42,29.06,29.21,5300795.0,158843600.0
2020-03-04,28.9,29.64,28.52,29.02,2676651.0,78455900.0
2020-03-05,29.63,31.06,29.44,30.01,5756376.0,176535300.0
2020-03-06,29.47,30.53,29.26,29.77,3618675.0,109467700.0
2020-03-09,29.56,30.55,28.26,29.71,4785099.0,142603800.0
2020-03-10,29.33,31.74,28.61,31.55,7819469.0,240462600.0
2020-03-11,31.66,34.65,31.32,32.53,10922787.0,363158600.0
2020-03-12,31.52,33.64,31.29,32.04,6553631.0,214639800.0
2020-03-13,29.77,31.66,29.76,30.47,5857797.0,181124000.0
2020-03-16,30.97,31.91,28.09,28.26,5320981.0,162429600.0
2020-03-17,27.82,29.56,26.53,28.62,4238527.0,118825700.0
2020-03-18,28.96,29.72,27.76,27.83,4287263.0,125174900.0
2020-03-19,27.83,28.34,26.48,27.41,3645155.0,100290500.0
2020-03-20,27.75,28.08,26.77,27.41,2271083.0,62724900.0
2020-03-23,26.64,26.91,24.76,24.9,3177795.0,83076400.0
2020-03-24,25.66,25.74,24.51,25.66,2142799.0,54813200.0
2020-03-25,26.42,27.26,26.06,26.99,2846434.0,76590500.0
2020-03-26,26.7,26.83,25.96,26.08,1973256.0,52585200.00000001
2020-03-27,26.64,26.85,25.87,25.92,1998558.0,53303700.0
2020-03-30,25.26,25.54,24.56,25.12,2100800.0,53094100.0
2020-03-31,25.76,25.76,24.86,25.21,1218804.0,31091700.0
2020-04-01,24.81,25.51,24.76,24.98,1238226.0,31503800.0
2020-04-02,24.81,25.44,24.74,25.44,1371343.0,34806000.0
2020-04-03,25.19,25.85,25.18,25.4,1409342.0,36301200.0
2020-04-07,25.96,26.28,25.76,26.14,1666264.0,43815600.00000001
2020-04-08,25.91,26.49,25.76,26.28,1211429.0,32101000.0
2020-04-09,26.33,26.52,25.99,26.03,1159508.0,30590300.000000004
2020-04-10,26.03,26.12,24.86,25.03,1446282.0,37042000.0
2020-04-13,24.86,25.2,24.57,24.84,805837.0,20259400.0
2020-04-14,25.42,25.43,25.09,25.35,925558.0,23616200.0
2020-04-15,25.37,25.53,25.12,25.26,910486.0,23292600.000000004
2020-04-16,25.11,25.53,24.96,25.28,976631.0,24899900.0
2020-04-17,25.31,26.78,25.31,26.4,3085535.0,81640900.0
2020-04-20,26.69,26.71,26.06,26.22,1813851.0,48153900.0
2020-04-21,26.22,26.24,25.64,25.93,1192607.0,31212300.0
2020-04-22,25.96,26.31,25.71,26.23,1059155.0,27822400.0
2020-04-23,26.17,26.35,25.91,26.01,1103005.0,29125900.0
2020-04-24,26.26,26.26,25.41,25.91,1303331.0,34084200.0
2020-04-27,25.79,26.29,25.47,25.81,1065703.0,27866800.0
2020-04-28,25.82,25.82,21.39,23.84,2623349.0,63055400.0
2020-04-29,23.56,24.33,23.46,23.57,1125305.0,27058100.0
2020-04-30,23.58,24.74,23.52,24.26,1854420.0,45231200.0
2020-05-06,24.27,25.92,23.87,25.85,2294561.0,58122200.0
2020-05-07,25.94,26.11,25.21,25.34,1816168.0,46942900.0
2020-05-08,25.51,25.91,25.27,25.43,1468849.0,37915000.0
2020-05-11,25.66,25.68,24.86,25.18,913594.0,23341600.0
2020-05-12,25.18,25.38,24.36,24.59,1357497.0,33857600.0
2020-05-13,24.46,24.88,24.21,24.84,841125.0,20947400.0
2020-05-14,24.76,24.76,24.19,24.19,1480875.0,36580800.0
2020-05-15,24.21,24.55,23.99,24.44,1130973.0,27729300.0
2020-05-18,24.7,24.71,23.71,23.86,1272922.0,30959400.0
2020-05-19,24.09,24.34,24.06,24.09,1603021.0,39154300.0
2020-05-20,24.19,25.15,23.94,24.66,2488980.0,62113300.0
2020-05-21,24.95,25.06,23.86,23.91,1751607.0,43133900.0
2020-05-22,23.91,24.06,23.05,23.25,1397110.0,33117000.0
2020-05-25,23.09,23.64,22.64,22.94,1020169.0,23653800.0
2020-05-26,23.12,24.5,22.96,24.42,2303244.0,55964000.0
2020-05-27,24.46,24.89,23.76,23.83,1652587.0,40540500.0
2020-05-28,23.81,24.11,23.18,23.87,1432640.0,34234600.0
2020-05-29,24.0,24.44,23.76,24.2,1415473.0,34583600.0
2020-06-01,24.01,25.01,24.01,24.82,2147535.0,53658600.0
2020-06-02,24.82,25.35,24.76,25.18,2047116.0,51818200.0
2020-06-03,25.26,25.37,24.72,24.82,1953803.0,49235300.0
2020-06-04,24.84,26.25,24.68,25.86,4379802.0,112896900.0
2020-06-05,25.85,26.11,25.37,25.59,2287083.0,59243200.0
2020-06-08,25.59,25.86,25.34,25.37,1359806.0,35105100.0
2020-06-09,25.64,25.64,24.79,24.87,1827393.0,46156200.0
2020-06-10,24.78,24.92,24.47,24.59,1181944.0,29372800.000000004
2020-06-11,24.82,24.96,24.2,24.63,1341520.0,33351500.0
2020-06-12,24.08,24.53,23.94,24.3,1146945.0,28091400.0
2020-06-15,24.2,24.85,24.18,24.28,1050470.0,26001600.0
2020-06-16,24.29,24.82,24.29,24.78,1097786.0,27349200.0
2020-06-17,24.8,25.03,24.65,25.0,1767802.0,44460700.0
2020-06-18,25.05,25.41,24.97,25.23,1756508.0,44676600.0
2020-06-19,25.36,25.36,24.78,24.87,1801726.0,45411200.0
2020-06-22,25.01,25.64,25.01,25.13,1948040.0,49545800.0
2020-06-23,25.13,25.14,24.46,24.47,1923673.0,47901500.0
2020-06-24,24.74,24.74,23.86,24.29,2013226.0,49037299.99999999
2020-06-29,24.05,24.27,23.76,23.86,1435525.0,34596900.0
2020-06-30,24.09,24.23,23.86,24.04,1551593.0,37421300.0
2020-07-01,24.04,24.34,23.94,24.1,1642958.0,39877800.0
2020-07-02,24.08,24.49,24.01,24.36,1474355.0,36027600.0
2020-07-03,24.55,24.74,24.38,24.56,1820354.0,44943100.00000001
2020-07-06,24.83,26.74,24.75,26.39,4932792.0,128534700.0
2020-07-07,26.71,27.51,26.4,27.0,5399022.0,146782900.0
2020-07-08,27.44,27.44,26.71,27.16,3353868.0,91052300.0
2020-07-09,27.16,28.82,26.87,28.32,4962513.0,138873300.0
2020-07-10,28.36,28.68,27.52,27.7,3967570.0,111834200.0
2020-07-13,27.16,27.86,26.46,27.86,5814581.0,158901100.0
2020-07-14,27.66,28.21,26.92,27.83,4344218.0,120908900.0
2020-07-15,28.06,30.04,27.9,28.12,7558181.0,219201800.0
2020-07-16,27.58,27.58,25.49,25.81,4538289.0,121255400.0
2020-07-17,25.81,26.19,25.37,25.58,2023724.0,52457000.0
2020-07-20,25.6,25.81,24.55,25.54,2637130.0,66782600.0
2020-07-21,25.62,25.75,25.01,25.01,1913396.0,48652700.00000001
2020-07-22,24.91,25.01,23.02,23.02,15616853.0,368625000.0
2020-07-23,23.16,23.45,22.23,22.58,9156518.0,209604400.0
2020-07-24,22.54,22.54,21.6,21.76,6421064.0,142437400.0
2020-07-27,21.44,21.7,20.64,20.91,6291072.0,132367300.0
2020-07-28,21.04,21.06,20.25,20.35,9829081.0,202028800.0
2020-07-29,20.39,20.88,19.77,20.86,11980759.0,245704300.0
2020-07-30,20.64,20.89,20.51,20.57,7095291.0,148114000.0
2020-07-31,20.53,20.85,20.39,20.76,5847900.0,121563900.0
2020-08-03,20.95,21.86,20.82,21.79,8557722.0,184408400.0
2020-08-04,21.88,21.93,21.33,21.37,5845884.0,126931000.0
2020-08-05,21.54,21.55,21.22,21.44,4415013.0,95057600.0
2020-08-06,21.45,21.51,21.04,21.13,4906653.0,104704300.0
2020-08-07,21.16,21.22,20.38,20.66,4375921.0,91348900.0
2020-08-10,20.65,21.46,20.59,21.34,5332762.0,113471600.0
2020-08-11,21.16,21.23,20.61,20.71,4560978.0,96151000.0
2020-08-12,20.74,20.75,20.13,20.46,4150233.0,84895000.0
2020-08-13,20.84,20.92,20.62,20.68,2963803.0,61979600.0
2020-08-14,20.61,20.93,20.46,20.81,2561180.0,53312800.0
2020-08-17,20.94,21.01,20.73,20.89,3834500.0,80518600.0
2020-08-18,20.89,21.06,20.77,20.92,4058528.0,85443200.0
2020-08-19,20.92,20.92,20.48,20.6,3973247.0,82660800.0
2020-08-20,20.44,20.57,20.25,20.28,2615642.0,53638600.0
2020-08-21,20.3,20.53,20.22,20.29,1856138.0,38043800.0
2020-08-24,20.26,20.35,19.96,20.17,2415077.0,49040600.00000001
2020-08-25,20.08,20.35,20.08,20.33,2171315.0,44155900.0
2020-08-26,20.43,20.44,19.79,19.93,4053265.0,81859400.0
2020-08-27,19.93,20.03,19.59,19.79,3406426.0,67856200.0
2020-08-28,19.94,19.98,19.69,19.73,3170926.0,63213200.0
2020-08-31,19.73,19.93,19.7,19.74,2974264.0,59377600.0
2020-09-01,19.76,19.81,19.57,19.81,1967271.0,38986600.0
2020-09-02,19.81,20.38,19.74,20.28,4528340.0,91534700.0
2020-09-03,20.26,20.43,19.96,20.05,2868384.0,58319600.0
2020-09-04,19.76,20.01,19.71,19.83,2625049.0,52534399.99999999
2020-09-07,19.84,19.96,19.58,19.65,3412336.0,68007700.0
2020-09-08,19.65,19.74,19.27,19.54,2861410.0,56100000.0
2020-09-09,19.32,19.46,19.06,19.06,3151554.0,61125300.0
2020-09-10,19.19,19.29,18.03,18.11,3048142.0,57118600.0
2020-09-11,18.04,18.45,17.71,18.32,2767636.0,50410600.00000001
2020-09-14,18.36,18.98,18.34,18.79,2563052.0,48411800.0
2020-09-15,18.79,18.88,18.57,18.8,1417745.0,26771800.0
2020-09-16,18.75,18.96,18.51,18.62,1243996.0,23476900.0
2020-09-17,18.56,19.92,18.56,19.8,7121096.0,139768600.0
2020-09-18,19.9,19.93,19.46,19.78,3502238.0,69385200.0
2020-09-21,19.71,19.85,19.55,19.6,1824965.0,36128700.0
2020-09-22,19.49,19.68,19.14,19.18,2166830.0,42300300.0
2020-09-23,19.34,19.82,19.2,19.71,2507092.0,49412700.00000001
2020-09-24,19.66,19.66,19.16,19.25,1788517.0,34859700.0
2020-09-25,19.23,19.37,18.86,18.92,1485226.0,28546400.0
2020-09-28,18.92,18.98,18.42,18.42,1355799.0,25434500.0
2020-09-29,18.45,19.05,18.44,18.86,1552588.0,29555500.0
2020-09-30,18.95,19.05,18.72,18.86,1284811.0,24499600.0
2020-10-09,19.22,19.62,19.18,19.48,1687250.0,33049100.0
2020-10-12,19.47,19.72,19.38,19.66,2718864.0,53719200.0
2020-10-13,19.66,19.71,19.44,19.55,1583350.0,31151900.0
2020-10-14,19.49,19.55,19.14,19.21,1761598.0,34232400.0
2020-10-15,19.29,19.29,19.07,19.07,1166279.0,22485600.0
2020-10-16,19.06,19.19,19.03,19.18,885806.0,17064300.0
2020-10-19,19.18,19.41,19.18,19.3,1410664.0,27449200.0
2020-10-20,19.46,19.46,19.18,19.31,1063751.0,20704300.0
2020-10-21,19.26,19.33,18.78,18.8,1837239.0,35117300.0
2020-10-22,18.68,18.85,18.43,18.48,2405177.0,44853800.0
2020-10-23,18.61,18.61,18.13,18.13,1719137.0,31735800.0
2020-10-26,18.15,18.15,17.86,17.93,2177319.0,39437600.0
2020-10-27,17.93,18.09,17.82,17.91,1692347.0,30574000.0
2020-10-28,17.94,18.14,17.77,18.05,1523531.0,27577400.0
2020-10-29,17.83,18.04,17.76,17.86,1455891.0,26228200.0
2020-10-30,17.87,18.12,17.33,17.35,2082468.0,37180000.0
2020-11-02,17.46,17.5,16.77,17.1,2702261.0,46479700.0
2020-11-03,17.08,17.62,17.08,17.53,1630721.0,28713800.0
2020-11-04,17.53,17.71,17.34,17.57,1303872.0,22999800.0
2020-11-05,17.75,17.94,17.49,17.84,1888388.0,33790800.0
2020-11-06,17.81,17.84,17.49,17.64,1750705.0,31061400.0
2020-11-09,17.66,18.28,17.66,18.17,2966849.0,54128800.0
2020-11-10,18.44,18.44,17.9,18.0,2161357.0,39339000.0
2020-11-11,18.0,18.0,17.42,17.52,1902820.0,33893500.0
2020-11-12,17.52,17.7,17.38,17.48,1040656.0,18393500.0
2020-11-13,17.41,17.68,17.35,17.64,1006771.0,17798000.0
2020-11-16,18.35,18.35,17.7,17.83,2190380.0,39377000.0
2020-11-17,17.84,17.84,17.43,17.51,1630370.0,28851600.0
2020-11-18,17.54,17.76,17.41,17.58,1598458.0,28372400.0
2020-11-19,17.58,17.62,17.26,17.32,2938524.0,51433400.0
2020-11-20,17.29,17.37,17.26,17.29,1923288.0,33540600.0
2020-11-23,17.31,17.36,17.07,17.15,2346641.0,40589800.0
2020-11-24,17.16,17.23,17.04,17.05,1964561.0,33861800.0
2020-11-25,17.15,17.24,16.89,16.9,2093275.0,35892300.0
2020-11-26,17.04,17.04,16.87,16.91,1522117.0,25976500.0
2020-11-27,16.9,17.04,16.87,17.01,1926326.0,32890600.0
2020-11-30,17.02,17.14,16.96,17.04,2522090.0,43421899.99999999
2020-12-01,17.06,17.19,17.01,17.13,2628127.0,45331899.99999999
2020-12-02,17.21,17.24,16.99,17.03,2244486.0,38662300.0
2020-12-03,16.98,17.18,16.86,17.14,3378380.0,57967900.0
2020-12-04,17.11,17.12,16.95,16.97,1730467.0,29655400.0
2020-12-07,17.02,17.06,16.63,16.67,3064807.0,51982299.99999999
2020-12-08,16.66,16.66,16.18,16.21,5025492.0,83209700.0
2020-12-09,16.19,16.22,15.16,15.24,8575294.0,135374500.0
2020-12-10,15.31,15.38,15.01,15.07,4050485.0,62117100.0
2020-12-11,15.13,15.14,14.57,14.9,4698291.0,69984700.0
2020-12-14,14.79,14.98,14.74,14.78,2784347.0,41743200.0
2020-12-15,14.81,15.14,14.57,15.04,4462520.0,66784600.0
2020-12-16,14.97,14.97,14.7,14.7,1985140.0,29750500.0
2020-12-17,14.76,14.8,14.37,14.61,2973612.0,43772000.0
2020-12-18,14.61,14.72,14.42,14.47,2198195.0,32234700.0
2020-12-21,14.47,14.57,14.31,14.47,2884129.0,42139500.0
2020-12-22,14.37,14.52,14.09,14.18,3046683.0,44022100.0
2020-12-23,14.13,14.24,14.09,14.22,2251907.0,32217700.0
2020-12-24,14.21,14.29,13.66,13.69,3269192.0,46031300.0
2020-12-25,13.79,14.35,13.74,14.15,3937417.0,56405900.0
2020-12-28,14.15,14.2,13.82,13.92,2431870.0,34333900.0
2020-12-29,13.92,14.19,13.88,14.11,1831436.0,26053900.0
2020-12-30,14.13,14.13,13.97,14.01,1884683.0,26736800.0
2020-12-31,14.03,14.26,14.01,14.19,2323391.0,33248000.0
2021-01-04,14.13,14.53,14.13,14.38,2845926.0,41314900.0
2021-01-05,14.41,15.04,14.27,14.73,4756844.0,70783800.0
2021-01-06,14.67,14.83,14.23,14.25,4109836.0,60031100.0
2021-01-07,13.99,14.22,13.0,13.14,7118090.0,96580400.0
2021-01-08,13.21,13.32,12.84,13.01,3298019.0,43660700.0
2021-01-11,12.95,13.22,12.75,12.79,3427093.0,44783300.0
2021-01-12,12.64,12.93,12.56,12.8,1894853.0,24431700.0
2021-01-13,12.76,12.95,12.25,12.86,4243489.0,53884700.0
2021-01-14,12.87,13.86,12.74,13.56,6349145.0,86786400.0
2021-01-15,13.56,13.78,13.38,13.54,3054026.0,41905500.0
2021-01-18,13.54,13.73,13.41,13.6,3012784.0,41367200.0
2021-01-19,13.66,14.22,13.52,13.99,4418642.0,62332200.0
2021-01-20,13.94,14.22,13.75,13.81,2626582.0,36920500.0
2021-01-21,13.81,13.88,13.55,13.67,2302065.0,31865600.0
2021-01-22,13.62,13.74,13.04,13.06,3544972.0,47620100.0
2021-01-25,12.96,13.19,12.76,12.84,2823718.0,36922500.0
2021-01-26,12.84,13.04,12.69,12.72,2431240.0,31652700.0
2021-01-27,12.72,12.99,12.59,12.63,2559004.0,32952200.0
2021-01-28,12.71,12.93,12.59,12.62,2997433.0,38703000.0
2021-01-29,12.74,12.74,11.99,12.17,3493428.0,43420700.0
2021-02-01,12.25,12.46,12.1,12.27,2491457.0,30845300.000000004
2021-02-02,12.22,12.39,12.07,12.11,2038810.0,25211800.0
2021-02-03,12.12,12.14,11.63,11.64,3120127.0,37351500.0
2021-02-04,11.62,11.73,11.17,11.36,2831780.0,32587700.0
2021-02-05,11.37,11.66,11.3,11.3,2084753.0,24126500.0
2021-02-08,11.3,11.48,11.24,11.33,1823039.0,20998100.0
2021-02-09,11.43,11.81,11.34,11.62,3375105.0,39691800.0
2021-02-10,11.62,11.79,11.46,11.57,3067620.0,35974600.0
2021-02-18,11.75,12.03,11.75,11.8,3465335.0,41599900.0
2021-02-19,11.75,12.24,11.75,12.19,3979509.0,48597700.00000001
2021-02-22,12.26,12.65,12.23,12.29,5825114.0,73400000.0
2021-02-23,12.23,12.33,12.08,12.21,3572541.0,44119000.0
2021-02-24,12.25,12.43,12.07,12.26,3094318.0,38410200.0
2021-02-25,12.29,12.34,11.93,11.97,3373565.0,41205000.0
2021-02-26,11.88,12.13,11.78,12.01,2898281.0,35173900.0
2021-03-01,12.04,12.31,12.03,12.28,2964978.0,36658300.0
2021-03-02,12.81,13.12,12.41,12.46,9028807.0,115809800.0
2021-03-03,12.72,13.48,12.72,13.16,11526762.0,153245100.0
2021-03-04,13.17,14.04,13.01,13.76,11456440.0,158346700.0
2021-03-05,13.66,13.89,13.46,13.66,6795725.0,93583200.0
2021-03-08,13.66,13.78,13.26,13.27,5619089.0,76847300.0
2021-03-09,13.31,13.54,12.72,12.99,4590373.0,60945600.00000001
2021-03-10,13.26,13.3,12.55,12.56,4664827.0,60320700.0
2021-03-11,12.5,12.87,12.46,12.84,3057130.0,39341600.0
2021-03-12,12.86,12.96,12.55,12.75,3800077.0,48774900.0
2021-03-15,12.62,13.25,12.55,12.71,5102014.0,66680800.0
2021-03-16,12.68,13.58,12.68,13.47,6437827.0,86268300.0
2021-03-17,13.46,13.56,13.21,13.23,3378069.0,45618600.0
2021-03-18,13.39,13.4,13.0,13.07,2832035.0,37507100.0
2021-03-19,13.08,13.59,12.94,13.33,4374853.0,59131700.0
2021-03-22,13.36,13.45,13.17,13.43,3091711.0,41600600.00000001
2021-03-23,13.46,13.6,13.2,13.39,2248483.0,30377300.0
2021-03-24,13.34,13.7,13.22,13.58,4327566.0,59308200.0
2021-03-25,13.39,13.71,13.37,13.45,3707855.0,50764100.0
2021-03-26,13.45,13.81,13.38,13.55,3761147.0,51675100.0
2021-03-29,13.48,13.7,13.35,13.41,3688204.0,50576600.0
2021-03-30,13.35,13.35,12.51,12.62,7036243.0,90715000.0
2021-03-31,12.7,12.96,12.59,12.62,3199262.0,41260500.0
2021-04-01,12.67,12.9,12.59,12.7,2381026.0,30649800.0
2021-04-02,12.76,12.94,12.7,12.84,2399515.0,31174000.0
2021-04-06,12.85,12.96,12.71,12.8,2256184.0,29179500.0
2021-04-07,12.78,12.8,12.61,12.76,2374991.0,30500600.0
2021-04-08,12.74,12.76,12.51,12.54,3916521.0,49936700.0
2021-04-09,12.55,12.61,12.35,12.53,2634995.0,33217800.000000004
2021-04-12,12.53,12.62,12.43,12.51,1719233.0,21782700.0
2021-04-13,12.47,12.71,12.41,12.53,3015411.0,38265800.0
2021-04-14,12.54,12.55,12.36,12.44,2153913.0,27121900.0
2021-04-15,12.45,12.47,12.33,12.34,1593437.0,19958500.0
2021-04-16,12.43,12.79,12.38,12.62,3809824.0,48738900.0
2021-04-19,12.61,12.98,12.58,12.92,4773672.0,61854900.0
2021-04-20,12.88,13.13,12.76,12.77,3703142.0,48190800.0
2021-04-21,12.71,12.89,12.68,12.71,2302580.0,29685800.0
2021-04-22,12.69,12.85,12.67,12.7,2114335.0,27240200.0
2021-04-23,12.7,12.7,12.49,12.54,2305904.0,29305100.000000004
2021-04-26,12.53,12.69,12.39,12.53,2070347.0,26324900.0
2021-04-27,12.51,12.51,11.98,12.09,3889584.0,47784900.0
2021-04-28,12.07,12.14,12.02,12.08,1198810.0,14643599.999999998
2021-04-29,12.11,12.14,11.9,11.9,1955652.0,23800900.0
2021-04-30,11.74,11.74,11.26,11.3,5080101.0,58662500.0
2021-05-06,11.3,11.62,11.28,11.42,2885275.0,33532300.0
2021-05-07,11.44,11.72,11.43,11.54,2613885.0,30680900.0
2021-05-10,11.64,11.65,11.26,11.38,2584736.0,29785800.0
2021-05-11,11.36,11.49,11.24,11.43,1826215.0,21062500.0
2021-05-12,11.43,11.52,11.33,11.49,1800283.0,20829600.0
2021-05-13,11.46,11.65,11.41,11.55,2505321.0,29310700.0
2021-05-14,11.49,11.76,11.49,11.61,2632271.0,31004400.0
2021-05-17,11.54,11.55,11.03,11.04,7536080.0,84822400.0
2021-05-18,11.04,11.16,11.0,11.15,3031210.0,34030300.0
2021-05-19,11.14,11.15,11.07,11.1,1758847.0,19795400.0
2021-05-20,11.04,11.1,11.0,11.05,2244118.0,25090600.0
2021-05-21,11.1,11.19,11.05,11.11,1718414.0,19367900.0
2021-05-24,11.06,11.17,11.04,11.14,1810377.0,20395300.0
2021-05-25,11.1,11.33,11.1,11.33,3146547.0,35829700.0
2021-05-26,11.38,12.14,11.33,11.83,9418071.0,113312900.0
2021-05-27,11.76,11.99,11.74,11.74,4229807.0,50609200.0
2021-05-28,11.72,11.84,11.51,11.54,3641386.0,42892600.0
2021-05-31,11.48,11.84,11.48,11.77,3652379.0,43376700.0
2021-06-01,11.8,12.04,11.74,11.96,4314306.0,52097400.0
2021-06-02,11.89,12.61,11.88,12.39,10117078.0,126113000.0
2021-06-03,12.38,12.54,12.14,12.14,5990730.0,74551000.0
2021-06-04,12.08,12.4,12.08,12.17,4554444.0,56454000.0
2021-06-07,12.18,12.33,12.06,12.12,3361088.0,41301700.0
2021-06-08,12.13,12.17,11.94,11.97,3523405.0,43006899.99999999
2021-06-09,12.01,12.09,11.93,12.03,2823735.0,34277900.0
2021-06-10,12.05,12.2,12.0,12.13,3445068.0,42147800.0
2021-06-11,12.12,12.17,11.8,11.82,3199917.0,38688300.0
2021-06-15,11.92,11.94,11.71,11.88,1831152.0,21844900.0
2021-06-16,11.82,12.37,11.79,12.12,5098715.0,62507000.0
2021-06-17,12.3,12.32,12.0,12.17,4543498.0,55625900.0
2021-06-18,12.1,12.27,12.08,12.16,3667571.0,44947500.0
2021-06-21,12.11,12.31,12.11,12.3,3526233.0,43480100.0
2021-06-22,12.35,12.64,12.35,12.4,5881811.0,73989500.0
2021-06-23,12.39,12.81,12.3,12.77,6310338.0,80177600.0
2021-06-24,12.7,13.95,12.7,13.57,18635076.0,252035000.0
2021-06-25,13.36,13.78,13.14,13.25,8946639.0,120716100.0
2021-06-28,13.3,14.92,13.3,14.63,24038350.0,350806800.0
2021-06-29,14.62,15.13,14.43,14.84,13272427.0,198335000.0
2021-06-30,14.85,16.36,14.85,15.79,19970123.0,318484400.0
2021-07-01,15.95,16.23,15.3,15.63,11707613.0,184705300.0
2021-07-02,15.5,16.5,15.43,16.5,15753175.0,256283700.0
2021-07-05,16.59,16.6,15.18,16.24,13355564.0,214277500.0
2021-07-06,15.97,16.48,15.97,16.38,8300186.0,136236500.0
2021-07-07,16.61,18.27,16.27,17.77,20955678.0,369248400.0
2021-07-08,17.83,18.41,17.24,17.79,12467656.0,223940800.00000003
2021-07-09,17.49,17.85,16.93,17.56,9763437.0,171445400.0
2021-07-12,17.57,18.65,17.57,18.49,13585627.0,251481500.0
2021-07-13,18.6,19.55,18.08,18.18,12932697.0,243708900.0
2021-07-14,18.0,19.0,17.98,18.61,11272262.0,211118400.0
2021-07-15,18.42,18.87,17.6,18.57,8974834.0,163950900.0
2021-07-16,18.54,19.3,18.54,18.98,9951552.0,190566800.0
2021-07-19,19.35,19.5,18.84,19.12,6720232.0,129865100.0
2021-07-20,19.0,19.4,18.75,19.01,5341086.0,102353800.0
2021-07-21,18.8,19.3,18.78,18.89,6625235.0,126406700.0
2021-07-22,18.76,20.01,18.68,19.83,10271319.0,202900900.0
2021-07-23,20.1,22.05,20.1,21.46,16851368.0,365898900.0
2021-07-26,21.25,21.89,20.61,20.75,8424656.0,178223900.0
2021-07-27,20.82,22.3,20.51,20.95,11704526.0,254464500.0
2021-07-28,21.1,21.18,19.12,19.8,14938259.0,300205400.0
2021-07-29,20.25,21.86,19.98,21.69,12954642.0,276086900.0
2021-07-30,21.71,22.28,21.28,21.75,10770199.0,236052800.0
2021-08-02,21.8,22.02,21.04,21.94,9726084.0,210988100.0
2021-08-03,21.9,22.51,21.5,21.7,6954924.0,153406000.0
2021-08-04,21.55,23.47,21.43,23.1,11263175.0,255493400.0
2021-08-05,23.06,24.4,22.61,23.03,10105801.0,236681900.0
2021-08-06,23.55,27.66,23.55,27.43,18054756.0,467078500.0
2021-08-09,27.43,27.43,25.53,25.81,13027801.0,342021700.0
2021-08-10,25.99,28.08,25.49,26.24,12836505.0,345482699.99999994
2021-08-11,26.4,26.96,25.64,26.52,9381378.0,248744700.0
2021-08-12,26.43,27.89,25.9,27.06,7939528.0,214361600.0
2021-08-13,26.79,28.18,26.46,26.78,8057502.0,220961100.0
2021-08-16,27.34,27.34,24.41,24.55,9949646.0,254515500.0
2021-08-17,25.18,25.85,23.5,23.67,10035502.0,245299600.0
2021-08-18,23.66,25.58,23.2,24.28,9410731.0,231332200.0
2021-08-19,23.77,24.7,23.7,24.18,7170773.0,174208300.00000003
2021-08-20,23.76,24.67,22.7,23.6,10503055.0,247928600.0
2021-08-23,23.9,24.8,23.47,24.52,8274018.0,201846500.0
2021-08-24,23.9,25.85,23.4,25.09,12864519.0,320807000.0
2021-08-25,25.9,28.17,25.81,26.0,13487358.0,363534500.0
2021-08-26,25.5,28.1,25.5,27.39,13823704.0,377823600.0
2021-08-27,27.2,27.43,25.95,26.2,8006377.0,212290500.0
2021-08-30,26.2,27.27,25.68,25.89,9595191.0,253880900.0
2021-08-31,25.58,26.73,25.32,26.49,6059939.0,159710600.0
2021-09-01,26.44,26.44,22.6,22.7,13956293.0,336488399.99999994
2021-09-02,23.14,25.29,23.14,24.9,13140240.0,324521900.0
2021-09-03,25.39,26.46,24.45,24.9,7043959.0,179751800.0
2021-09-06,24.1,25.89,23.52,25.28,5988806.0,149624000.0
2021-09-07,25.78,27.1,25.4,26.16,7195899.0,190590400.0
2021-09-08,26.37,26.7,24.95,25.32,4430092.0,112726800.0
2021-09-09,25.31,25.4,23.84,24.58,4595379.0,112599600.0
2021-09-10,24.5,26.44,24.38,24.55,10624523.0,270528500.0
2021-09-13,24.15,25.48,23.94,24.26,4656407.0,114681600.0
2021-09-14,23.69,24.63,23.58,23.7,4634351.0,111518900.0
2021-09-15,24.3,24.3,22.87,23.4,4169682.0,98040000.0
2021-09-16,23.0,24.55,22.9,23.02,7057518.0,168170500.0
2021-09-17,23.2,24.2,22.73,23.3,4961709.0,116207900.0
2021-09-22,22.7,22.83,20.51,22.0,12026963.0,258279500.0
2021-09-23,22.47,23.4,22.4,22.94,8648912.0,199109000.0
2021-09-24,22.56,23.34,22.08,22.68,4799295.0,109442900.0
2021-09-27,21.55,22.87,20.85,21.73,8212040.0,178580099.99999997
2021-09-28,21.0,21.98,20.95,21.11,4607179.0,98990800.0
2021-09-29,21.33,21.33,19.45,19.7,6572576.0,133552500.0
2021-09-30,20.1,22.15,19.71,21.6,9222910.0,196542000.0
2021-10-08,21.99,22.08,20.61,21.52,5789674.0,123940700.0
2021-10-11,20.7,21.26,20.4,20.81,6947644.0,145074900.0
2021-10-12,20.91,21.0,19.67,19.93,5190628.0,105324200.0
2021-10-13,20.15,20.15,19.15,19.9,4793654.0,95198700.0
2021-10-14,20.1,21.32,19.75,21.1,4580125.0,96076300.0
2021-10-15,22.0,23.45,22.0,23.11,12627750.0,289643700.0
2021-10-18,23.65,27.75,22.65,27.75,24503234.0,645293100.0
2021-10-19,29.5,30.23,27.95,29.67,19462008.0,572608500.0
2021-10-20,29.82,29.95,28.5,28.6,13040159.0,382390600.0
2021-10-21,28.87,29.26,27.29,27.38,9968041.0,280674900.0
2021-10-22,27.38,28.0,25.58,26.2,8956264.0,236951300.0
2021-10-25,25.66,27.73,25.66,26.9,9367936.0,251713300.00000003
2021-10-26,27.15,27.7,26.71,26.86,6738799.0,183891100.0
2021-10-27,26.86,27.23,26.1,26.4,4524057.0,120104600.0
2021-10-28,25.99,27.4,25.4,25.69,4648469.0,121898100.0
2021-10-29,26.1,29.28,26.1,28.42,10389220.0,287674500.0
2021-11-01,28.89,32.28,28.74,31.38,15940991.0,497558500.0
2021-11-02,31.86,31.86,30.2,30.65,8976098.0,279696000.0
2021-11-03,30.55,30.9,29.4,30.33,5599905.0,168325900.0
2021-11-04,31.0,34.86,30.6,32.41,14641285.0,484009500.0
2021-11-05,32.9,33.06,29.83,30.02,10572368.0,326800100.0
2021-11-08,30.35,30.45,29.3,29.65,5294356.0,158187300.0
2021-11-09,30.1,30.78,29.51,29.83,5720928.0,172562100.0
2021-11-10,29.41,30.12,28.55,29.2,5613100.0,163837000.0
2021-11-11,29.47,30.03,28.35,28.9,5494227.0,160467900.0
2021-11-12,28.9,31.37,28.9,31.07,8125610.0,247514900.00000003
2021-11-15,30.78,32.9,30.44,31.7,10311192.0,329408300.0
2021-11-16,31.4,32.25,29.6,29.99,6155122.0,190926900.0
2021-11-17,29.39,30.9,29.39,30.06,4981028.0,150818000.0
2021-11-18,30.36,31.1,29.24,29.35,8278445.0,248609800.0
2021-11-19,29.26,32.39,29.26,31.83,9334817.0,290526500.0
2021-11-22,32.13,33.05,31.6,31.73,6159840.0,199509700.0
2021-11-23,31.7,32.25,28.56,28.96,14560303.0,435593300.0
2021-11-24,28.9,29.28,27.31,28.66,12019799.0,339912300.00000006
2021-11-25,28.81,29.75,28.05,29.06,9282711.0,270504100.0
2021-11-26,29.28,30.02,28.81,29.5,4808505.0,142349400.0
2021-11-29,29.0,32.5,28.82,31.68,13080339.0,413400900.0
2021-11-30,32.08,32.85,30.28,30.78,7067745.0,221532800.0
2021-12-01,30.77,31.25,29.5,30.54,5301371.0,161277800.0
2021-12-02,30.75,30.87,29.6,29.79,3832869.0,115232000.0
2021-12-03,29.75,30.88,29.63,29.8,4599624.0,138341000.0
2021-12-06,29.75,30.26,29.4,29.88,5107424.0,152493600.0
2021-12-07,30.09,30.23,27.46,28.31,8785385.0,249461600.0
2021-12-08,28.51,29.7,28.51,29.4,4491147.0,132123700.0
2021-12-09,29.7,29.7,27.56,27.68,6932819.0,195758600.0
2021-12-10,27.4,30.21,27.32,29.72,10295876.0,301923000.0
2021-12-13,29.2,29.83,28.49,28.79,5317064.0,153723300.0
2021-12-14,28.41,29.2,26.7,27.37,10154417.0,280225200.0
2021-12-15,27.37,28.38,26.99,27.89,6530725.0,183020700.0
2021-12-16,28.14,29.68,27.79,28.68,7183826.0,208344200.0
2021-12-17,28.74,30.15,28.3,28.85,8749130.0,258332100.0
2021-12-20,28.13,30.04,27.79,28.15,7407617.0,213105800.00000003
2021-12-21,27.97,30.42,27.67,30.3,10118016.0,300029800.0
2021-12-22,30.0,33.51,30.0,32.78,12962235.0,420279600.0
2021-12-23,32.95,33.96,32.48,32.94,8129322.0,270707700.0
2021-12-24,32.37,33.7,31.46,31.57,6523856.0,210452200.0
2021-12-27,31.49,31.59,30.1,30.49,6432210.0,197897700.0
2021-12-28,30.42,30.8,29.48,29.82,3974402.0,119208400.0
2021-12-29,29.54,29.85,28.43,29.36,7049555.0,205912200.0
2021-12-30,29.54,31.76,29.04,31.4,7535538.0,233300300.0
2021-12-31,31.38,33.38,31.25,32.95,8250679.0,271251400.0
2022-01-04,32.68,33.24,30.34,31.67,10318620.0,326481800.0
2022-01-05,31.6,32.38,29.82,30.08,6948136.0,212297800.0
2022-01-06,29.63,30.5,28.6,29.83,13064121.0,386476400.0
2022-01-07,29.82,30.1,27.67,27.9,10673201.0,304879000.0
2022-01-10,27.71,27.88,24.82,25.66,15111511.0,392733600.0
2022-01-11,25.75,26.45,23.5,23.82,15990181.0,392869100.00000006
2022-01-12,24.15,25.27,23.03,25.01,17547455.0,428712200.0
2022-01-13,24.89,25.49,24.21,24.36,5655172.0,140847800.0
2022-01-14,23.91,24.79,23.35,23.7,9413690.0,225528500.0
2022-01-17,23.0,25.7,23.0,25.38,9819077.0,244657100.0
2022-01-18,25.48,26.75,25.1,25.82,8007176.0,209429600.0
2022-01-19,25.15,26.02,24.91,25.39,6507564.0,166060300.0
2022-01-20,25.3,25.55,24.19,24.47,5331054.0,132847200.0
2022-01-21,24.35,25.17,23.52,24.69,5990117.0,147181100.0
2022-01-24,24.58,25.16,23.7,24.9,6595424.0,161642300.0
2022-01-25,24.76,26.0,24.09,24.26,5684929.0,143359500.0
2022-01-26,23.58,26.4,23.58,26.02,13998711.0,361328800.0
2022-01-27,25.98,26.19,24.6,25.02,6187469.0,156963500.0
2022-01-28,25.4,25.41,23.55,24.4,6458012.0,158114600.0
2022-02-07,25.4,25.72,23.99,24.6,6667554.0,165510600.0
2022-02-08,24.87,24.87,22.52,23.4,8782313.0,204819700.0
2022-02-09,23.3,23.69,22.62,23.28,6475660.0,150465100.0
2022-02-10,23.28,23.43,21.91,22.1,6969243.0,156705100.0
2022-02-11,22.37,22.38,20.71,20.97,7556287.0,160242100.0
2022-02-14,20.87,21.44,20.5,21.05,4404887.0,92937000.0
2022-02-15,21.05,22.0,20.83,22.0,4482239.0,97065500.0
2022-02-16,22.0,22.32,21.64,22.01,2730795.0,60277200.0
2022-02-17,22.14,22.29,21.62,21.88,2317737.0,51139799.99999999
2022-02-18,21.81,21.92,21.18,21.42,2964478.0,63716500.0
2022-02-21,21.34,21.79,21.05,21.22,3616451.0,77574500.0
2022-02-22,21.22,21.29,20.26,20.55,3397666.0,70317200.0
2022-02-23,20.68,22.0,20.56,21.84,5622607.0,121220400.0
2022-02-24,22.39,22.4,20.61,21.01,5271192.0,113001900.0
2022-02-25,21.39,23.34,21.05,22.54,8604063.0,195272700.0
2022-02-28,22.79,24.64,22.58,24.16,16152185.0,384511000.0
2022-03-01,24.3,25.7,24.3,24.75,11393749.0,284963100.0
2022-03-02,25.1,25.1,22.9,23.88,8882092.0,211082700.0
2022-03-03,23.99,24.04,22.92,23.14,4214702.0,98935400.0
2022-03-04,23.2,23.61,22.65,22.7,3427401.0,79426600.0
2022-03-07,22.57,22.68,21.32,21.5,6638082.0,145557700.0
2022-03-08,21.38,21.73,19.53,19.77,10968436.0,224487100.0
2022-03-09,20.02,20.1,17.9,18.92,12713096.0,240271000.0
2022-03-10,20.21,20.37,19.34,19.81,11924738.0,237924100.0
2022-03-11,19.59,20.32,18.81,19.98,6534949.0,129320400.0
2022-03-14,19.87,20.19,18.9,19.32,6504559.0,126453000.0
2022-03-15,19.4,19.4,17.93,18.15,5260972.0,99071200.0
2022-03-16,18.8,19.35,17.11,18.85,14796756.0,267216800.0
2022-03-17,19.27,20.48,19.27,19.77,8172734.0,164429400.0
2022-03-18,19.66,19.7,18.48,18.48,6566433.0,124920600.0
2022-03-21,18.67,19.57,18.67,19.23,5145933.0,99514900.0
2022-03-22,19.63,19.63,18.7,18.81,3217885.0,61165800.0
2022-03-23,18.95,19.31,18.69,18.83,2557326.0,48733900.0
2022-03-24,19.05,19.16,18.37,18.59,2338787.0,43719700.0
2022-03-25,18.59,18.72,18.01,18.12,3120818.0,57668700.0
2022-03-28,18.12,18.12,17.31,17.59,3282714.0,58150900.0
2022-03-29,17.6,17.8,16.9,17.16,3669174.0,63671300.0
2022-03-30,17.14,18.15,17.03,17.92,5158798.0,91938000.0
2022-03-31,18.14,18.2,17.4,17.7,4628015.0,82772800.0
2022-04-01,17.69,18.27,17.42,17.57,3589387.0,64100200.00000001
2022-04-06,17.58,17.61,16.86,16.9,5926221.0,101642800.0
2022-04-07,17.09,17.11,16.6,16.62,5289695.0,89772700.0
2022-04-08,16.9,17.67,16.67,17.29,6383380.0,110155100.0
2022-04-11,17.11,17.28,16.0,16.08,5522654.0,91169800.0
2022-04-12,16.25,16.38,15.25,15.9,9026117.0,141668100.0
2022-04-13,16.0,16.15,15.15,15.66,4061300.0,64126000.0
2022-04-14,15.66,15.68,14.92,15.26,9322868.0,143202000.0
2022-04-15,15.28,15.28,14.58,14.93,7072954.0,105496400.0
2022-04-18,14.9,17.67,14.9,17.58,12267370.0,203781200.0
2022-04-19,17.91,18.59,17.4,17.76,12196972.0,219101700.0
2022-04-20,17.39,17.77,16.82,17.06,7343957.0,127393300.0
2022-04-21,16.9,17.34,15.99,16.1,7435723.0,123667000.0
2022-04-22,15.86,16.48,15.27,15.9,8633943.0,137996400.0
2022-04-25,15.54,15.56,14.32,14.4,8735794.0,131229000.0
2022-04-26,14.57,14.66,13.23,13.3,7694767.0,107017800.0
2022-04-27,13.13,15.23,13.0,14.78,11809573.0,167363000.0
2022-04-28,14.46,15.1,14.28,14.9,10027373.0,149428800.0
2022-04-29,15.03,16.18,14.75,15.9,10265117.0,159095300.0
2022-05-05,15.8,16.4,15.62,16.1,7858103.0,126610300.0
2022-05-06,15.5,15.69,15.0,15.5,7239491.0,111657000.0
2022-05-09,15.16,16.23,15.16,15.94,5918092.0,94778100.0
2022-05-10,15.7,18.19,15.61,17.36,10770878.0,186449900.00000003
2022-05-11,17.4,18.18,17.05,17.43,8650474.0,153798700.0
2022-05-12,17.28,17.64,16.98,17.1,5129552.0,88942300.0
2022-05-13,17.1,17.76,16.8,17.58,6645576.0,115501600.0
2022-05-16,17.95,17.95,17.02,17.02,5324468.0,93033300.0
2022-05-17,16.91,17.45,16.91,17.24,3235385.0,55971400.0
2022-05-18,17.26,17.5,16.9,17.08,4068404.0,70062500.0
2022-05-19,16.45,18.59,16.45,18.26,9918903.0,178564100.0
2022-05-20,18.45,19.66,18.31,18.69,10398326.0,197435800.00000003
2022-05-23,18.75,18.75,17.7,18.13,5841500.0,106508900.0
2022-05-24,18.18,18.24,16.96,16.99,7519998.0,132382900.0
2022-05-25,17.02,17.26,16.52,16.82,5664087.0,95510600.0
2022-05-26,17.0,17.44,16.34,17.26,6892581.0,118017300.0
2022-05-27,17.28,18.24,17.2,17.34,5296754.0,94323900.0
2022-05-30,17.66,17.69,16.9,17.26,5063135.0,87269900.0
2022-05-31,17.43,17.7,16.62,17.37,5731686.0,98937900.0
2022-06-01,17.44,18.3,17.4,17.99,7484077.0,134700400.0
2022-06-02,18.01,19.66,17.77,19.39,9382509.0,178653000.0
2022-06-06,19.45,20.8,19.44,20.17,12336583.0,249828200.0
2022-06-07,19.94,21.11,19.31,19.67,12867908.0,258991200.0
2022-06-08,20.09,21.31,19.69,20.21,17930649.0,367174300.0
2022-06-09,20.31,20.31,18.94,19.27,10819469.0,211475500.0
2022-06-10,18.97,20.13,18.89,19.94,9275621.0,183134700.0
2022-06-13,19.7,21.25,19.7,20.67,12528131.0,260103600.0
2022-06-14,20.42,20.42,18.9,19.9,11068726.0,217338000.0
2022-06-15,20.03,20.42,19.57,19.65,7696963.0,153588900.0
2022-06-16,19.6,21.62,19.6,21.47,17480115.0,367230400.0
2022-06-17,21.22,23.44,21.06,23.4,19216429.0,436993100.0
2022-06-20,23.42,24.05,22.54,23.31,13114197.0,305109400.0
2022-06-21,23.44,23.48,20.4,20.96,20238000.0,435960500.0
2022-06-22,21.0,21.92,20.94,21.12,15189473.0,325999700.0
2022-06-23,21.22,23.34,20.75,23.25,20650235.0,455862900.0
2022-06-24,23.17,23.93,22.76,22.96,12576283.0,293904800.0
2022-06-27,23.15,23.54,22.64,23.39,8705157.0,201000000.0
2022-06-28,22.96,23.38,21.87,22.9,12023754.0,271774300.0
2022-06-29,22.89,22.89,20.97,21.0,15590789.0,338377600.0
2022-06-30,21.34,21.79,20.64,21.18,10854440.0,231325900.0
2022-07-01,21.18,21.84,20.9,21.42,7215969.0,154528500.0
2022-07-04,21.74,21.74,20.15,20.62,12184067.0,252763700.0
2022-07-05,20.52,21.14,19.95,20.3,7741637.0,157764600.0
2022-07-06,20.27,20.9,20.04,20.36,5478705.0,112674500.0
2022-07-07,20.39,22.1,19.77,21.57,11299595.0,239693900.0
2022-07-08,21.72,21.85,20.63,21.03,9970817.0,211569900.00000003
2022-07-11,20.78,20.89,20.04,20.42,8333856.0,170409600.0
2022-07-12,20.82,21.81,20.24,20.37,10936144.0,230280600.0
2022-07-13,20.5,20.92,19.8,20.61,8474826.0,174233500.0
2022-07-14,20.61,21.84,20.35,21.28,10502530.0,224692800.0
2022-07-15,21.14,22.59,21.12,22.21,14441942.0,319960600.0
2022-07-18,22.7,22.7,21.54,21.98,10401526.0,228467500.0
2022-07-19,22.04,22.53,20.96,21.55,10596241.0,231754200.0
2022-07-20,21.55,24.44,21.34,24.2,20147531.0,470839400.0
2022-07-21,23.84,25.17,23.47,24.69,19252305.0,476228000.0
2022-07-22,24.53,25.32,24.52,24.99,10657940.0,266473600.0
2022-07-25,24.41,25.42,23.62,23.88,12512696.0,306009100.0
2022-07-26,24.01,24.29,23.22,24.25,8816543.0,210750100.0
2022-07-27,24.04,26.74,23.91,26.59,16455075.0,430802200.0
2022-07-28,27.06,29.09,26.48,28.5,19422968.0,544673400.0
2022-07-29,28.27,28.82,27.74,28.12,6549049.0,184650100.0
2022-08-01,28.04,29.03,27.55,28.11,8792137.0,249925100.0
2022-08-02,27.64,30.18,26.96,29.76,14244639.0,408528700.0
2022-08-03,29.44,30.82,27.75,27.85,13369290.0,390420800.0
2022-08-04,28.28,30.0,28.04,28.74,11104861.0,322431200.0
2022-08-05,29.0,30.53,28.37,29.86,9311681.0,279464900.0
2022-08-08,29.19,32.41,28.73,31.46,12794815.0,393805700.0
2022-08-09,31.33,32.05,30.34,30.88,6026729.0,186711200.0
2022-08-10,31.05,32.19,30.43,31.94,6982072.0,220303300.00000003
2022-08-11,31.43,31.44,30.1,30.53,6297061.0,193217100.0
2022-08-12,30.14,31.38,28.54,28.64,12017195.0,356364400.0
2022-08-15,28.97,29.79,28.42,29.44,7369965.0,215037900.0
2022-08-16,29.73,30.38,28.62,29.18,5820228.0,172199000.0
2022-08-17,29.04,30.69,29.0,29.89,6531685.0,197147200.0
2022-08-18,29.64,30.21,28.91,29.23,6551547.0,193337200.0
2022-08-19,29.51,29.62,27.04,27.54,13551822.0,377016800.0
2022-08-22,27.92,28.04,26.66,27.12,8865831.0,240732200.0
2022-08-23,27.63,28.42,26.79,27.33,5983063.0,165373800.0
2022-08-24,27.24,27.63,25.42,25.66,10520567.0,274599900.0
2022-08-25,25.92,25.92,24.24,24.82,12263851.0,305677800.0
2022-08-26,24.82,25.69,24.21,24.62,6580139.0,163654500.0
2022-08-29,24.24,25.62,24.16,24.8,6986889.0,174473800.0
2022-08-30,24.67,24.77,23.54,23.8,10304552.0,247042900.0
2022-08-31,23.8,23.9,22.64,22.79,9186082.0,212715300.0
2022-09-01,22.84,23.22,22.55,22.67,4980955.0,113801300.0
2022-09-02,22.87,23.63,22.45,23.04,8728807.0,202915500.0
2022-09-05,22.87,24.44,22.49,23.29,9762579.0,232623400.0
2022-09-06,23.55,24.91,23.24,24.79,10647310.0,260824200.0
2022-09-07,24.53,26.5,24.44,26.07,10547375.0,273607200.0
2022-09-08,25.94,26.77,25.64,25.86,5437379.0,142176300.0
2022-09-09,26.41,26.87,25.31,25.62,5650554.0,145971300.0
2022-09-13,26.15,26.34,24.96,25.43,4256840.0,109404600.0
2022-09-14,25.04,25.42,24.45,24.96,6056025.0,150834900.0
2022-09-15,24.96,25.17,23.14,23.78,9118683.0,217290200.0
2022-09-16,23.82,24.52,23.22,23.34,4392884.0,105292700.0
2022-09-19,23.17,23.88,22.54,22.76,4852313.0,111454500.0
2022-09-20,23.44,25.93,23.44,24.99,13606989.0,339552699.99999994
2022-09-21,24.94,25.94,24.53,24.65,10367719.0,261913500.0
2022-09-22,24.65,26.02,23.84,25.56,8124701.0,206910100.0
2022-09-23,26.0,26.02,23.35,23.63,13911929.0,336381800.0
2022-09-26,23.07,24.58,23.07,23.78,10051482.0,242599300.0
2022-09-27,24.1,24.49,22.89,23.57,9961862.0,235106100.0
2022-09-28,23.84,23.84,21.89,21.96,11450022.0,258639600.0
2022-09-29,22.2,23.12,21.8,23.04,9743794.0,221785100.0
2022-09-30,22.89,23.76,22.24,22.49,6632109.0,152116900.0
2022-10-10,22.74,22.74,20.94,21.29,8632949.0,185102800.0
2022-10-11,21.01,21.79,20.95,21.27,4011618.0,86239599.99999999
2022-10-12,21.42,22.49,20.64,22.4,8338268.0,179913900.0
2022-10-13,22.13,23.64,22.12,22.22,7764885.0,178625600.0
2022-10-14,22.84,23.94,22.28,23.46,10187105.0,235766700.0
2022-10-17,23.04,23.64,21.56,22.2,14605827.0,326642900.0
2022-10-18,21.75,22.04,20.56,20.84,23592806.0,495680700.0
2022-10-19,20.93,21.16,20.16,20.22,14019885.0,290097300.0
2022-10-20,20.12,20.4,19.41,19.77,13853005.0,275510700.0
2022-10-21,19.77,19.96,19.19,19.31,9262964.0,181070500.0
2022-10-24,19.44,20.61,19.41,20.09,11431926.0,230885900.0
2022-10-25,20.09,21.11,19.64,20.6,8314773.0,169354500.0
2022-10-26,20.86,21.44,20.55,21.13,8796077.0,185566900.0
2022-10-27,21.02,21.74,20.6,20.65,7425780.0,157697900.0
2022-10-28,20.54,20.9,19.64,19.83,6222029.0,125830300.0
2022-10-31,20.07,21.66,20.07,20.99,10916520.0,230978100.0
2022-11-01,21.31,22.09,20.9,21.84,9969740.0,215841600.0
2022-11-02,21.84,23.61,21.76,23.32,11149752.0,254877300.0
2022-11-03,22.92,25.14,22.74,24.95,14940170.0,364041400.0
2022-11-04,24.95,25.53,24.6,25.2,11815368.0,296428900.0
2022-11-07,26.64,26.94,23.73,24.92,29623286.0,747869700.0
2022-11-08,25.94,26.8,24.71,25.07,19702549.0,503631400.0
2022-11-09,24.59,25.24,23.44,23.54,19271324.0,461471400.0
2022-11-10,23.31,24.46,23.05,23.14,13841705.0,329327200.0
2022-11-11,23.75,23.83,22.59,22.89,10073320.0,232904000.0
2022-11-14,22.68,22.94,22.16,22.52,7743202.0,174805700.0
2022-11-15,22.52,24.27,22.52,24.17,12322953.0,290896400.0
2022-11-16,24.1,24.4,23.07,23.26,8173142.0,193043100.0
2022-11-17,23.22,23.54,22.6,23.48,5531814.0,128193100.0
2022-11-18,23.35,24.02,22.64,22.69,8671324.0,201135300.0
2022-11-21,22.24,23.16,22.02,23.04,10241817.0,232496900.0
2022-11-22,22.86,22.86,21.89,22.0,8069028.0,179449199.99999997
2022-11-23,21.9,23.09,21.14,22.57,8917045.0,198039300.0
2022-11-24,22.55,22.87,22.15,22.8,5094962.0,115453800.0
2022-11-25,22.67,22.67,21.62,21.91,5302932.0,117291100.0
2022-11-28,21.27,22.03,21.06,21.28,5743242.0,123159000.0
2022-11-29,21.3,21.64,20.99,21.34,5085521.0,109076400.0
2022-11-30,21.51,21.62,20.85,21.19,5769958.0,122761100.0
2022-12-01,21.74,22.38,21.48,22.04,6320535.0,139643500.0
2022-12-02,22.04,22.58,21.86,22.35,5184700.0,116352700.0
2022-12-05,22.6,22.79,21.82,22.24,5988126.0,134056300.0
2022-12-06,22.59,23.24,22.34,22.56,6345107.0,144602600.0
2022-12-07,22.35,22.51,21.54,21.88,8711450.0,192214100.0
2022-12-08,21.88,22.43,21.58,21.99,5684666.0,126256500.0
2022-12-09,22.04,23.47,21.89,23.19,11220101.0,258422900.0
2022-12-12,23.07,23.51,22.67,23.29,4937595.0,114582000.0
2022-12-13,23.24,23.24,22.25,22.48,4913285.0,111302000.0
2022-12-14,22.52,22.73,21.82,22.09,4363606.0,97152500.0
2022-12-15,21.97,22.42,21.84,22.3,2711473.0,60318700.0
2022-12-16,22.12,22.21,21.44,21.74,3918534.0,85195700.0
2022-12-19,21.74,22.0,21.04,21.29,3599783.0,77260400.0
2022-12-20,21.39,21.99,21.08,21.53,2739406.0,59441300.0
2022-12-21,21.47,21.57,20.94,21.18,2255878.0,48032000.0
2022-12-22,21.23,21.44,20.24,20.72,6371882.0,131844600.0
2022-12-23,20.63,20.64,19.87,20.1,5055337.0,102528100.0
2022-12-26,20.09,21.24,19.98,21.1,4261040.0,89105400.00000001
2022-12-27,21.09,22.44,21.03,22.25,6166796.0,134940000.0
2022-12-28,22.27,22.42,21.47,21.67,5776958.0,126996300.0
2022-12-29,21.74,21.91,21.46,21.54,2374716.0,51613800.0
2022-12-30,21.5,22.12,21.34,21.71,3095688.0,67618300.0
2023-01-03,21.82,22.88,21.45,22.74,5301340.0,119117000.0
2023-01-04,23.07,23.12,22.28,22.62,5352526.0,121511200.0
2023-01-05,22.62,23.29,22.44,23.06,4795891.0,110369900.0
2023-01-06,22.94,24.81,22.81,24.09,13556321.0,330602300.00000006
2023-01-09,24.31,24.72,23.38,23.49,6689117.0,160218400.0
2023-01-10,23.39,23.66,22.93,22.98,4891142.0,113759400.0
2023-01-11,22.94,23.3,22.44,22.54,4592014.0,104719400.0
2023-01-12,22.67,23.0,22.36,22.44,3920519.0,88897900.00000001
2023-01-13,22.54,22.64,22.05,22.31,3069542.0,68391400.0
2023-01-16,22.32,23.09,22.22,22.78,4989103.0,113714800.0
2023-01-17,22.7,23.55,22.7,23.11,5301524.0,123422200.0
2023-01-18,23.29,23.34,22.81,23.02,2827260.0,65387100.0
2023-01-19,22.97,23.29,22.74,23.03,2703577.0,62432900.0
2023-01-20,23.09,23.6,22.72,23.53,5429235.0,126494300.0
2023-01-30,23.83,24.28,23.53,24.02,6220065.0,149533400.0
2023-01-31,24.0,24.22,23.54,23.93,4319752.0,103509600.0
2023-02-01,23.91,24.23,23.57,24.14,5014207.0,120444000.0
2023-02-02,24.15,25.09,24.02,24.16,12094032.0,297118500.0
2023-02-03,24.34,24.42,23.32,23.69,6751198.0,160150500.0
2023-02-06,23.62,23.64,23.11,23.26,4161559.0,97453600.0
2023-02-07,23.36,23.59,23.04,23.38,4302814.0,100492200.0
2023-02-08,23.37,23.51,22.78,22.8,4606286.0,106270600.0
2023-02-09,22.91,24.12,22.74,24.11,7868725.0,187324000.0
2023-02-10,24.14,24.14,23.27,23.63,6768342.0,159950000.0
2023-02-13,23.52,24.25,23.44,24.01,6610461.0,158658800.0
2023-02-14,24.07,24.19,23.37,23.66,4576369.0,108367900.0
2023-02-15,23.7,23.88,23.27,23.39,4372522.0,102890900.0
2023-02-16,23.39,23.46,22.06,22.19,7249781.0,165003900.0
2023-02-17,22.29,22.64,21.84,22.09,4816344.0,106967800.0
2023-02-20,21.88,22.44,21.74,22.21,3592460.0,79457100.0
2023-02-21,22.23,22.66,22.09,22.46,4182670.0,93938200.0
2023-02-22,22.34,22.6,22.24,22.44,2584403.0,58043500.0
2023-02-23,22.34,23.02,22.28,22.8,4395382.0,100132700.0
2023-02-24,22.74,22.8,22.09,22.28,4291093.0,95888300.0
2023-02-27,22.27,22.54,21.75,21.88,3480532.0,76953600.0
2023-02-28,21.67,22.39,21.46,21.99,6439962.0,141394500.0
2023-03-01,22.02,22.04,21.2,21.48,6406343.0,138335500.0
2023-03-02,21.4,21.61,20.83,21.0,6130957.0,129627900.0
2023-03-03,20.84,21.14,20.82,20.87,4019847.0,84310500.0
2023-03-06,20.93,22.1,20.63,22.03,11854413.0,255591600.0
2023-03-07,22.03,22.36,21.48,21.68,8964106.0,196699300.0
2023-03-08,21.35,22.6,21.35,21.94,7702771.0,170897700.0
2023-03-09,21.94,22.25,21.62,21.74,6812454.0,149155700.0
2023-03-10,21.54,21.81,21.01,21.01,4700516.0,100084200.0
2023-03-13,21.11,21.19,20.19,20.35,6084225.0,124976500.0
2023-03-14,20.36,20.78,19.82,20.44,6287544.0,127798100.0
2023-03-15,20.63,20.79,20.3,20.46,3044361.0,62691899.99999999
2023-03-16,20.21,20.44,19.63,19.7,5165129.0,103079000.0
2023-03-17,19.83,19.89,19.39,19.44,5105480.0,100362800.0
2023-03-20,19.48,19.96,19.09,19.58,5345834.0,104955000.0
2023-03-21,19.72,20.01,19.44,19.82,3326510.0,66050600.00000001
2023-03-22,19.85,20.24,19.42,19.74,4657435.0,92480600.0
2023-03-23,19.49,19.79,19.27,19.44,4013467.0,78338500.0
2023-03-24,19.6,19.66,19.09,19.13,4753810.0,92245700.0
2023-03-27,19.24,19.89,18.97,19.78,6704658.0,131264800.0
2023-03-28,19.83,19.92,19.23,19.43,3687188.0,71941100.0
2023-03-29,19.36,20.07,19.36,19.77,4710741.0,93635200.0
2023-03-30,19.82,20.79,19.67,20.66,8457809.0,173098000.0
2023-03-31,20.8,20.8,20.31,20.35,2650485.0,54458800.0
2023-04-03,20.36,20.69,20.06,20.18,4063792.0,82690500.0
2023-04-04,20.2,20.3,19.38,19.96,6106752.0,120981700.0
2023-04-06,19.74,19.93,19.57,19.78,3446976.0,68334100.0
2023-04-07,19.86,20.24,19.69,20.2,3720990.0,74662600.0
2023-04-10,19.96,20.44,19.86,20.07,3456762.0,69441000.0
2023-04-11,19.86,20.04,19.7,19.9,1994950.0,39726700.0
2023-04-12,19.84,19.94,19.26,19.38,4718874.0,92314200.0
2023-04-13,19.34,19.5,19.15,19.25,3109663.0,60301100.0
2023-04-14,19.25,20.0,19.18,19.48,4261499.0,83874599.99999999
2023-04-17,19.49,19.82,19.24,19.27,4142149.0,80908500.0
2023-04-18,19.43,19.47,18.82,18.96,6800893.0,129828300.0
2023-04-19,19.05,19.24,18.91,18.99,3742073.0,71520200.0
2023-04-20,19.05,19.19,18.64,18.84,5720364.0,107979900.0
2023-04-21,18.84,19.7,18.64,18.8,7159028.0,138163500.0
2023-04-24,18.52,18.99,18.14,18.35,7547132.0,139352600.0
2023-04-25,18.54,18.99,18.34,18.53,6466270.0,120853200.0
2023-04-26,18.15,19.11,17.88,18.92,15655055.0,292307800.0
2023-04-27,18.82,19.3,18.58,19.04,12848999.0,245336700.0
2023-04-28,18.94,19.6,18.94,19.21,9453353.0,181898600.0
2023-05-04,19.14,20.14,19.07,19.79,9678134.0,192057100.0
2023-05-05,19.92,19.92,18.72,18.87,6390156.0,122076700.0
2023-05-08,18.86,19.11,18.42,18.45,5821889.0,109098500.0
2023-05-09,18.44,18.55,17.75,18.03,7755554.0,140652800.0
2023-05-10,18.07,18.86,17.85,18.83,6717346.0,125106800.0
2023-05-11,18.83,19.22,18.44,18.46,5486637.0,103165900.0
2023-05-12,18.6,18.68,17.89,17.91,4251167.0,77137600.0
2023-05-15,17.94,18.08,17.53,17.89,4992822.0,89075000.0
2023-05-16,17.94,17.94,17.29,17.33,5203506.0,91583900.0
2023-05-17,17.44,17.83,17.35,17.74,4146835.0,73297000.0
2023-05-18,17.66,17.89,17.47,17.58,3778749.0,66977500.0
2023-05-19,17.53,17.74,17.4,17.57,2513149.0,44288000.0
2023-05-22,17.59,17.89,17.58,17.66,2681897.0,47709500.0
2023-05-23,17.67,17.87,17.47,17.56,2400185.0,42472700.00000001
2023-05-24,17.57,17.86,17.34,17.72,3547534.0,62825400.0
2023-05-25,17.66,18.1,17.51,17.8,5433602.0,97397200.0
2023-05-26,17.64,17.73,16.97,17.13,5621528.0,97130100.0
2023-05-29,17.2,17.31,16.72,16.74,4491948.0,75958200.0
2023-05-30,16.76,17.26,16.7,17.02,3969880.0,67669600.0
2023-05-31,16.94,16.98,16.48,16.57,3883326.0,65006899.99999999
2023-06-01,16.67,16.87,16.45,16.64,2746578.0,46006800.0
2023-06-02,16.58,16.99,16.58,16.91,4289956.0,72546900.0
2023-06-05,16.91,17.09,16.65,16.67,4458870.0,74905300.0
2023-06-06,16.69,16.75,16.31,16.35,4829751.0,79892400.0
2023-06-07,16.39,16.64,16.33,16.48,3100515.0,51260400.0
2023-06-08,16.47,16.8,16.39,16.43,2854858.0,47366300.0
2023-06-09,16.34,16.74,16.34,16.72,3692802.0,61342100.0
2023-06-12,16.56,17.49,16.56,17.41,6569972.0,113027600.0
2023-06-13,17.32,17.4,17.02,17.04,2677745.0,46007500.0
2023-06-14,17.18,17.26,16.79,17.13,4826178.0,82469500.0
2023-06-15,17.05,17.96,17.05,17.58,5328809.0,94113900.0
2023-06-16,17.51,17.95,17.51,17.56,3179189.0,56148300.0
2023-06-19,17.81,17.81,17.37,17.39,3052907.0,53665600.00000001
2023-06-20,18.98,19.29,18.18,18.71,17863905.0,334005700.0
2023-06-21,18.6,19.08,18.34,18.41,10282120.0,191813200.0
2023-06-26,18.3,18.7,17.81,17.93,8206214.0,148740000.0
2023-06-27,18.06,18.56,18.0,18.21,5402524.0,98499000.0
2023-06-28,18.22,19.17,18.05,18.81,10155879.0,189602700.0
2023-06-29,18.76,19.06,18.64,18.86,5165197.0,97368800.0
2023-06-30,18.92,19.26,18.79,19.1,5684315.0,108695600.0
2023-07-03,19.0,19.45,18.76,18.85,6759915.0,128480000.0
2023-07-04,18.78,19.76,18.78,19.54,9709882.0,189626400.0
2023-07-05,19.45,19.93,19.34,19.6,7878869.0,154559200.0
2023-07-06,19.39,19.96,19.39,19.59,5484523.0,107963100.0
2023-07-07,19.46,19.73,19.23,19.23,3668911.0,71311300.0
2023-07-10,19.29,19.71,19.15,19.54,4054627.0,79052300.0
2023-07-11,19.56,19.6,19.23,19.34,2179495.0,42197600.0
2023-07-12,19.29,19.38,18.91,18.99,3911155.0,74692700.0
2023-07-13,18.99,19.26,18.98,19.06,3118540.0,59609799.99999999
2023-07-14,19.0,19.02,18.57,18.61,4834609.0,90469500.0
2023-07-17,18.57,18.67,18.29,18.67,3711041.0,68739900.0
2023-07-18,18.4,19.0,18.4,18.7,3411134.0,63873500.0
2023-07-19,18.83,18.96,18.09,18.24,5169582.0,94861100.0
2023-07-20,18.4,18.47,18.08,18.14,3416262.0,62460300.0
2023-07-21,18.13,18.23,17.88,18.14,3073212.0,55616800.0
2023-07-24,18.14,18.43,17.86,18.28,2653741.0,48570600.00000001
2023-07-25,18.42,18.81,18.3,18.59,3465385.0,64402200.0
2023-07-26,18.53,18.53,17.87,18.1,6254701.0,112860300.0
2023-07-27,17.98,18.38,17.98,18.02,3544926.0,64470200.00000001
2023-07-28,17.98,18.51,17.92,18.45,3415502.0,62537400.0
2023-07-31,18.45,18.74,18.28,18.37,3184656.0,58959500.0
2023-08-01,18.29,18.52,18.18,18.31,3557557.0,65311500.0
2023-08-02,18.28,18.56,18.08,18.33,3140496.0,57402200.0
2023-08-03,18.23,18.45,18.2,18.3,2441772.0,44831600.0
2023-08-04,18.36,18.63,18.2,18.6,3664943.0,67734700.0
2023-08-07,18.61,18.9,18.11,18.24,5957989.0,110156100.0
2023-08-08,18.43,18.49,17.98,18.05,3937322.0,71768400.0
2023-08-09,18.12,18.12,17.73,18.03,3834896.0,68747300.0
2023-08-10,17.99,18.46,17.86,18.34,6314989.0,114956500.0
2023-08-11,18.31,18.61,17.85,17.9,4906512.0,89489599.99999999
2023-08-14,17.85,17.85,17.24,17.52,4670840.0,81799800.0
2023-08-15,17.52,17.53,17.1,17.3,2816370.0,48640000.0
2023-08-16,17.04,17.37,17.01,17.01,2243269.0,38531800.0
2023-08-17,16.98,17.41,16.84,17.32,2385244.0,41026600.0
2023-08-18,17.46,17.79,17.31,17.31,2855263.0,50244300.0
2023-08-21,17.19,17.54,17.06,17.06,2330760.0,40266900.0
2023-08-22,17.06,17.19,16.58,17.11,3245159.0,54842500.0
2023-08-23,17.05,17.05,16.73,16.73,2167305.0,36655200.0
2023-08-24,16.84,16.96,16.58,16.74,2230941.0,37599400.0
2023-08-25,16.77,16.77,16.28,16.35,3409532.0,56274700.0
2023-08-28,17.09,17.41,16.3,16.38,4465987.0,75792900.0
2023-08-29,16.28,17.31,16.28,17.17,4063307.0,69089200.0
2023-08-30,17.22,17.66,17.13,17.47,3548216.0,62116700.0
2023-08-31,17.47,17.58,17.29,17.51,2651653.0,46397000.0
2023-09-01,17.5,17.79,17.5,17.73,3504425.0,62032200.0
2023-09-04,17.76,17.93,17.58,17.76,3051404.0,54236600.0
2023-09-05,17.76,18.01,17.53,17.73,2960636.0,52496200.0
2023-09-06,17.81,17.87,17.42,17.59,2699195.0,47482700.00000001
2023-09-07,17.66,17.66,16.9,16.97,5488178.0,94326500.0
2023-09-08,17.03,17.16,16.93,16.96,3246169.0,55317900.0
2023-09-11,17.05,17.45,16.81,17.31,6756162.0,116327400.0
2023-09-12,17.35,17.35,16.96,16.98,3546518.0,60726200.0
2023-09-13,16.93,16.97,16.52,16.64,3845757.0,64293900.0
2023-09-14,16.69,16.76,16.21,16.31,3520285.0,57748600.0
2023-09-15,16.37,16.54,16.05,16.12,4021529.0,65047299.99999999
2023-09-18,16.09,16.84,15.98,16.66,5505588.0,91083800.0
2023-09-19,16.78,16.78,16.22,16.26,3849725.0,63032800.0
2023-09-20,16.22,16.35,16.06,16.07,2467834.0,39933000.0
2023-09-21,16.12,16.14,15.79,15.87,2918883.0,46603600.0
2023-09-22,15.94,16.26,15.84,16.21,4058271.0,65556200.0
2023-09-25,16.18,16.76,16.09,16.55,5848723.0,96240600.0
2023-09-26,16.69,17.27,16.61,17.08,7797468.0,132880600.0
2023-09-27,17.02,17.86,16.94,17.72,8916335.0,157226700.0
2023-09-28,17.64,18.16,17.64,17.99,8173228.0,146809500.0
2023-10-09,17.99,18.07,17.38,17.43,7155329.0,125962300.0
2023-10-10,17.49,17.66,17.24,17.37,4621008.0,80697700.0
2023-10-11,17.37,17.64,17.1,17.18,4303686.0,74622600.0
2023-10-12,17.38,17.63,17.13,17.46,5660483.0,98660400.0
2023-10-13,17.43,17.57,17.26,17.44,4712885.0,82098300.0
2023-10-16,17.84,18.53,17.77,17.8,16416297.0,298378900.0
2023-10-17,17.82,18.62,17.71,18.37,14255464.0,260406700.0
2023-10-18,18.51,18.51,18.04,18.13,4886043.0,88847600.0
2023-10-19,18.07,18.25,17.87,17.88,4424087.0,79731100.0
2023-10-20,17.81,18.15,17.74,18.07,6917663.0,124662900.0
2023-10-23,17.9,18.23,17.73,18.05,7550602.0,136111600.0
2023-10-24,18.06,18.55,18.03,18.15,12516236.0,229161000.0
2023-10-25,18.25,18.54,18.14,18.18,8418031.0,154568300.0
2023-10-26,18.08,18.81,17.86,18.56,10691367.0,196947900.0
2023-10-27,18.5,19.14,18.36,18.95,9232573.0,173748300.00000003
2023-10-30,18.76,19.1,18.59,18.95,8135360.0,153154600.0
2023-10-31,18.95,18.95,18.11,18.21,8361447.0,154166000.0
2023-11-01,18.41,18.48,17.92,17.98,5570447.0,100722800.0
2023-11-02,18.07,18.13,17.45,17.5,5221827.0,92298300.0
2023-11-03,17.54,18.28,17.5,17.98,5548724.0,99998700.0
2023-11-06,17.98,18.77,17.98,18.59,8387002.0,155092800.0
2023-11-07,18.63,18.63,18.18,18.43,4476477.0,82255800.0
2023-11-08,18.49,18.58,18.29,18.37,4566591.0,84238000.0
2023-11-09,18.42,18.6,18.15,18.23,5315643.0,97517800.0
2023-11-10,18.11,18.38,18.02,18.29,4220515.0,77036700.0
2023-11-13,18.36,18.63,18.23,18.58,5244162.0,96616200.0
2023-11-14,18.62,18.95,18.47,18.71,5198262.0,97383800.0
2023-11-15,18.76,18.88,18.42,18.49,6500390.0,120882200.0
2023-11-16,18.48,18.63,18.34,18.36,5393057.0,99624700.0
2023-11-17,18.36,18.62,18.26,18.46,5765632.0,106591100.0
2023-11-20,18.46,19.27,17.79,18.99,17287295.0,320543200.0
2023-11-21,19.21,19.43,18.75,18.97,13917968.0,266002800.0
2023-11-22,18.86,19.0,17.85,17.85,11221876.0,205715600.0
2023-11-23,17.88,18.33,17.82,18.08,8677923.0,157169200.0
2023-11-24,18.01,18.15,17.32,17.38,10668178.0,187239100.0
2023-11-27,17.28,17.35,16.57,17.1,10415473.0,176148700.0
2023-11-28,17.15,17.46,16.98,17.16,5655230.0,97642000.0
2023-11-29,17.18,17.63,17.04,17.33,5894776.0,102600000.0
2023-11-30,17.22,17.36,16.94,17.15,3723300.0,63763900.0
2023-12-01,16.98,17.18,16.91,17.01,3688598.0,62865600.00000001
2023-12-04,17.04,17.08,16.84,16.93,3560432.0,60445500.0
2023-12-05,16.98,16.98,16.46,16.48,5679638.0,94884000.0
2023-12-06,16.55,16.73,16.39,16.47,4683519.0,77606900.0
2023-12-07,16.51,16.72,16.31,16.61,4414212.0,73042700.0
2023-12-08,16.61,16.78,16.57,16.77,4719281.0,78797000.0
2023-12-11,16.51,17.02,16.33,16.97,5007024.0,83885900.0
2023-12-12,16.97,17.05,16.51,16.54,4672277.0,78166000.0
2023-12-13,16.55,16.68,16.37,16.41,4181872.0,69145600.0
2023-12-14,16.51,16.57,16.25,16.33,4516879.0,74036300.0
2023-12-15,16.44,16.52,16.07,16.11,5034807.0,81925500.0
2023-12-18,16.14,16.19,15.83,15.9,5195432.0,83010500.0
2023-12-19,15.88,16.14,15.87,15.99,3556721.0,57034100.0
2023-12-20,16.04,16.07,15.64,15.68,4697834.0,74269800.0
2023-12-21,15.68,16.17,15.54,15.95,5982925.0,95027400.0
2023-12-22,16.05,16.23,15.59,15.96,5932749.0,94480700.0
2023-12-25,15.88,16.26,15.73,15.82,3824369.0,60927000.0
2023-12-26,15.76,15.88,15.68,15.76,2789984.0,44016000.0
2023-12-27,15.68,15.8,15.57,15.78,3852320.0,60461200.0
2023-12-28,15.83,16.83,15.63,16.6,8491851.0,140115000.0
2023-12-29,16.62,16.94,16.53,16.88,5155806.0,86689500.0
2024-01-02,16.86,16.94,16.38,16.41,6943358.0,114813400.0
2024-01-03,16.38,16.5,16.18,16.22,4048741.0,66096300.0
2024-01-04,16.27,16.34,15.94,16.04,3877844.0,62240600.00000001
2024-01-05,15.99,16.19,15.56,15.59,5335319.0,84487000.0
2024-01-08,15.51,15.67,14.78,14.81,7708894.0,116639800.0
2024-01-09,14.86,15.46,14.86,15.3,5550908.0,84573700.00000001
2024-01-10,15.27,15.67,14.99,15.35,4617727.0,71152000.0
2024-01-11,15.38,16.08,15.37,15.94,7139030.0,112993200.0
2024-01-12,15.88,16.35,15.78,15.81,9712463.0,156082300.0
2024-01-15,15.73,15.85,15.21,15.5,7341532.0,114343300.0
2024-01-16,15.44,16.03,15.33,15.92,7705225.0,122136000.0
2024-01-17,15.88,15.91,15.1,15.12,7238395.0,111841900.0
2024-01-18,15.02,15.3,14.64,15.18,7430160.0,111472700.0
2024-01-19,15.23,15.28,14.72,14.74,4841334.0,72524500.0
2024-01-22,14.75,14.75,12.86,13.02,20273042.0,276964000.0
2024-01-23,13.02,13.72,13.0,13.42,17054637.0,229610000.0
2024-01-24,13.54,13.69,12.63,13.11,14023314.0,182832300.0
2024-01-25,13.13,13.51,12.85,13.4,12592698.0,166960099.99999997
2024-01-26,13.36,13.41,12.87,12.9,11166828.0,146241200.0
2024-01-29,12.98,13.01,12.18,12.29,13979875.0,174730400.0
2024-01-30,12.23,12.52,12.09,12.1,12337780.0,152291600.0
2024-01-31,11.98,12.33,11.38,11.45,13778871.0,162259200.0
2024-02-01,11.36,11.63,11.13,11.29,13137402.0,149708800.0
2024-02-02,11.28,11.44,10.28,10.62,15236138.0,165495700.0
2024-02-05,10.58,10.61,9.44,9.7,19669711.0,195142800.0
2024-02-06,9.58,10.51,9.23,10.23,18576744.0,183506100.0
2024-02-07,10.34,10.99,10.23,10.93,17699529.0,190671600.0
2024-02-08,10.93,12.35,10.89,12.29,17486675.0,207460500.0
2024-02-19,12.31,12.44,11.46,11.61,18428216.0,217233200.0
2024-02-20,11.58,11.65,11.36,11.63,11287956.0,129985000.0
2024-02-21,11.62,12.1,11.42,11.71,11351837.0,134914000.0
2024-02-22,11.74,12.11,11.66,12.0,10370272.0,124084700.0
2024-02-23,12.07,12.23,11.8,12.18,10176935.0,122519900.0
2024-02-26,11.78,12.12,11.56,11.89,20618120.0,244086700.0
2024-02-27,11.79,12.25,11.73,12.24,15547367.0,186943900.0
2024-02-28,12.43,12.6,11.59,11.59,21195801.0,258010700.0
2024-02-29,11.45,12.18,11.44,12.16,13412716.0,159704200.0
2024-03-01,12.23,12.34,11.93,12.2,14095179.0,171459600.0
2024-03-04,12.14,12.29,11.93,12.22,12178211.0,147838800.0
2024-03-05,12.21,12.23,11.77,11.81,11935684.0,143764000.0
2024-03-06,11.8,12.37,11.71,12.06,15092335.0,181886100.0
2024-03-07,12.02,12.15,11.56,11.59,17860061.0,212152300.0
2024-03-08,11.65,11.93,11.52,11.83,19676639.0,231301800.0
2024-03-11,11.96,12.31,11.94,12.23,29030182.0,352631100.0
2024-03-12,12.26,13.08,12.14,12.9,41025697.0,519982000.0
2024-03-13,13.03,13.08,12.65,12.83,32753794.0,422440500.0
2024-03-14,12.61,12.89,12.14,12.34,26155487.0,326298000.0
2024-03-15,10.96,10.96,10.09,10.5,70806066.0,741767000.0
2024-03-18,10.4,11.23,10.35,11.22,63983609.0,691943200.0000001
2024-03-19,11.2,11.27,10.8,10.88,41518103.0,455523700.0
2024-03-20,10.96,11.05,10.73,10.85,28363364.0,308601200.0
2024-03-21,10.98,11.64,10.73,11.28,49650413.0,554670500.0
2024-03-22,11.18,11.21,10.77,10.81,33772344.0,369297100.0
2024-03-25,10.73,10.91,10.31,10.32,22880285.0,243138600.0
2024-03-26,10.3,10.46,10.14,10.38,20145455.0,208482500.0
2024-03-27,10.33,10.33,9.84,9.84,20650067.0,208099400.0
2024-03-28,9.92,10.49,9.88,10.36,25807984.0,264619200.0
2024-03-29,10.37,10.47,10.07,10.26,18021220.0,184938900.0
2024-04-01,10.34,10.55,10.27,10.51,17553292.0,183547300.0
2024-04-02,10.48,10.87,10.38,10.65,28492653.0,304062100.0
2024-04-03,10.55,10.87,10.33,10.76,25047490.0,265729500.0
2024-04-08,10.67,10.8,10.23,10.24,18181689.0,190170000.0
2024-04-09,10.16,10.51,10.16,10.5,13978297.0,146014200.0
2024-04-10,10.44,10.47,10.02,10.17,17455685.0,178301100.0
2024-04-11,10.08,10.29,10.02,10.11,11117463.0,113079500.0
2024-04-12,10.18,10.18,9.85,9.85,15679534.0,156466500.0
2024-04-15,9.79,9.91,9.37,9.5,18952660.0,182309600.0
2024-04-16,9.48,9.48,8.75,8.78,22316919.0,202364400.0
2024-04-17,8.96,9.27,8.93,9.24,17641008.0,162037900.0
2024-04-18,9.2,9.56,9.03,9.38,18343672.0,171399900.00000003
2024-04-19,9.28,9.43,9.11,9.15,14388686.0,133004500.0
2024-04-22,9.11,9.2,8.87,9.03,12136116.0,110167600.0
2024-04-23,9.03,9.14,8.92,8.96,10945088.0,98678000.0
2024-04-24,8.94,9.08,8.82,9.07,13463224.0,121451400.0
2024-04-25,8.44,8.45,7.84,8.17,38022095.0,311978900.0
2024-04-26,8.24,8.33,8.04,8.22,27709949.0,227687200.0
2024-04-29,8.2,8.53,8.13,8.42,24935862.0,208844700.0
2024-04-30,8.39,8.44,8.02,8.06,21078392.0,172101800.0
2024-05-06,8.1,8.35,8.1,8.25,17755962.0,147178800.0
2024-05-07,8.31,8.42,8.18,8.4,17797064.0,148380600.0
2024-05-08,8.4,8.42,8.1,8.12,17336763.0,142852900.0
2024-05-09,8.12,8.45,8.11,8.36,17218099.0,143904300.0
2024-05-10,8.36,8.37,8.04,8.08,20896333.0,170138700.0
2024-05-13,8.03,8.03,7.73,7.76,17291884.0,135594200.0
2024-05-14,7.84,7.88,7.57,7.61,15902537.0,121978400.0
2024-05-15,7.62,7.62,7.45,7.52,9977225.0,75308900.0
2024-05-16,7.53,7.63,7.5,7.52,9605527.0,72882600.0
2024-05-17,7.59,7.78,7.42,7.78,15898042.0,121494500.0
2024-05-20,7.7,7.88,7.66,7.69,12646931.0,98289300.0
2024-05-21,7.68,7.7,7.46,7.51,11086088.0,83645100.0
2024-05-22,7.52,7.82,7.51,7.78,17283523.0,133249200.0
2024-05-23,7.74,7.77,7.5,7.52,13157350.0,100079000.0
2024-05-24,7.5,7.55,7.27,7.27,13267811.0,98040000.0
2024-05-27,7.29,7.32,6.94,7.13,15313529.0,108459600.0
2024-05-28,7.09,7.19,7.04,7.04,8398613.0,59759600.0
2024-05-29,7.04,7.31,7.03,7.14,12097843.0,87387300.0
2024-05-30,7.57,7.68,7.35,7.37,27093744.0,204134700.0
2024-05-31,7.28,7.44,7.28,7.31,11615531.0,85564700.0
2024-06-03,7.3,7.3,7.0,7.07,10685381.0,76197600.0
2024-06-04,7.06,7.06,6.83,6.91,10008203.0,69253400.0
2024-06-05,6.91,6.94,6.79,6.79,6948898.0,47773700.0
2024-06-06,6.78,6.82,6.33,6.42,17543902.0,114263600.0
2024-06-07,6.5,6.61,6.43,6.57,10072724.0,65905300.0
2024-06-11,6.56,6.64,6.37,6.63,8759034.0,57283300.0
2024-06-12,6.62,6.69,6.56,6.64,6597460.0,43978600.0
2024-06-13,6.66,6.83,6.54,6.76,11459938.0,76985100.0
2024-06-14,6.72,6.73,6.54,6.61,8790310.0,58303000.0
2024-06-17,6.61,6.67,6.46,6.58,6309938.0,41663500.0
2024-06-18,6.55,6.75,6.54,6.71,8899175.0,59759100.0
2024-06-19,6.76,6.76,6.54,6.55,6909130.0,45769200.0
2024-06-20,6.58,6.59,6.41,6.42,9081580.0,59188300.0
2024-06-21,6.42,6.48,6.29,6.3,7766304.0,49623200.0
2024-06-24,6.22,6.28,5.97,6.0,8668449.0,52780200.00000001
2024-06-25,6.03,6.07,5.93,6.01,6944469.0,41821500.0
2024-06-26,5.98,6.18,5.91,6.17,10008420.0,60895300.0
2024-06-27,6.15,6.19,6.0,6.02,7378875.0,45104200.0
2024-06-28,6.03,6.16,5.97,5.98,7552472.0,46025700.0
2024-07-01,5.97,6.05,5.75,5.92,10447445.0,61553100.00000001
2024-07-02,5.92,5.98,5.83,5.87,7758967.0,45885500.0
2024-07-03,5.89,5.96,5.81,5.84,6625113.0,39062400.0
2024-07-04,5.84,5.87,5.6,5.61,8202780.0,46836800.0
2024-07-05,5.62,5.68,5.49,5.64,8834526.0,49700300.0
2024-07-08,5.63,5.63,5.38,5.41,8169653.0,44834100.0
2024-07-09,5.41,5.49,5.3,5.44,9037236.0,48995900.0
2024-07-10,5.4,5.56,5.34,5.34,8577903.0,46726500.0
2024-07-11,5.46,5.65,5.43,5.61,11928895.0,66678100.00000001
2024-07-12,5.62,5.66,5.53,5.54,9201790.0,51718500.0
2024-07-15,5.53,5.54,5.31,5.34,9019122.0,48807299.99999999
2024-07-16,5.34,5.37,5.26,5.31,7946127.0,42363600.0
2024-07-17,5.34,5.43,5.27,5.29,10001324.0,53537100.0
2024-07-18,5.28,5.29,5.1,5.25,11470219.0,59918700.0
2024-07-19,5.22,5.35,5.17,5.29,12078380.0,63867400.0
2024-07-22,5.3,5.36,5.23,5.29,8015736.0,42636100.0
2024-07-23,5.28,5.35,5.15,5.16,7963222.0,42056200.0
2024-07-24,5.16,5.19,4.98,5.02,10118227.0,51367900.0
2024-07-25,4.98,5.22,4.96,5.14,11785822.0,60576400.0
2024-07-26,5.15,5.22,5.13,5.18,7639638.0,39613500.0
2024-07-29,5.21,5.28,5.08,5.27,10771973.0,56157200.0
2024-07-30,5.24,5.33,5.21,5.28,8085580.0,42664399.99999999
2024-07-31,5.26,5.6,5.23,5.59,13551577.0,74312500.0
2024-08-01,5.6,5.72,5.55,5.6,11489754.0,64625600.00000001
2024-08-02,5.61,5.82,5.58,5.66,13925332.0,79255200.0
2024-08-05,5.66,5.75,5.43,5.43,11699344.0,65323000.0
2024-08-06,5.59,5.7,5.54,5.63,12741817.0,71708500.0
2024-08-07,5.6,5.7,5.52,5.62,9613658.0,53862700.00000001
2024-08-08,5.61,5.63,5.47,5.56,10079054.0,55887400.0
2024-08-09,5.61,5.61,5.4,5.41,8888215.0,48822500.0
2024-08-12,5.24,5.34,5.2,5.23,11237250.0,59017400.0
2024-08-13,5.25,5.31,5.12,5.26,7779017.0,40512500.0
2024-08-14,5.25,5.35,5.15,5.16,6507853.0,33871500.0
2024-08-15,5.16,5.31,5.11,5.27,9291059.0,48614200.0
2024-08-16,5.25,5.32,5.12,5.12,8268763.0,42789399.99999999
2024-08-19,5.12,5.17,5.03,5.04,6669002.0,33988700.0
2024-08-20,5.1,5.1,4.83,4.85,10417707.0,51380700.0
2024-08-21,4.82,4.9,4.8,4.88,6647953.0,32328400.0
2024-08-22,4.86,4.92,4.8,4.81,7265486.0,35302900.0
2024-08-23,4.83,4.83,4.72,4.76,5037972.0,24015900.0
2024-08-26,4.79,4.93,4.76,4.87,7606690.0,37045200.0
2024-08-27,4.87,4.88,4.74,4.77,7182804.0,34412300.0
2024-08-28,4.77,4.86,4.72,4.77,5809174.0,27833000.0
2024-08-29,4.77,4.94,4.73,4.9,8359152.0,40599200.0
2024-08-30,4.86,5.07,4.86,4.99,9516647.0,47560400.0
2024-09-02,5.0,5.03,4.77,4.78,9069041.0,44276600.0
2024-09-03,4.78,4.87,4.72,4.8,7404588.0,35461100.0
2024-09-04,4.74,4.88,4.73,4.78,7217511.0,34743600.0
2024-09-05,4.81,4.92,4.79,4.87,7088784.0,34516600.0
2024-09-06,4.86,4.88,4.71,4.72,7650513.0,36444100.0
2024-09-09,4.69,4.76,4.65,4.7,5315691.0,25019300.0
2024-09-10,4.73,4.77,4.61,4.74,7649914.0,35753700.0
2024-09-11,4.72,4.82,4.71,4.78,7710364.0,36753900.0
2024-09-12,4.77,4.96,4.77,4.81,7914562.0,38446900.0
2024-09-13,4.84,4.84,4.66,4.68,7908516.0,37258200.0
2024-09-18,4.67,4.73,4.51,4.57,6342117.0,28982100.0
2024-09-19,4.59,4.77,4.56,4.74,9194797.0,43151700.0
2024-09-20,4.77,4.85,4.64,4.67,7705201.0,36231900.0
2024-09-23,4.67,4.71,4.61,4.63,4861846.0,22635300.000000004
2024-09-24,4.69,4.91,4.67,4.91,14895393.0,71716900.0
2024-09-25,4.96,5.15,4.95,5.04,15880878.0,80400400.0
2024-09-26,5.02,5.23,5.0,5.23,16405914.0,84161700.0
2024-09-27,5.34,5.69,5.33,5.66,17025834.0,93352800.0
2024-09-30,5.94,6.74,5.92,6.57,43249102.0,274217700.0
2024-10-08,7.8,7.8,6.88,7.48,49558553.0,363190100.0
2024-10-09,7.17,7.28,6.44,6.44,40303580.0,275405200.0
2024-10-10,6.45,6.7,6.28,6.39,21104063.0,137021000.0
2024-10-11,6.39,6.39,5.83,5.93,24622963.0,148911600.0
2024-10-14,5.98,6.13,5.8,6.04,17725997.0,105915800.0
2024-10-15,6.05,6.08,5.89,5.89,15621173.0,93494800.0
2024-10-16,5.75,5.9,5.74,5.81,17273102.0,100433400.0
2024-10-17,5.83,5.92,5.74,5.74,13346609.0,77918700.0
2024-10-18,5.72,6.2,5.69,6.07,21793931.0,129683600.0
2024-10-21,6.05,6.42,5.95,6.29,29470857.0,183850900.0
2024-10-22,6.27,6.32,6.1,6.28,19058206.0,118201500.0
2024-10-23,6.27,6.57,6.21,6.42,22076882.0,141328400.0
2024-10-24,6.31,6.39,6.22,6.25,14427670.0,90512900.0
2024-10-25,6.27,6.69,6.27,6.61,28895289.0,189185300.0
2024-10-28,6.72,6.76,6.53,6.74,20820300.0,138744700.0
2024-10-29,6.8,7.01,6.48,6.49,26584883.0,177008100.0
2024-10-30,6.4,6.61,6.35,6.41,19209490.0,124101500.0
2024-10-31,6.58,6.77,6.48,6.67,23492776.0,156372200.0
2024-11-01,6.7,6.86,6.37,6.39,23648449.0,154769500.0
2024-11-04,6.38,6.62,6.34,6.57,14705066.0,96198000.0
2024-11-05,6.53,6.81,6.53,6.76,18522726.0,124598500.0
2024-11-06,6.9,7.17,6.85,6.91,27753707.0,194146700.0
2024-11-07,6.83,7.16,6.8,7.16,20265841.0,142275600.0
2024-11-08,7.2,7.39,7.19,7.25,27271485.0,198335100.0
2024-11-11,7.17,7.73,7.17,7.73,31425113.0,236340900.0
2024-11-12,7.87,7.93,7.39,7.49,31614463.0,241507800.0
2024-11-13,7.39,7.61,7.32,7.5,19986923.0,149160600.0
2024-11-14,7.51,7.56,7.14,7.14,19413327.0,141537900.0
2024-11-15,7.14,7.19,6.85,6.87,17254478.0,121508300.0
2024-11-18,6.98,7.22,6.74,6.95,20673209.0,144512800.0
2024-11-19,6.95,7.04,6.78,7.04,17861598.0,123482200.0
2024-11-20,7.01,7.12,6.94,7.11,17400309.0,122547800.0
2024-11-21,7.17,7.25,6.97,7.06,17352148.0,123028000.0
2024-11-22,7.0,7.08,6.61,6.62,20497517.0,140351600.0
2024-11-25,6.62,6.76,6.53,6.72,11607631.0,77243600.0
2024-11-26,6.6,6.68,6.39,6.4,19876426.0,129670000.0
2024-11-27,6.4,6.61,6.23,6.58,15473535.0,98595500.0
2024-11-28,6.58,6.68,6.54,6.63,11310115.0,74823600.0
2024-11-29,6.58,6.74,6.49,6.72,15596111.0,103671000.0
2024-12-02,6.68,6.93,6.66,6.9,15127356.0,103350800.0
2024-12-03,6.91,6.94,6.73,6.83,13599136.0,92805800.0
2024-12-04,6.85,7.15,6.78,6.79,21629810.0,150887000.0
2024-12-05,6.81,7.1,6.76,7.01,17706389.0,123254400.0
2024-12-06,7.05,7.11,6.82,7.07,19069144.0,132892600.0
2024-12-09,7.02,7.13,6.92,7.0,15735539.0,110783100.0
2024-12-10,7.2,7.25,7.06,7.09,18762378.0,133884500.0
2024-12-11,7.07,7.12,7.01,7.1,14110213.0,99821000.0
2024-12-12,7.12,7.26,7.03,7.11,16675106.0,118763500.0
2024-12-13,7.1,7.1,6.82,6.84,20127950.0,139310200.0
2024-12-16,6.9,7.0,6.74,6.78,13245818.0,90929400.0
2024-12-17,6.76,6.79,6.44,6.46,16442536.0,107984000.0
2024-12-18,6.47,6.5,6.33,6.39,12918626.0,82837099.99999999
2024-12-19,6.35,6.4,6.25,6.35,10651021.0,67316500.0
2024-12-20,6.35,6.47,6.33,6.4,9069375.0,58049500.0
2024-12-23,6.36,6.4,6.06,6.08,12635798.0,78376500.0
2024-12-24,6.08,6.3,6.08,6.15,10200466.0,63114200.0
2024-12-25,6.19,6.19,5.92,5.98,8490319.0,51077500.0
2024-12-26,5.97,6.08,5.97,6.02,5837056.0,35294200.0
2024-12-27,6.05,6.2,6.05,6.09,7606868.0,46559600.0
2024-12-30,6.08,6.08,5.86,5.92,8802109.0,52299799.99999999
2024-12-31,5.89,5.97,5.75,5.75,7890952.0,46229000.0
2025-01-02,5.78,5.84,5.57,5.64,9003393.0,51480200.00000001
2025-01-03,5.66,5.66,5.37,5.38,9548270.0,52587299.99999999
2025-01-06,5.42,5.46,5.25,5.39,6284213.0,33770600.0
2025-01-07,5.35,5.43,5.3,5.42,6016771.0,32316000.0
2025-01-08,5.42,5.43,5.2,5.37,8197473.0,43582800.0
2025-01-09,5.36,5.43,5.26,5.39,5921038.0,31968600.0
2025-01-10,5.38,5.42,5.19,5.19,6803965.0,36030900.0
2025-01-13,5.14,5.3,5.09,5.25,5166312.0,26889500.0
2025-01-14,5.25,5.49,5.25,5.48,7958002.0,42981300.0
2025-01-15,5.49,5.7,5.4,5.53,11381522.0,63073200.0
2025-01-16,5.52,5.66,5.47,5.54,7873716.0,43761400.0
2025-01-17,5.51,5.57,5.46,5.5,5422158.0,29911500.0
2025-01-20,5.54,5.58,5.45,5.51,4821537.0,26598000.0
2025-01-21,5.55,5.58,5.4,5.42,5577207.0,30374900.0
2025-01-22,5.39,5.42,5.33,5.35,4929905.0,26458500.0
2025-01-23,5.39,5.51,5.39,5.41,6141619.0,33553400.0
2025-01-24,5.41,5.46,5.34,5.43,6922010.0,37491100.0
2025-01-27,5.33,5.41,5.31,5.33,7515770.0,40249300.0
2025-02-05,5.36,5.51,5.36,5.48,7945924.0,43380800.0
2025-02-06,5.45,5.66,5.42,5.65,8886059.0,49352299.99999999
2025-02-07,5.66,5.84,5.65,5.74,11581390.0,66754200.0
2025-02-10,5.76,5.91,5.73,5.88,9845333.0,57321800.0
2025-02-11,5.88,5.89,5.75,5.82,7628461.0,44259300.0
2025-02-12,5.8,5.88,5.78,5.86,6220494.0,36283000.0
2025-02-13,5.87,5.9,5.8,5.81,6565873.0,38449400.0
2025-02-14,5.79,5.92,5.77,5.82,7415194.0,43366400.0
2025-02-17,5.84,5.99,5.81,5.92,11014078.0,65083400.0
2025-02-18,5.95,5.97,5.74,5.76,8131132.0,47756300.0
2025-02-19,5.76,5.92,5.74,5.92,8162528.0,47917800.0
2025-02-20,5.94,5.96,5.86,5.94,6588801.0,38956300.0
2025-02-21,5.92,6.05,5.85,6.05,11763182.0,70040800.0
2025-02-24,6.05,6.21,6.0,6.17,14204185.0,86928400.0
2025-02-25,6.09,6.35,6.05,6.2,12761887.0,79339500.0
2025-02-26,6.21,6.31,6.18,6.3,13028601.0,81426500.0
2025-02-27,6.29,6.31,6.13,6.23,13047370.0,81163500.0
2025-02-28,6.55,6.6,6.11,6.11,24468757.0,155510500.0
2025-03-03,6.17,6.39,6.11,6.15,18736948.0,117114200.0
2025-03-04,6.15,6.25,6.06,6.22,13069457.0,80637800.0
2025-03-05,6.25,6.25,6.08,6.13,11164795.0,68383200.0
2025-03-06,6.15,6.25,6.1,6.22,13960065.0,86328000.0
2025-03-07,6.19,6.21,6.07,6.09,10605738.0,64857800.0
2025-03-10,6.11,6.19,6.07,6.14,8528453.0,52281300.0
2025-03-11,6.08,6.14,6.03,6.13,8437326.0,51344500.0
2025-03-12,6.12,6.16,6.06,6.07,9036054.0,55166300.0
2025-03-13,6.07,6.08,5.88,5.94,12257619.0,73026100.0
2025-03-14,5.93,6.12,5.91,6.11,11603425.0,70045600.0
2025-03-17,6.15,6.17,6.08,6.1,6850832.0,41884300.0
2025-03-18,6.12,6.15,6.07,6.1,7507660.0,45823800.0
2025-03-19,6.09,6.14,6.02,6.05,9455154.0,57379799.99999999
2025-03-20,6.04,6.08,5.97,6.03,10327797.0,62367500.0
2025-03-21,6.03,6.04,5.87,5.89,9755328.0,57954799.99999999
2025-03-24,5.86,5.91,5.55,5.67,15845214.0,90418900.0
2025-03-25,5.69,5.76,5.61,5.68,6080344.0,34605500.0
2025-03-26,5.67,5.85,5.65,5.76,8769141.0,50728400.0
2025-03-27,5.74,5.81,5.62,5.68,8202435.0,46785000.0
2025-03-28,5.7,5.74,5.59,5.59,6293351.0,35531600.0
2025-03-31,5.56,5.64,5.42,5.46,7199537.0,39515500.0
2025-04-01,5.48,5.63,5.48,5.56,6281831.0,35042800.0
2025-04-02,5.53,5.63,5.52,5.56,4204956.0,23464900.0
2025-04-03,5.55,5.63,5.5,5.53,5867805.0,32622100.0
2025-04-07,5.22,5.34,4.67,4.73,16611945.0,82772099.99999999
2025-04-08,4.84,4.97,4.78,4.88,10120938.0,49315100.0
2025-04-09,4.82,5.08,4.6,5.06,12693779.0,61759200.0
2025-04-10,5.14,5.25,5.11,5.13,9250886.0,47897299.99999999
2025-04-11,5.1,5.23,5.06,5.18,6876897.0,35618500.0
2025-04-14,5.22,5.27,5.19,5.21,6407812.0,33525900.0
2025-04-15,5.21,5.26,5.18,5.2,4696046.0,24462200.0
2025-04-16,5.17,5.2,5.03,5.11,6084197.0,31116700.0
2025-04-17,5.09,5.19,5.07,5.13,4125000.0,21257400.0
2025-04-18,5.13,5.17,5.04,5.08,5219939.0,26550400.0
2025-04-21,5.09,5.14,5.04,5.12,4273188.0,21820900.0
2025-04-22,5.11,5.22,5.09,5.2,7111164.0,36760500.0
2025-04-23,5.24,5.26,5.2,5.24,4833532.0,25277900.0
2025-04-24,5.28,5.3,5.17,5.2,6264837.0,32744800.0
2025-04-25,5.18,5.22,5.14,5.14,5110753.0,26484000.0
2025-04-28,5.08,5.15,5.05,5.06,5492563.0,27871400.0
2025-04-29,5.08,5.27,5.07,5.23,9839415.0,51430200.00000001
2025-04-30,5.21,5.34,5.21,5.3,6413173.0,33939400.0
2025-05-06,5.3,5.45,5.3,5.44,7448331.0,40311600.0
2025-05-07,5.46,5.53,5.42,5.51,7462046.0,40913700.0
2025-05-08,5.54,5.85,5.47,5.8,18156528.0,103740600.0
2025-05-09,5.83,5.83,5.65,5.7,12372346.0,70776600.0
2025-05-12,5.7,5.93,5.69,5.89,12419512.0,72479200.0
2025-05-13,5.91,6.01,5.82,5.84,12625539.0,74471600.0
2025-05-14,5.84,5.97,5.8,5.85,14247366.0,83934700.0
2025-05-15,5.9,5.97,5.76,5.85,11585369.0,68003300.0
2025-05-16,5.8,6.25,5.8,6.1,25275612.0,155289500.0
2025-05-19,6.18,6.46,6.14,6.36,24904814.0,157561000.0
2025-05-20,6.3,6.55,6.25,6.51,24639263.0,158757500.0
2025-05-21,6.46,6.54,6.25,6.28,16419030.0,104084500.0
2025-05-22,6.25,6.32,6.12,6.12,15396799.0,95507600.0
2025-05-23,6.08,6.18,5.91,5.94,19496221.0,117342900.0
2025-05-26,5.94,6.22,5.94,6.19,20591633.0,125597900.0
2025-05-27,6.25,6.25,6.06,6.14,11060797.0,67518200.0
2025-05-28,6.09,6.18,6.01,6.04,6896949.0,41815300.0
2025-05-29,6.07,6.2,6.03,6.15,10749806.0,65879900.0
2025-05-30,6.2,6.2,5.97,6.0,14757814.0,89322200.0
2025-06-03,6.05,6.07,5.98,6.04,7051945.0,42511500.0
2025-06-04,6.04,6.18,6.04,6.15,9214107.0,56436800.0
2025-06-05,6.14,6.21,6.07,6.21,9170486.0,56364600.0
2025-06-06,6.19,6.25,6.13,6.14,8521099.0,52676300.0
2025-06-09,6.16,6.27,6.14,6.26,8274034.0,51551300.0
2025-06-10,6.26,6.29,6.07,6.16,9981607.0,61568200.0
2025-06-11,6.11,6.24,6.11,6.12,7637133.0,47125900.0
2025-06-12,6.11,6.13,6.05,6.1,6787020.0,41326899.99999999
2025-06-13,6.06,6.1,5.99,6.0,6885961.0,41520200.00000001
2025-06-16,5.97,6.11,5.95,6.09,6514659.0,39535100.0
2025-06-17,6.09,6.14,6.06,6.1,5239122.0,31929300.0
2025-06-18,6.1,6.23,6.06,6.2,11313265.0,69593300.0
2025-06-19,6.18,6.29,6.01,6.03,9753527.0,59643800.0
2025-06-20,6.03,6.17,6.0,6.02,8928395.0,54293000.0
2025-06-23,6.0,6.13,5.94,6.11,8631382.0,52261899.99999999
2025-06-24,6.15,6.29,6.08,6.28,13254809.0,82533000.0
2025-06-25,6.29,6.31,6.21,6.25,10092176.0,63035900.0
2025-06-26,6.28,6.41,6.23,6.31,15302916.0,96683500.0
2025-06-27,6.31,6.43,6.28,6.28,9820562.0,62153000.0
2025-06-30,6.3,6.41,6.3,6.41,9361533.0,59588400.0
2025-07-01,6.4,6.43,6.32,6.37,9562428.0,60931300.0
2025-07-02,6.39,6.41,6.29,6.39,12467692.0,79133200.0
2025-07-03,6.39,6.42,6.33,6.39,9326854.0,59446500.0
2025-07-04,6.39,6.45,6.25,6.27,11288257.0,71325700.0
2025-07-07,6.27,6.3,6.23,6.3,6044321.0,37926100.0
2025-07-08,6.3,6.64,6.28,6.59,22171664.0,144268400.0
2025-07-09,6.62,6.71,6.55,6.64,15512090.0,102795700.0
2025-07-10,6.67,6.8,6.62,6.63,17545966.0,117462400.0
2025-07-11,6.63,6.71,6.59,6.69,14438575.0,96220300.0
2025-07-14,6.78,6.82,6.67,6.68,11955835.0,80261400.0
2025-07-15,6.69,6.88,6.58,6.62,19720716.0,132435700.0
2025-07-16,6.67,6.98,6.59,6.82,25867576.0,175865700.0
2025-07-17,7.3,7.48,6.81,6.86,39887583.0,278637600.0
2025-07-18,6.96,7.18,6.9,7.03,30822376.0,216215700.0
2025-07-21,7.04,7.04,6.86,7.01,21730587.0,151119000.0
2025-07-22,6.96,7.32,6.96,7.18,24786421.0,177964800.0
2025-07-23,7.13,7.25,6.99,6.99,16929986.0,119410000.0
2025-07-24,7.0,7.11,6.99,7.07,13580667.0,96057800.0
2025-07-25,7.1,7.11,6.99,7.05,10310146.0,72541200.0
2025-07-28,6.95,7.25,6.87,7.18,24279817.0,172063100.0
2025-07-29,7.19,7.19,7.07,7.18,11436982.0,81441700.0
2025-07-30,7.13,7.19,6.98,7.07,11206022.0,79335000.0
2025-07-31,7.05,7.11,6.87,6.92,13559025.0,94563000.0
2025-08-01,6.83,6.88,6.72,6.8,20416521.0,138644900.0
2025-08-04,6.78,6.84,6.7,6.82,11714187.0,79501700.0
2025-08-05,6.83,6.98,6.83,6.93,12601742.0,87054200.0
2025-08-06,6.97,6.98,6.91,6.97,9126759.0,63467200.0
2025-08-07,6.97,6.99,6.84,6.87,10943699.0,75412400.0
2025-08-08,6.85,6.9,6.78,6.84,12369297.0,84571500.0
2025-08-11,6.86,7.18,6.86,7.13,18379179.0,129661300.0
2025-08-12,7.12,7.15,6.98,7.04,12894050.0,90773000.0
2025-08-13,7.02,7.07,6.95,6.99,10806407.0,75606500.0
2025-08-14,6.99,7.02,6.66,6.68,17959428.0,122283400.0
2025-08-15,6.63,6.83,6.63,6.82,13818369.0,93582100.0
2025-08-18,6.86,7.24,6.85,7.15,28379533.0,201332100.0
2025-08-19,7.16,7.19,7.08,7.18,14993194.0,107156200.0
2025-08-20,7.2,7.22,7.09,7.19,12077259.0,86418200.0
2025-08-21,7.2,7.29,7.14,7.18,12602361.0,90773600.0
2025-08-22,7.19,7.23,7.15,7.22,13269123.0,95526400.0
2025-08-25,7.28,7.28,7.12,7.15,19486830.0,140209100.0
2025-08-26,7.1,7.22,7.07,7.18,13279577.0,95122200.0
2025-08-27,7.18,7.22,6.88,6.89,17994236.0,127205300.0
2025-08-28,6.87,7.02,6.59,6.85,20814742.0,141882800.0
2025-08-29,6.85,6.94,6.75,6.89,12589502.0,86134000.0
2025-09-01,6.89,7.25,6.88,7.06,21998397.0,155648900.0
2025-09-02,7.05,7.08,6.91,6.99,17043253.0,119037600.0
2025-09-03,6.99,7.06,6.71,6.75,14186370.0,97358900.0
2025-09-04,6.76,6.93,6.55,6.64,21411039.0,144784700.0
2025-09-05,6.7,6.86,6.65,6.84,21226857.0,144396800.0
2025-09-08,6.81,6.87,6.72,6.86,18146277.0,123503600.0
2025-09-09,6.87,6.92,6.69,6.71,16934059.0,114877400.0
2025-09-10,6.7,6.76,6.57,6.61,15284745.0,101461600.0
2025-09-11,6.64,6.65,6.46,6.61,16430143.0,107502600.0
2025-09-12,6.62,6.79,6.57,6.65,21861840.0,146498600.0
2025-09-15,6.64,6.75,6.57,6.61,14789778.0,98132600.0
2025-09-16,6.63,6.64,6.51,6.59,13832764.0,90878700.0
2025-09-17,6.61,6.62,6.52,6.53,11840882.0,77690000.0
2025-09-18,6.55,6.64,6.33,6.4,21846556.0,141906000.0
2025-09-19,6.43,6.5,6.31,6.35,14689790.0,93619100.0
2025-09-22,6.35,6.38,6.26,6.35,11134388.0,70467100.0
2025-09-23,6.34,6.35,6.03,6.17,13739800.0,84529400.0
2025-09-24,6.17,6.3,6.12,6.28,11027930.0,68956700.0
2025-09-25,6.3,6.37,6.25,6.25,9617722.0,60688100.00000001
2025-09-26,6.24,6.36,6.18,6.29,12008185.0,75759000.0
2025-09-29,6.3,6.62,6.18,6.61,19982916.0,129198100.0
2025-09-30,6.6,7.37,6.55,7.19,56849251.0,401103100.0
2025-10-09,7.14,7.18,6.78,6.81,41140187.0,283367700.0
2025-10-10,6.81,7.02,6.67,6.88,28667807.0,196080000.0
2025-10-13,6.69,7.2,6.6,7.18,36232417.0,254500700.0
2025-10-14,7.29,7.59,7.18,7.22,37339923.0,274494500.0
2025-10-15,7.19,7.3,7.11,7.26,20408905.0,147120100.0
2025-10-16,7.21,7.3,7.1,7.19,16299678.0,116979400.0
2025-10-17,7.22,7.31,6.96,6.98,21491366.0,153602000.0
2025-10-20,7.07,7.17,7.03,7.1,14124951.0,100040700.0
2025-10-21,7.15,7.15,6.99,7.08,12681421.0,89712000.0
2025-10-22,7.06,7.11,6.99,6.99,9497297.0,66871500.0
2025-10-23,7.01,7.01,6.86,6.99,11072866.0,76510300.0
2025-10-24,7.02,7.21,6.92,6.94,15807538.0,111649100.0
2025-10-27,6.95,7.05,6.91,6.97,11804862.0,82511500.0
2025-10-28,6.96,7.08,6.94,7.01,10233170.0,71900300.0
2025-10-29,7.06,7.09,6.94,7.07,10525782.0,73953200.0
2025-10-30,7.07,7.21,7.01,7.09,14022955.0,99615700.0
2025-10-31,7.1,7.34,7.1,7.22,22420132.0,162776600.0
2025-11-03,7.2,7.23,6.98,7.19,19231964.0,136328100.0
2025-11-04,7.13,7.18,7.0,7.06,10842250.0,76584900.0
2025-11-05,6.92,7.41,6.92,7.36,24563525.0,178131100.0
2025-11-06,7.44,7.44,7.26,7.35,12988126.0,95230500.0
2025-11-07,7.34,7.51,7.27,7.41,16552015.0,122776300.0
2025-11-10,7.0,7.1,6.2,6.4,78967861.0,514309000.0
2025-11-11,6.38,6.69,6.37,6.59,36251384.0,237806800.0
2025-11-12,6.58,6.58,6.28,6.33,29292602.0,186604800.0
2025-11-13,6.34,6.46,6.31,6.38,19207784.0,122554800.0
2025-11-14,6.33,6.51,6.31,6.41,15539690.0,99747000.0
2025-11-17,6.39,6.51,6.33,6.41,15419802.0,98552300.0
2025-11-18,6.41,6.41,6.09,6.12,26222167.0,162009700.0
2025-11-19,6.11,6.19,5.89,5.94,20224258.0,120612700.0
2025-11-20,5.96,6.0,5.75,5.78,17096568.0,100191900.0
2025-11-21,5.72,5.76,5.47,5.47,18347502.0,102121000.0
2025-11-24,5.58,5.58,5.46,5.55,12181608.0,67114200.0
2025-11-25,5.57,5.87,5.53,5.77,21048729.0,120361800.0
2025-11-26,5.74,5.77,5.6,5.64,13138415.0,74710500.0
2025-11-27,5.61,6.77,5.61,6.77,69458019.0,452734500.0
2025-11-28,7.05,7.4,6.58,6.83,98315548.0,678167400.0
2025-12-01,7.0,7.41,6.91,7.03,85366096.0,608599100.0
2025-12-02,6.85,7.05,6.79,6.85,44288148.0,304852800.0
2025-12-03,6.8,6.93,6.6,6.62,34143607.0,228572300.0
2025-12-04,6.61,6.63,6.42,6.43,23033937.0,149259600.0
2025-12-05,6.6,6.87,6.39,6.81,46518515.0,312068300.0
2025-12-08,6.95,7.18,6.88,6.99,39654883.0,279902500.0
2025-12-09,6.86,7.08,6.75,7.02,31975005.0,220684200.0
2025-12-10,6.93,6.98,6.73,6.85,23763911.0,162682900.0
2025-12-11,6.81,6.85,6.68,6.68,16202614.0,109157700.0
2025-12-12,6.69,7.65,6.67,7.29,62894738.0,455102500.0
2025-12-15,7.29,7.48,7.22,7.39,40196457.0,295276000.0
2025-12-16,7.33,7.37,6.92,6.95,35118326.0,247943800.0
2025-12-17,7.08,7.46,6.87,7.06,43995950.0,312193300.0
2025-12-18,7.04,7.27,6.97,7.06,31860796.0,227157400.00000003
2025-12-19,7.06,7.18,6.92,6.93,27664160.0,193123500.0
2025-12-22,6.92,7.01,6.82,6.87,20953466.0,144426000.0
2025-12-23,7.06,7.17,6.73,6.73,28697127.0,197274500.0
2025-12-24,6.7,7.13,6.68,7.05,31990012.0,221508000.0
2025-12-25,7.02,8.19,6.99,7.89,69806543.0,529437100.0
2025-12-26,7.89,8.5,7.81,8.24,74328124.0,605197800.0
2025-12-29,8.12,8.27,7.95,8.0,38499702.0,311463000.0
2025-12-30,7.9,7.98,7.63,7.66,35193778.0,272497900.0
2025-12-31,7.68,7.85,7.5,7.7,28307470.0,216703900.0
2026-01-05,7.85,8.08,7.66,7.9,34543752.0,272651700.0
2026-01-06,7.83,7.99,7.71,7.92,27105028.0,212075000.0
2026-01-07,7.86,8.19,7.81,8.11,35601857.0,285848500.0
2026-01-08,8.04,8.7,8.02,8.6,50561734.0,426277300.00000006
2026-01-09,8.59,8.74,8.31,8.39,46179601.0,391216600.00000006
2026-01-12,8.0,8.85,7.8,8.69,64683041.0,546737600.0
2026-01-13,9.0,9.05,8.21,8.47,58092105.0,495974500.0
2026-01-14,8.4,8.67,8.1,8.24,51878918.0,434555300.0
2026-01-15,8.12,8.31,8.08,8.14,24832154.0,202449700.0
2026-01-16,8.16,8.35,8.09,8.2,24160575.0,198487900.0
2026-01-19,8.15,8.44,8.12,8.24,19628772.0,162756700.0
2026-01-20,8.2,8.28,7.88,7.97,27895616.0,223651500.0
2026-01-21,7.89,8.04,7.88,7.97,12425850.0,99157200.0
2026-01-22,8.0,8.79,7.95,8.68,43516559.0,368528400.0
2026-01-23,8.68,9.34,8.68,9.15,52385582.0,477641700.0
2026-01-26,9.0,9.14,8.36,8.45,48871163.0,419649700.0
2026-01-27,8.5,8.65,8.05,8.57,32543750.0,271467000.0
2026-01-28,8.5,8.5,8.18,8.2,23859720.0,197433900.0
2026-01-29,8.21,8.3,8.07,8.11,19076137.0,155786000.0
2026-01-30,8.0,8.21,7.85,8.12,21597206.0,172718000.0
2026-02-02,7.99,8.16,7.93,7.99,14407915.0,115920300.0
2026-02-03,8.0,8.34,8.0,8.24,18699732.0,153256000.0
2026-02-04,8.18,8.42,8.15,8.35,17974927.0,149519700.0
2026-02-05,8.34,8.34,7.98,8.01,19089118.0,153816500.0
2026-02-06,7.91,8.17,7.88,8.08,11339815.0,91248600.0
2026-02-09,8.19,8.72,8.19,8.64,32956243.0,282287800.0
2026-02-10,8.5,8.8,8.37,8.5,17927563.0,152157400.0
2026-02-11,8.5,8.63,8.35,8.36,12515263.0,105833700.0
2026-02-12,8.38,9.98,8.38,9.78,65627024.0,610355300.0
2026-02-13,9.74,10.15,9.6,9.87,41800365.0,413544600.0
2026-02-24,10.07,11.11,10.07,10.68,43359977.0,462603800.0
2026-02-25,10.89,10.89,10.39,10.49,34482838.0,365194600.0
2026-02-26,10.5,11.27,10.4,11.26,40496114.0,440592800.0
2026-02-27,11.0,12.3,10.7,12.1,55297026.0,632096300.0
2026-03-02,11.4,11.5,10.2,10.32,66602488.0,708425000.0
2026-03-03,10.27,10.65,9.61,9.65,45732305.0,454115400.0
2026-03-04,9.58,10.69,9.39,10.47,42619940.0,431427000.0
2026-03-05,10.68,10.75,10.06,10.13,28352045.0,291311200.0
2026-03-06,10.2,10.5,10.03,10.18,18207565.0,187381000.0
2026-03-09,10.11,10.4,9.81,10.14,18472916.0,185178400.0
2026-03-10,10.29,10.64,9.95,10.42,24660588.0,253185600.0
2026-03-11,10.4,10.67,10.3,10.49,17798855.0,186311100.0
2026-03-12,10.31,10.55,10.02,10.08,17418434.0,177902599.99999997
2026-03-13,10.07,10.37,9.9,10.0,15968783.0,161198200.0
2026-03-16,9.9,9.98,9.62,9.86,14984859.0,146358500.0
2026-03-17,9.95,10.31,9.0,9.22,31931987.0,311865100.0
2026-03-18,9.19,9.35,8.82,9.31,18266530.0,167069300.0
2026-03-19,9.15,9.18,8.82,8.96,18550847.0,166683800.0
2026-03-20,9.05,9.19,8.56,8.57,21877129.0,193026400.0
2026-03-23,8.5,8.71,8.15,8.23,21043930.0,178279700.0
2026-03-24,8.35,8.44,8.01,8.4,18249184.0,149840200.0
2026-03-25,8.43,8.72,8.43,8.62,15104258.0,130115600.0
2026-03-26,8.62,8.62,8.23,8.33,12968841.0,108962900.0
2026-03-27,8.25,8.51,8.2,8.43,9264057.0,77816900.0
2026-03-30,8.32,8.5,8.18,8.46,9921030.0,83030200.0
2026-03-31,8.49,8.59,8.08,8.09,15002656.0,124848300.0
2026-04-01,8.22,8.35,8.14,8.28,11197775.0,92460200.0
2026-04-02,8.23,8.32,8.03,8.08,10653836.0,86802800.0
2026-04-03,8.15,8.33,7.97,8.13,14307001.0,116170900.0
2026-04-07,8.13,8.42,8.12,8.21,9577249.0,78898500.0
2026-04-08,8.32,8.53,8.3,8.51,12067482.0,101609900.0
2026-04-09,8.42,8.44,8.22,8.26,11517695.0,95774800.0
2026-04-10,8.27,8.44,8.27,8.29,8672278.0,72368900.0
2026-04-13,8.18,8.4,8.16,8.36,8619720.0,71656700.0
2026-04-14,8.38,8.64,8.38,8.57,11932928.0,101500700.0
2026-04-15,8.6,8.65,8.19,8.25,14596961.0,122406100.0
2026-04-16,8.25,8.34,8.17,8.28,8253054.0,68311500.0
2026-04-17,8.27,8.44,8.11,8.35,13959593.0,115568300.0
2026-04-20,8.34,8.39,8.18,8.31,11013030.0,91229200.0
2026-04-21,8.32,8.38,8.2,8.21,8062732.0,66466899.99999999
2026-04-22,8.19,8.22,8.06,8.07,9246537.0,74880100.0
2026-04-23,8.06,8.2,7.72,7.75,16513937.0,130045100.0
2026-04-24,7.78,7.8,7.5,7.63,12890671.0,98463300.0
2026-04-27,7.63,8.0,7.45,7.96,13616862.0,105888500.0
2026-04-28,7.9,7.96,7.71,7.9,9601064.0,75180600.0
2026-04-29,7.85,8.55,7.73,8.23,23204995.0,191923600.0
2026-05-06,6.58,7.11,6.58,6.58,46357455.0,308892400.0
2026-05-07,6.64,7.11,6.62,6.9,29579319.0,202886300.0
2026-05-08,7.06,7.93,6.88,7.93,26928648.0,200373600.0
2026-05-11,8.18,8.48,8.17,8.41,23922823.0,198968100.0
2026-05-12,8.47,8.71,8.19,8.23,23073673.0,194593400.0
2026-05-13,8.28,8.71,8.2,8.58,24775590.0,210473000.0
2026-05-14,8.65,8.88,8.56,8.78,15876072.0,139039900.0
2026-05-15,8.68,9.0,8.25,8.58,19155337.0,165219199.99999997
2026-05-18,8.58,8.58,7.98,8.36,18519608.0,153434100.0
2026-05-19,8.35,8.69,8.16,8.48,10671743.0,90679900.0
2026-05-20,9.0,9.12,8.24,8.28,19054237.0,163238800.0
2026-05-21,8.33,8.33,8.01,8.05,10565332.0,86605900.0
2026-05-22,8.07,8.3,8.06,8.23,8437545.0,69320800.0
2026-05-25,8.25,8.29,7.98,8.01,11424888.0,92086200.0
2026-05-26,8.02,8.14,7.8,7.94,10290097.0,81927400.0
2026-05-27,8.0,8.0,7.77,7.85,5899523.0,46345900.0
2026-05-28,7.89,7.99,7.8,7.91,5744539.0,45500100.0
2026-05-29,7.87,8.17,7.77,7.79,7808958.0,62134799.99999999
2026-06-01,6.23,7.78,6.23,7.39,27098158.0,188833900.0
2026-06-02,7.19,7.9,7.04,7.89,16884252.0,124283400.0
2026-06-03,7.81,8.14,7.6,7.71,12415760.0,98452500.0
2026-06-04,7.62,7.84,7.07,7.31,8736904.0,65497500.0
2026-06-05,7.35,7.38,7.13,7.23,6887752.0,49880200.00000001
2026-06-08,7.05,7.29,6.98,7.0,7698301.0,54489300.0
2026-06-09,7.09,7.18,6.88,6.92,6787434.0,47327500.0
2026-06-10,6.97,6.97,6.58,6.79,8860313.0,59535800.0
2026-06-11,6.79,6.92,6.48,6.53,6737735.0,45028900.0
2026-06-12,6.58,6.75,6.46,6.61,6693871.0,44252500.0
2026-06-15,6.6,7.09,6.6,6.99,6326784.0,43818300.0
2026-06-16,7.04,7.07,6.75,6.78,7059656.0,48392700.00000001
2026-06-17,6.84,6.95,6.67,6.68,5794780.0,39438200.0
2026-06-18,6.64,6.64,6.38,6.38,7282903.0,47218700.0
2026-06-22,6.35,6.58,6.0,6.51,10596664.0,66897900.0
2026-06-23,6.51,6.58,6.36,6.43,5062224.0,32852600.000000004
2026-06-24,6.29,6.51,6.26,6.36,5618745.0,35808800.0
2026-06-25,6.3,6.43,6.05,6.09,7546036.0,46601400.0
2026-06-26,6.28,6.36,6.15,6.18,6670698.0,41643300.0
2026-06-29,6.24,6.24,5.63,5.67,10805524.0,62504500.0
2026-06-30,5.67,6.2,5.53,6.2,10461973.0,61336100.0
2026-07-01,6.17,6.5,6.06,6.37,8672198.0,55020100.0
2026-07-02,6.37,6.49,6.22,6.39,5537659.0,35445700.0
2026-07-03,6.37,7.07,6.31,6.9,11126801.0,76222100.0
2026-07-06,6.85,7.27,6.81,6.89,7665648.0,54126000.0
2026-07-07,6.89,7.05,6.74,6.78,4795149.0,32901700.0
2026-07-08,6.78,6.9,6.53,6.6,3528522.0,23699300.0
2026-07-09,6.6,6.75,6.48,6.67,2552268.0,16883800.0
2026-07-10,6.68,6.95,6.59,6.9,4398979.0,29823200.0
2026-07-13,6.85,7.18,6.7,7.03,7158370.0,50013000.0
2026-07-14,7.02,7.09,6.91,7.0,3526871.0,24707300.0
2026-07-15,7.02,7.15,6.95,7.08,2880546.0,20368900.0
2026-07-16,7.03,7.13,6.8,6.82,3272306.0,22759800.0
2026-07-17,6.82,6.82,6.48,6.5,4055096.0,26791100.0
2026-07-20,6.53,6.68,6.0,6.17,4127167.0,26139800.0
2026-07-21,6.1,6.4,5.94,6.29,4098322.0,25294200.0
2026-07-22,6.15,6.29,6.03,6.08,3477502.0,21280300.000000004
2026-07-23,6.09,6.23,6.09,6.18,2419128.0,14916600.0
2026-07-24,6.16,6.56,6.11,6.24,3254778.0,20602200.0
2026-07-27,6.3,6.35,6.07,6.3,3291651.0,20520400.0
2026-07-28,6.25,6.38,6.18,6.23,2222256.0,13959800.0
2026-07-29,6.27,6.33,6.17,6.25,2443077.0,15253200.0
2026-07-30,6.23,6.26,6.1,6.15,2653193.0,16420900.0
2026-07-31,6.11,6.26,6.11,6.23,2838667.0,17638600.0
