date,open,high,low,close,amount
2019-01-02,17.95,18.13,17.05,17.19,764857100.0000001
2019-01-03,17.01,17.58,16.75,16.95,520938100.0
2019-01-04,16.74,17.82,16.55,17.74,1012555399.9999999
2019-01-07,18.41,18.41,17.41,17.74,937395200.0
2019-01-08,17.8,17.95,17.43,17.61,496396700.0
2019-01-09,19.0,20.25,18.57,19.75,3201852600.0
2019-01-10,19.61,20.53,19.35,20.04,1398943800.0
2019-01-11,20.25,20.7,19.6,20.59,1098274200.0
2019-01-14,20.66,21.11,20.07,20.2,743527500.0
2019-01-15,20.25,21.77,20.08,21.75,1629499400.0
2019-01-16,21.75,22.21,21.37,21.95,1177411100.0
2019-01-17,21.95,22.45,21.63,21.66,1073148500.0
2019-01-18,22.2,22.85,21.79,22.83,1603555700.0
2019-01-21,22.95,23.55,22.35,22.84,1241232700.0
2019-01-22,22.85,23.06,21.77,22.05,1012517200.0
2019-01-23,21.74,22.8,21.74,22.21,800266600.0
2019-01-24,22.55,22.84,21.96,22.34,914100300.0
2019-01-25,22.48,22.85,21.45,22.65,1112391500.0
2019-01-28,22.93,23.75,22.55,22.59,1454201800.0
2019-01-29,22.59,23.75,22.21,23.75,1565725500.0
2019-01-30,23.54,23.65,22.85,22.85,1242106800.0
2019-01-31,23.63,24.35,23.2,24.28,1676325700.0
2019-02-01,25.1,25.25,24.28,25.01,1378311600.0
2019-02-11,24.71,27.07,24.65,26.83,1588661099.9999998
2019-02-12,26.75,27.65,26.4,27.24,1404091099.9999998
2019-02-13,27.49,27.98,26.65,27.55,1511519900.0
2019-02-14,27.65,28.06,27.25,27.9,1077612600.0
2019-02-15,27.5,27.5,25.75,26.02,2121611400.0000002
2019-02-18,26.55,27.21,26.3,27.15,1500350000.0
2019-02-19,27.23,28.09,26.36,26.83,1303139800.0
2019-02-21,27.25,28.17,26.39,26.61,1917916000.0
2019-02-22,26.65,26.65,25.1,26.36,1750311000.0
2019-02-25,28.25,30.14,27.44,29.92,3466143700.0
2019-02-26,29.1,29.45,28.1,28.11,2357420900.0
2019-02-27,27.9,28.96,27.9,28.39,1519672000.0
2019-02-28,28.4,28.93,28.2,28.53,1209359000.0
2019-03-01,28.85,29.42,28.62,29.32,1732559900.0
2019-03-04,29.86,30.95,29.35,29.71,2680277800.0000005
2019-03-05,30.17,30.25,29.46,29.75,1516133299.9999998
2019-03-06,30.13,30.43,29.45,29.85,1553672300.0
2019-03-07,29.75,29.75,27.93,28.31,2450618700.0
2019-03-08,27.41,27.98,26.45,26.55,2143104000.0
2019-03-11,26.6,27.43,26.6,27.33,1345836600.0
2019-03-12,28.15,28.37,26.51,26.91,1923704500.0
2019-03-13,26.93,27.39,26.28,26.98,1601035400.0
2019-03-14,26.95,27.92,26.9,27.16,1607571200.0
2019-03-15,28.05,29.33,27.59,28.68,3208694099.9999995
2019-03-18,28.25,30.25,28.05,30.07,2513134000.0
2019-03-19,30.28,30.52,29.43,30.0,1458253100.0
2019-03-20,30.0,30.2,29.13,29.65,1427029800.0
2019-03-21,29.4,29.55,28.83,28.99,1248826300.0
2019-03-22,29.05,29.57,28.46,29.35,1095838400.0
2019-03-25,28.43,28.95,27.31,27.44,1548505500.0
2019-03-26,27.85,27.85,26.66,27.32,1045158400.0
2019-03-27,27.73,28.55,27.34,28.32,1077398400.0
2019-03-28,28.33,28.49,27.56,27.89,955165300.0
2019-03-29,27.76,29.63,27.76,29.48,2127847700.0
2019-04-01,30.05,34.32,30.0,33.68,5041465400.0
2019-04-02,33.68,34.11,32.48,32.65,2906671800.0
2019-04-03,32.21,33.31,32.2,32.95,1971575200.0
2019-04-04,32.95,34.73,32.94,34.4,2868122000.0
2019-04-08,34.4,36.41,33.95,34.93,2836276700.0
2019-04-09,36.26,37.1,34.95,35.76,2279920400.0
2019-04-10,35.45,36.32,34.4,35.47,2167514800.0
2019-04-11,35.47,35.5,33.06,33.19,2735915600.0
2019-04-12,32.6,33.18,31.22,32.04,2408399100.0
2019-04-15,32.8,34.05,32.25,32.25,2099197400.0
2019-04-16,31.75,33.63,31.4,33.63,1619936700.0000002
2019-04-17,33.88,34.34,32.72,33.75,1906297200.0
2019-04-18,34.28,35.08,33.85,34.17,1427725100.0
2019-04-19,34.1,36.5,33.45,35.83,2009741099.9999998
2019-04-22,35.74,35.74,32.95,33.54,2213184500.0
2019-04-23,32.95,33.6,32.32,33.02,1876295400.0
2019-04-24,33.25,33.58,32.3,33.35,1510805600.0
2019-04-25,33.05,33.05,32.03,32.16,1328686000.0
2019-04-26,31.72,32.11,30.01,30.12,2296898100.0
2019-04-29,30.12,32.73,30.11,32.06,2296294400.0
2019-04-30,32.15,34.25,32.15,33.15,2407890600.0
2019-05-06,30.65,31.79,29.75,29.82,3318296800.0
2019-05-07,31.05,32.24,30.65,31.5,3653919600.0
2019-05-22,32.26,33.97,31.75,32.16,4187357500.0
2019-05-23,31.45,31.55,30.15,30.26,2104165300.0
2019-05-24,30.03,31.03,29.76,30.57,1489846500.0
2019-05-27,30.57,30.83,29.63,30.5,1406654800.0
2019-05-28,30.52,31.97,30.52,31.26,1771285000.0
2019-05-29,30.8,31.67,30.6,31.13,1100280800.0
2019-05-30,31.42,31.77,30.55,31.5,1586232800.0
2019-05-31,31.05,32.2,31.0,31.65,1201723000.0
2019-06-03,31.84,33.04,31.8,32.17,1147776900.0
2019-06-04,32.18,32.64,31.26,31.75,811702800.0
2019-06-05,32.47,32.59,31.3,31.56,1147254200.0
2019-06-06,32.15,32.15,30.92,31.17,918001200.0
2019-06-10,31.61,32.05,31.39,31.81,1213075600.0
2019-06-11,31.74,33.89,31.65,33.52,1912923599.9999998
2019-06-12,33.39,33.67,32.88,33.56,1089754700.0
2019-06-13,33.74,33.74,32.26,33.08,1027154900.0
2019-06-14,33.33,33.95,32.6,32.62,692935399.9999999
2019-06-17,32.92,33.3,32.44,32.84,674222000.0
2019-06-18,32.81,33.35,32.55,32.96,613259800.0
2019-06-19,34.55,35.02,34.06,34.06,1381397000.0
2019-06-20,34.41,36.0,34.16,35.34,2389697400.0
2019-06-21,34.86,35.62,33.88,34.16,3260272000.0
2019-06-24,33.88,34.67,33.45,34.23,1965902500.0
2019-06-25,34.05,34.23,33.05,33.49,1701993000.0
2019-06-26,33.56,33.88,33.37,33.56,1043841100.0
2019-06-27,33.75,34.33,33.4,33.82,1789191000.0
2019-06-28,33.74,34.24,33.45,33.91,878142800.0
2019-07-01,35.02,36.5,34.81,36.14,3287136800.0
2019-07-02,35.71,37.15,35.61,36.86,2731208800.0
2019-07-03,37.27,37.37,35.73,36.14,1936469700.0
2019-07-04,36.5,37.15,36.05,36.45,1778536099.9999998
2019-07-05,36.42,37.55,35.61,37.32,2121442300.0
2019-07-08,36.77,37.1,36.06,36.44,1668587000.0
2019-07-09,36.35,36.53,35.41,35.89,1374182500.0
2019-07-10,36.35,36.35,35.53,35.95,783260399.9999999
2019-07-11,36.07,37.32,35.97,36.44,1332480100.0
2019-07-12,36.5,37.2,36.23,36.83,1085347600.0
2019-07-15,36.56,37.35,35.73,36.72,1323497500.0
2019-07-16,36.85,36.9,35.16,35.57,1396638200.0
2019-07-17,35.38,35.52,34.57,34.77,1198886800.0
2019-07-18,34.55,34.97,34.07,34.74,937199700.0
2019-07-19,35.44,35.44,34.54,34.64,1100783200.0
2019-07-22,34.75,35.25,34.05,34.85,1013260100.0
2019-07-23,34.85,35.27,34.76,35.25,755836400.0
2019-07-24,35.64,35.95,35.35,35.43,950135800.0
2019-07-25,35.43,35.69,35.09,35.5,902112500.0
2019-07-26,35.15,35.65,35.07,35.48,688512800.0
2019-07-29,35.69,36.43,35.46,36.06,1226826300.0
2019-07-30,36.33,37.43,36.3,37.25,1921787800.0
2019-07-31,37.18,37.71,36.61,36.75,1089621500.0
2019-08-01,36.44,37.03,35.2,35.65,1301037100.0
2019-08-02,33.55,35.05,33.1,34.8,1781518200.0
2019-08-05,33.68,34.7,33.57,33.65,1491986500.0
2019-08-06,32.66,33.63,31.37,33.56,1729709500.0
2019-08-07,33.81,33.93,33.08,33.08,747701400.0
2019-08-08,33.28,34.05,33.25,33.85,681638800.0
2019-08-09,34.15,34.4,33.06,33.27,772372700.0
2019-08-12,33.05,33.73,32.56,33.3,991191200.0
2019-08-13,33.1,33.71,32.1,32.37,1336555000.0
2019-08-14,33.14,33.25,32.11,32.22,1128730700.0
2019-08-15,31.35,32.16,30.66,32.01,1327724300.0
2019-08-16,32.05,32.7,31.64,32.37,1016999299.9999999
2019-08-19,32.85,33.8,32.6,33.62,1188231900.0
2019-08-20,33.62,33.92,33.23,33.51,777716900.0
2019-08-21,33.25,34.1,33.07,33.74,1085459200.0
2019-08-22,33.95,34.38,33.42,33.88,979992700.0
2019-08-23,34.2,34.7,33.73,34.3,1137619100.0
2019-08-26,33.24,33.56,32.68,33.09,1408348100.0
2019-08-27,33.55,34.44,33.36,34.1,1413827300.0
2019-08-28,34.07,34.5,33.7,34.27,1116742200.0
2019-08-29,34.2,34.55,33.65,33.98,1082409100.0
2019-08-30,34.65,35.45,34.15,34.83,1466006900.0
2019-09-02,35.75,36.8,35.56,36.28,2799660600.0
2019-09-03,36.83,37.04,36.13,36.36,1673365700.0
2019-09-04,36.3,36.83,35.65,36.5,1719758500.0
2019-09-05,36.93,37.02,35.88,35.95,1646454700.0
2019-09-06,36.15,36.43,35.52,36.26,1342155900.0
2019-09-09,36.74,36.94,35.87,36.16,1580083900.0000002
2019-09-10,36.05,36.13,35.25,35.89,1262801300.0
2019-09-11,36.05,36.45,35.2,35.45,1050689299.9999999
2019-09-12,35.93,36.35,35.57,36.15,1150492100.0
2019-09-16,36.45,36.46,35.4,35.52,1271437000.0
2019-09-17,35.3,35.51,34.79,35.05,1096214800.0
2019-09-18,35.32,35.32,34.62,34.76,1189760000.0
2019-09-19,35.14,35.49,34.63,34.89,1084251100.0
2019-09-20,35.17,35.25,34.15,34.75,1449282900.0
2019-09-23,34.69,34.69,33.74,34.13,1074655300.0
2019-09-24,34.09,34.5,33.61,34.12,1079858800.0
2019-09-25,34.05,34.05,33.06,33.13,1500046400.0000002
2019-09-26,33.24,33.52,32.55,33.05,1253262500.0
2019-09-27,33.05,33.44,32.71,33.37,1020461799.9999999
2019-09-30,33.15,33.83,32.96,33.15,840760100.0
2019-10-08,33.45,34.86,33.3,34.7,2205801900.0
2019-10-09,34.29,34.7,33.96,34.55,984741100.0
2019-10-10,34.53,34.53,33.82,34.23,891734299.9999999
2019-10-11,34.48,35.1,34.16,34.97,1149133800.0
2019-10-14,35.38,35.87,35.15,35.5,1417849100.0
2019-10-15,35.8,35.99,35.22,35.52,898589100.0
2019-10-16,35.82,36.25,35.51,35.71,1110490900.0
2019-10-17,36.08,36.08,35.01,35.27,984183000.0
2019-10-18,35.62,36.02,34.5,34.7,963901700.0
2019-10-21,34.75,35.7,34.75,35.53,968542600.0
2019-10-22,35.83,36.21,35.55,35.99,1009190399.9999999
2019-10-23,35.63,36.15,35.55,35.78,705748700.0
2019-10-24,35.89,35.95,35.31,35.8,746186400.0
2019-10-25,36.03,36.03,34.83,35.85,975561700.0
2019-10-28,36.05,36.17,35.42,35.64,1040512000.0
2019-10-29,36.0,36.52,35.75,36.05,1240223700.0
2019-10-30,35.73,36.05,35.11,35.52,856636600.0
2019-10-31,37.05,38.04,36.59,37.55,3468759400.0
2019-11-01,37.85,41.55,37.65,40.94,4327653000.0
2019-11-04,41.6,42.05,40.76,41.19,2278842500.0
2019-11-05,41.54,42.13,40.83,41.44,2049225100.0
2019-11-06,41.82,42.35,41.32,41.89,1579236900.0
2019-11-07,41.75,41.75,40.84,41.55,1203867500.0
2019-11-08,42.83,42.85,41.38,41.67,1862039100.0
2019-11-11,40.7,40.76,39.05,39.25,2504319000.0
2019-11-12,38.75,39.15,37.8,38.14,2034644300.0
2019-11-13,38.93,38.96,38.16,38.6,1292170200.0
2019-11-14,38.93,39.03,37.66,38.64,1184487500.0
2019-11-15,38.77,39.05,38.41,38.6,804717000.0
2019-11-18,38.6,39.03,37.85,38.74,1013839200.0
2019-11-19,38.63,40.03,38.45,39.88,1454112700.0
2019-11-20,40.05,40.06,39.16,39.2,803578200.0000001
2019-11-21,39.05,39.3,37.8,38.25,1116276000.0
2019-11-22,38.52,39.25,37.51,37.78,1163712900.0
2019-11-25,37.78,38.59,37.07,38.58,1007833400.0
2019-11-26,39.35,39.4,38.19,38.61,1064900800.0
2019-11-27,37.48,37.64,36.72,37.18,1601368299.9999998
2019-11-28,37.79,37.79,36.81,37.22,1119845400.0
2019-11-29,37.16,37.19,35.73,36.35,1378994000.0
2019-12-02,36.63,37.14,36.37,36.8,991131400.0
2019-12-03,36.81,37.08,36.14,36.58,1136020600.0
2019-12-04,36.34,37.44,36.05,37.41,1504232900.0
2019-12-05,37.9,37.92,37.16,37.58,1136835400.0
2019-12-06,37.69,38.79,37.58,38.25,1335781000.0
2019-12-09,38.65,39.55,38.23,38.86,1185262400.0
2019-12-10,38.77,39.93,38.75,39.7,1192082700.0
2019-12-11,39.72,39.83,38.85,39.11,798133100.0
2019-12-12,39.58,39.72,38.85,38.97,725815000.0
2019-12-13,40.05,40.55,39.62,40.45,1654545900.0
2019-12-16,40.15,40.38,39.85,40.16,1256913300.0
2019-12-17,40.16,41.0,39.79,40.55,1493694000.0
2019-12-18,40.85,41.35,39.96,40.25,1385586200.0
2019-12-19,40.05,40.55,39.91,40.13,783172000.0
2019-12-20,40.4,40.65,39.85,39.85,1055026100.0
2019-12-23,40.37,40.37,39.03,39.32,1385004800.0
2019-12-24,39.34,39.55,38.83,39.13,987672100.0000001
2019-12-25,39.25,39.8,39.05,39.25,930232500.0
2019-12-26,39.45,39.78,39.21,39.65,819037100.0000001
2019-12-27,39.85,40.18,39.21,39.25,1046161400.0
2019-12-30,39.05,40.65,38.7,40.28,1375567200.0
2019-12-31,40.22,40.45,39.96,40.3,929450300.0
2020-01-02,40.71,41.94,40.46,41.8,2050141300.0
2020-01-03,41.95,42.01,40.23,40.31,1587220600.0
2020-01-06,39.85,40.25,38.05,39.25,1656276900.0
2020-01-07,39.45,40.26,39.25,40.1,1304633800.0
2020-01-08,39.56,41.03,39.42,40.33,1471083500.0
2020-01-09,40.85,41.78,40.55,41.5,1757281400.0000002
2020-01-10,42.02,42.54,41.5,42.04,1683152300.0
2020-01-13,42.55,42.71,41.55,42.16,1678723700.0
2020-01-14,42.55,42.85,41.77,41.93,976486500.0
2020-01-15,41.95,42.05,40.93,41.55,1272651600.0
2020-01-16,42.05,42.11,41.28,41.71,1192330900.0
2020-01-17,42.04,43.05,41.54,42.36,1312054700.0
2020-01-20,42.85,43.01,41.88,42.25,1217493000.0
2020-01-21,41.75,41.81,40.08,40.15,1617441900.0
2020-01-22,39.57,40.01,38.05,39.53,2335993200.0
2020-01-23,38.15,38.79,37.05,37.15,3313821000.0
2020-02-03,31.64,34.64,31.64,32.24,3565939400.0
2020-02-04,32.35,34.87,32.35,34.84,2097010000.0
2020-02-05,34.97,35.52,34.5,34.92,1848774200.0000002
2020-02-06,34.92,36.01,34.41,35.84,2086496000.0
2020-02-07,35.55,35.58,34.25,34.88,1811883000.0
2020-02-10,34.35,34.83,33.77,34.35,1804543400.0
2020-02-11,35.24,37.04,34.85,36.73,2684341200.0
2020-02-12,36.62,37.41,36.07,36.94,1284759500.0
2020-02-13,36.61,36.63,35.55,35.85,1723256900.0
2020-02-14,35.55,36.01,35.23,35.79,1125281600.0
2020-02-17,35.39,36.47,35.29,36.45,1751927700.0
2020-02-18,36.45,36.45,35.37,35.58,1783036900.0
2020-02-19,35.41,35.92,35.22,35.59,1270519700.0
2020-02-20,35.75,37.03,35.37,36.91,2013322200.0
2020-02-21,36.55,36.87,36.07,36.33,1616397400.0
2020-02-24,37.41,37.42,36.5,36.96,2243496100.0
2020-02-25,36.05,36.51,35.85,36.48,1706738500.0
2020-02-26,35.75,37.37,35.26,36.35,2107804600.0
2020-02-27,36.35,37.25,36.26,36.96,1563743500.0
2020-02-28,35.93,36.23,34.84,35.1,1788324800.0
2020-03-02,35.1,36.8,35.1,36.39,1725854600.0
2020-03-03,36.56,37.05,36.02,36.55,1441435100.0
2020-03-04,36.05,36.49,35.66,36.3,1290728800.0
2020-03-05,36.6,38.85,36.4,38.59,3214973000.0
2020-03-06,37.87,38.35,37.59,37.85,1565438000.0
2020-03-09,36.45,36.52,35.86,35.94,1925269100.0
2020-03-10,35.94,37.73,35.94,37.37,2061033000.0
2020-03-11,37.17,37.37,36.51,36.52,1053884400.0
2020-03-12,35.9,35.92,34.93,35.22,1833239600.0
2020-03-13,32.92,35.01,32.12,33.95,2323212200.0
2020-03-16,34.25,34.32,32.05,32.15,2019157800.0
2020-03-17,31.67,33.35,30.62,31.05,2365286600.0
2020-03-18,31.75,33.94,31.63,31.75,2974941599.9999995
2020-03-19,32.4,32.65,29.55,30.65,2708244400.0
2020-03-20,31.3,31.78,30.55,31.1,1803574200.0000002
2020-03-23,29.55,30.03,28.35,28.55,2237270200.0
2020-03-24,29.4,30.3,28.96,30.04,2000208200.0
2020-03-25,31.55,32.21,30.91,31.54,1934918500.0
2020-03-26,31.45,31.82,30.89,31.05,1145810000.0
2020-03-27,32.05,32.5,31.43,31.5,1296483200.0
2020-03-30,30.85,30.85,29.55,30.14,1778812500.0
2020-03-31,30.81,31.4,30.39,30.47,1098690200.0
2020-04-01,31.0,31.37,30.1,30.63,1141225400.0
2020-04-02,30.22,31.05,29.85,31.01,1135456600.0
2020-04-03,30.85,31.11,30.26,30.43,953656700.0
2020-04-07,31.26,31.45,30.75,31.02,1962977200.0
2020-04-08,30.65,30.78,30.11,30.29,1182191600.0
2020-04-09,30.57,30.6,30.16,30.35,828409200.0
2020-04-10,30.35,32.61,30.09,31.33,2043406900.0
2020-04-13,31.64,32.63,31.35,31.94,1555138900.0000002
2020-04-14,32.72,32.75,31.65,32.53,1550039700.0
2020-04-15,32.05,33.33,31.25,32.25,1989237100.0
2020-04-16,32.25,32.25,31.32,31.54,1385041900.0
2020-04-17,32.05,32.36,31.65,32.14,1761719100.0
2020-04-20,32.34,33.03,32.06,32.78,1058635900.0
2020-04-21,33.04,33.05,32.05,32.3,1056179800.0
2020-04-22,32.25,33.52,32.04,33.45,1056618300.0
2020-04-23,33.74,34.44,33.36,34.04,1408264500.0
2020-04-24,34.09,34.35,33.76,34.06,693211300.0
2020-04-27,33.32,34.29,32.9,33.55,1108515200.0
2020-04-28,33.55,33.99,32.8,33.84,1297098100.0
2020-04-29,33.45,34.82,33.2,34.3,1072765100.0
2020-04-30,35.35,36.21,35.35,35.8,1831860900.0
2020-05-06,35.05,36.25,34.75,36.25,1765766099.9999998
2020-05-07,36.24,36.5,35.89,36.05,1156808800.0
2020-05-08,36.53,38.53,36.28,38.38,2296022200.0
2020-05-11,38.64,40.55,38.47,38.96,2188821600.0
2020-05-12,39.55,40.43,39.08,40.05,1655218900.0000002
2020-05-13,39.65,40.05,38.96,39.8,1260866600.0
2020-05-14,39.8,40.35,39.56,40.05,1044096200.0
2020-05-15,40.05,40.15,38.92,39.0,1338687900.0
2020-05-18,39.55,40.25,38.68,39.54,1505218900.0000002
2020-05-19,40.45,41.25,40.05,40.81,1638536800.0
2020-05-20,40.58,41.15,40.57,41.08,1123661200.0
2020-05-21,41.6,41.69,40.41,40.77,876854200.0
2020-05-22,40.49,40.6,38.66,39.17,1493147000.0
2020-05-25,40.35,40.44,38.19,38.89,905625800.0
2020-05-26,39.35,40.3,38.82,40.05,1061005399.9999999
2020-05-27,40.3,41.43,39.94,40.3,1517718700.0
2020-05-28,41.22,41.42,39.88,40.2,1207715000.0
2020-05-29,40.04,41.3,40.04,41.07,1073961400.0
2020-06-01,41.35,42.53,41.35,42.47,1776563599.9999998
2020-06-02,43.3,43.3,42.19,42.34,1218477900.0
2020-06-03,42.79,43.01,41.55,41.97,1059003000.0
2020-06-04,42.49,43.54,42.35,42.49,827157600.0
2020-06-05,42.63,42.82,42.24,42.59,749286700.0
2020-06-08,43.04,45.2,42.67,43.8,2180630900.0
2020-06-09,44.19,45.07,43.92,44.3,1463794200.0000002
2020-06-10,44.72,44.85,43.82,43.96,1153412200.0
2020-06-11,43.99,44.25,42.74,43.3,1204181900.0
2020-06-12,42.34,43.64,42.14,43.62,1097620800.0
2020-06-15,42.73,43.07,41.64,41.64,1872474000.0
2020-06-16,42.33,42.94,42.23,42.64,1077626700.0
2020-06-17,42.45,42.52,41.29,41.54,1285597200.0
2020-06-18,41.49,41.63,40.8,41.49,1537168000.0
2020-06-19,41.49,43.62,41.49,43.41,1923447900.0
2020-06-22,43.24,43.59,42.56,42.73,1306914600.0
2020-06-23,42.5,43.1,42.12,42.64,1068928500.0
2020-06-24,42.84,43.82,42.73,43.34,1194505200.0
2020-06-29,43.34,43.64,42.35,43.59,1557837600.0
2020-06-30,43.64,44.64,43.14,43.43,1577689200.0000002
2020-07-01,43.34,46.13,42.56,46.08,2719438600.0
2020-07-02,45.45,47.06,45.25,46.59,2715825400.0
2020-07-03,46.74,47.59,45.47,46.03,2137708200.0
2020-07-06,46.45,48.63,46.15,47.67,3811821900.0
2020-07-07,47.78,51.19,47.74,48.02,3224341200.0
2020-07-08,47.94,48.94,46.9,47.62,1818108299.9999998
2020-07-09,47.64,48.64,46.64,48.62,1993727700.0
2020-07-10,48.14,48.16,46.84,47.04,1741014700.0
2020-07-13,46.56,47.74,46.48,46.89,2186339100.0
2020-07-14,47.5,47.51,44.83,45.48,2377225500.0
2020-07-15,45.53,47.64,45.49,46.62,2750957900.0
2020-07-16,46.64,48.13,44.73,44.78,2326871200.0
2020-07-17,44.44,48.06,44.36,47.54,2269485700.0
2020-07-20,47.54,51.32,46.92,51.02,3970335100.0
2020-07-21,50.64,51.56,49.71,50.99,2206459200.0
2020-07-22,50.44,51.62,49.95,50.99,2045490799.9999998
2020-07-23,50.14,54.11,50.0,53.83,3361999500.0
2020-07-24,52.81,53.79,49.64,50.14,2781427900.0
2020-07-27,51.25,51.44,48.44,50.82,1806012300.0
2020-07-28,50.82,52.18,50.26,50.75,1580820600.0
2020-07-29,50.99,55.64,50.99,55.27,3268094900.0
2020-07-30,55.24,55.94,53.89,54.61,1385613200.0
2020-07-31,54.22,57.39,53.71,55.39,2117686400.0000002
2020-08-03,55.64,58.38,55.45,56.13,2510509100.0
2020-08-04,55.64,55.92,53.97,55.69,2081709100.0
2020-08-05,54.64,56.04,54.44,55.04,1362330000.0
2020-08-06,54.64,55.44,53.68,54.24,1545541000.0
2020-08-07,54.02,54.75,52.49,54.19,1782876099.9999998
2020-08-10,53.84,56.04,52.94,55.64,1710556600.0
2020-08-11,55.79,57.13,54.82,54.94,1492137500.0
2020-08-12,54.3,55.25,52.81,53.3,2027499300.0
2020-08-13,53.45,54.72,53.42,53.65,917532100.0000001
2020-08-14,53.64,55.71,53.37,55.68,1148282700.0
2020-08-17,56.04,57.44,55.04,55.77,1785517700.0
2020-08-18,55.78,56.38,54.7,55.44,1382264200.0000002
2020-08-19,55.34,55.94,53.64,53.76,1791352700.0
2020-08-20,53.44,53.73,52.29,52.68,1513934300.0
2020-08-21,52.79,53.52,52.49,53.02,876813900.0
2020-08-24,52.94,54.03,52.8,54.01,1215646600.0
2020-08-25,53.99,54.04,53.18,53.62,1254921600.0
2020-08-26,53.62,55.04,52.29,52.93,1661357500.0
2020-08-27,52.94,53.49,50.73,51.63,2327750700.0
2020-08-28,51.04,54.16,50.74,53.92,2228514500.0
2020-08-31,54.67,57.13,54.17,54.18,1852443299.9999998
2020-09-01,54.2,55.86,54.19,55.34,1468837500.0
2020-09-02,55.64,56.13,54.02,54.57,1304982300.0
2020-09-03,54.64,56.62,54.36,54.57,2340687100.0
2020-09-04,53.14,53.52,51.84,52.43,2474691300.0
2020-09-07,51.74,52.31,50.13,50.34,2971282400.0
2020-09-08,50.34,50.64,49.28,50.52,1747654400.0
2020-09-09,49.64,50.22,48.37,48.5,1861646800.0
2020-09-10,49.15,49.85,48.55,49.54,1381763400.0
2020-09-11,49.14,50.44,48.22,49.82,1421650000.0
2020-09-14,49.92,51.89,49.84,51.64,1469293500.0
2020-09-15,52.16,54.41,52.1,54.06,2033590900.0
2020-09-16,53.93,55.62,52.84,53.3,2060063599.9999998
2020-09-17,53.44,54.64,52.95,54.24,1932446400.0000002
2020-09-18,54.76,54.97,53.68,53.92,1538451500.0
2020-09-21,53.89,54.8,53.05,53.67,1164163900.0
2020-09-22,53.14,54.2,53.1,53.53,978793400.0
2020-09-23,53.65,55.0,53.12,54.71,1211864600.0
2020-09-24,54.2,54.59,53.31,54.1,1410207300.0
2020-09-25,54.29,55.41,53.72,53.94,855869299.9999999
2020-09-28,53.94,55.14,53.6,54.54,1235538600.0
2020-09-29,54.64,56.54,54.64,56.09,1692268599.9999998
2020-09-30,56.54,57.27,55.92,56.24,1618394600.0
2020-10-09,56.7,57.8,56.65,57.03,1853607100.0
2020-10-12,56.24,57.62,55.94,57.62,1930035600.0
2020-10-13,57.62,59.59,57.08,59.53,1920061000.0
2020-10-14,58.74,60.11,58.44,58.89,1478023700.0
2020-10-15,58.67,60.6,58.42,59.74,1462783200.0
2020-10-16,59.34,60.02,58.34,58.44,1096650300.0
2020-10-19,58.46,60.79,58.15,58.64,1345916800.0
2020-10-20,58.15,60.62,58.15,59.94,1175374800.0
2020-10-21,59.52,61.69,59.52,61.14,1651445100.0
2020-10-22,60.94,62.2,59.84,62.04,1213225300.0
2020-10-23,61.39,61.89,58.74,58.75,1388457500.0
2020-10-26,58.62,60.44,57.24,60.3,1253614100.0
2020-10-27,59.74,60.43,59.03,59.35,1194229500.0
2020-10-28,59.4,61.14,59.27,60.35,1439052200.0
2020-10-29,59.64,65.53,59.44,64.82,3012418000.0
2020-10-30,65.69,66.14,61.19,61.51,2596624800.0
2020-11-02,62.65,68.64,62.64,67.04,4312907500.0
2020-11-03,67.05,67.09,64.54,66.19,2886059099.9999995
2020-11-04,66.24,70.52,65.84,69.3,3330212500.0
2020-11-05,69.69,72.14,68.68,69.75,3083809600.0
2020-11-06,69.77,74.94,68.77,73.78,4177205900.0000005
2020-11-09,74.1,78.1,73.07,74.36,4296715700.0
2020-11-10,73.34,73.36,70.15,73.3,3113825100.0
2020-11-11,71.84,73.41,70.32,71.74,3021631400.0
2020-11-12,74.14,74.43,71.87,74.24,2536913900.0
2020-11-13,73.94,74.2,72.43,74.16,1936924400.0
2020-11-16,75.14,75.44,70.7,73.0,3320826100.0
2020-11-17,73.44,75.14,73.01,73.56,2613751000.0
2020-11-18,73.68,75.19,71.79,72.93,2060518100.0
2020-11-19,73.64,78.96,73.15,77.64,3844141200.0
2020-11-20,77.77,78.43,75.1,75.23,4276105400.0
2020-11-23,74.14,77.32,73.06,77.11,4209477900.0
2020-11-24,77.06,77.09,72.65,74.29,3622773300.0
2020-11-25,74.29,75.03,72.49,73.2,2615178200.0
2020-11-26,72.64,73.2,69.65,70.66,4132461400.0
2020-11-27,71.1,72.5,70.18,71.44,2020721700.0000002
2020-11-30,70.95,72.14,69.9,70.49,2612282300.0
2020-12-01,69.89,71.64,69.89,71.56,2071082000.0
2020-12-02,72.64,74.23,72.18,73.55,3286902400.0
2020-12-03,73.43,73.72,71.85,73.24,2276665600.0
2020-12-04,72.46,72.7,70.81,72.0,2876036700.0
2020-12-07,72.52,72.64,71.16,71.7,1786091200.0
2020-12-08,71.16,71.77,69.09,70.34,3164772000.0
2020-12-09,69.65,70.26,67.14,67.2,3893407700.0
2020-12-10,67.14,69.09,67.14,68.74,2144184300.0
2020-12-11,69.54,69.54,67.05,67.64,1901114000.0
2020-12-14,69.52,69.64,66.97,68.08,2213586000.0
2020-12-15,68.56,70.04,67.04,69.37,2794791700.0
2020-12-16,69.75,72.71,69.57,71.74,3638872800.0000005
2020-12-17,72.34,74.42,72.09,73.31,2841398000.0
2020-12-18,72.75,73.63,71.96,72.94,2446471100.0
2020-12-21,73.36,73.36,70.68,72.45,2499704900.0
2020-12-22,71.97,74.42,71.06,73.39,2775989200.0
2020-12-23,73.62,77.14,73.17,75.64,3606420400.0
2020-12-24,75.64,76.53,74.19,76.53,1823517300.0
2020-12-25,76.31,77.86,75.14,77.22,2025214100.0
2020-12-28,77.12,80.99,77.05,79.44,3781019600.0
2020-12-29,79.4,79.43,77.4,78.83,2053512100.0
2020-12-30,79.14,80.24,77.85,79.62,2212516100.0
2020-12-31,79.64,82.62,79.62,82.08,2633031800.0
2021-01-04,82.54,85.59,81.67,82.65,3379358300.0
2021-01-05,81.71,85.58,80.64,85.18,3515823400.0000005
2021-01-06,86.64,88.44,83.29,84.6,3662399200.0
2021-01-07,85.64,89.31,84.84,88.46,4687111400.0
2021-01-08,87.64,88.34,84.89,86.65,3409516300.0
2021-01-11,86.84,87.97,83.64,84.64,3506431400.0
2021-01-12,83.95,87.92,83.95,87.74,3670971700.0
2021-01-13,88.64,89.35,85.68,86.98,3560584699.9999995
2021-01-14,87.24,88.03,83.03,83.24,3780641300.0
2021-01-15,82.67,83.81,80.42,83.33,3524028300.0
2021-01-18,83.03,83.92,81.15,82.76,2849767500.0
2021-01-19,83.33,83.75,78.12,78.49,4087923600.0
2021-01-20,79.64,81.76,79.14,79.92,3113133900.0
2021-01-21,80.88,84.64,80.63,83.74,4074982800.0000005
2021-01-22,83.64,85.17,81.73,84.21,3069095100.0
2021-01-25,84.64,86.51,82.34,85.62,3802697800.0000005
2021-01-26,84.64,84.64,80.74,81.58,4006658000.0
2021-01-27,80.73,83.48,80.02,81.59,2781047199.9999995
2021-01-28,80.17,80.63,78.14,78.8,2959282900.0
2021-01-29,78.99,81.43,77.32,79.97,3576339200.0
2021-02-01,79.97,82.15,78.3,81.84,2784442700.0
2021-02-02,81.04,83.84,81.04,82.22,3125264000.0
2021-02-03,83.14,84.04,79.84,81.28,3178416800.0
2021-02-04,79.93,81.23,78.87,80.04,3514921400.0
2021-02-05,80.62,82.01,78.64,80.89,3600456000.0
2021-02-08,80.9,81.14,78.04,80.3,3614401900.0
2021-02-09,81.23,85.54,80.53,85.54,5347054500.0
2021-02-10,86.56,91.64,85.14,90.75,5641813900.0
2021-02-18,90.76,91.0,80.64,81.94,9433652300.0
2021-02-19,78.65,81.97,78.65,81.63,6722204900.0
2021-02-22,80.92,80.92,74.02,74.08,8324148700.0
2021-02-23,72.69,75.64,72.47,74.58,5494666700.0
2021-02-24,79.74,82.24,76.76,78.66,9587929000.0
2021-02-25,78.54,79.43,75.74,77.58,3934052800.0000005
2021-02-26,75.64,78.13,74.66,76.72,5569084600.0
2021-03-01,77.04,78.94,75.47,76.97,3475175700.0
2021-03-02,78.51,79.48,76.34,77.16,4469317500.0
2021-03-03,76.37,77.36,75.14,77.13,3072269099.9999995
2021-03-04,75.86,76.22,73.08,73.54,4041856200.0
2021-03-05,71.21,73.91,69.67,73.14,3626107500.0
2021-03-08,72.14,73.35,69.08,69.14,4260905000.0
2021-03-09,68.29,68.54,65.34,65.63,4741767500.0
2021-03-10,67.64,68.3,65.69,67.3,3942944000.0
2021-03-11,68.22,70.14,67.14,69.59,3495579099.9999995
2021-03-12,69.61,71.67,68.85,69.6,2806048400.0000005
2021-03-15,68.45,68.48,64.64,65.94,4035896100.0
2021-03-16,66.05,66.67,65.19,66.22,2877253700.0
2021-03-17,65.65,67.92,65.0,67.71,3081574500.0
2021-03-18,68.62,70.64,68.44,70.35,2986372300.0
2021-03-19,68.64,70.24,68.03,68.95,2610073900.0
2021-03-22,68.63,69.17,65.94,67.02,2620969400.0
2021-03-23,67.02,67.08,64.71,65.11,3027477700.0
2021-03-24,65.14,66.12,64.9,65.32,1923709300.0
2021-03-25,64.71,65.14,62.94,64.32,1990607900.0
2021-03-26,64.74,66.14,63.6,65.65,2533340700.0
2021-03-29,65.6,66.11,64.64,65.11,2406536500.0
2021-03-30,65.5,67.13,64.75,66.11,2898062100.0
2021-03-31,66.44,66.62,64.89,65.87,2245618500.0
2021-04-01,65.64,69.52,65.44,69.07,2987621100.0
2021-04-02,69.14,72.14,68.54,70.75,2546245000.0
2021-04-06,70.8,71.34,67.64,68.02,2190978600.0
2021-04-07,68.02,68.13,65.52,66.36,2467818300.0
2021-04-08,66.15,66.56,65.59,66.32,1502129000.0
2021-04-09,66.62,66.62,63.88,64.09,2610503400.0
2021-04-12,63.94,64.9,62.64,62.94,2012933400.0
2021-04-13,62.59,63.46,61.76,62.33,1686748599.9999998
2021-04-14,62.61,64.27,62.53,63.77,1685738000.0
2021-04-15,63.77,64.64,62.6,63.92,1393503599.9999998
2021-04-16,63.94,64.24,62.54,63.54,1222574500.0
2021-04-19,63.64,65.75,62.64,65.31,2175802600.0
2021-04-20,64.72,65.14,63.67,64.62,1866628000.0
2021-04-21,63.64,64.14,63.14,63.24,2010416400.0000002
2021-04-22,63.26,63.93,62.65,63.89,1841507600.0
2021-04-23,64.06,67.64,63.9,67.5,3741273500.0
2021-04-26,67.88,68.64,63.55,63.67,3424838100.0
2021-04-27,63.61,65.27,62.84,64.36,1531692800.0
2021-04-28,64.64,65.34,63.72,65.19,1452688900.0000002
2021-04-29,65.7,67.89,65.51,67.07,2474034000.0
2021-04-30,68.34,68.34,63.44,63.81,4702118100.0
2021-05-06,61.95,63.41,61.13,61.2,3841342500.0
2021-05-07,61.04,61.19,58.64,58.72,3308412800.0000005
2021-05-10,59.47,62.84,59.47,61.64,4265793300.0
2021-05-11,60.8,62.64,60.23,61.98,2127125400.0
2021-05-12,62.54,62.54,60.09,60.91,2106351400.0000002
2021-05-13,59.76,60.14,58.64,58.79,2482149400.0
2021-05-14,58.94,60.21,57.26,60.08,2297770100.0
2021-05-17,60.64,62.99,60.52,62.04,3276115000.0
2021-05-18,63.44,63.64,60.84,61.48,2106345400.0
2021-05-19,60.69,61.4,60.14,60.97,1736145799.9999998
2021-05-20,62.64,64.5,61.21,64.34,5884598400.0
2021-05-21,64.74,66.74,64.51,65.19,4119755000.0
2021-05-24,66.27,66.64,64.59,65.84,2956298700.0
2021-05-25,66.61,67.84,65.98,66.92,3478155200.0
2021-05-26,67.54,68.63,66.09,67.97,3021930600.0
2021-05-27,68.63,68.67,67.07,67.54,2486863200.0
2021-05-28,66.92,66.93,65.64,66.17,3196831599.9999995
2021-05-31,66.34,66.34,63.38,64.64,4208270600.0
2021-06-01,64.55,64.55,62.96,63.81,3776569500.0
2021-06-02,64.61,64.71,63.71,64.71,2706286200.0
2021-06-03,64.71,65.05,62.69,63.14,3262957900.0
2021-06-04,62.62,63.71,61.74,62.94,2194931000.0
2021-06-07,62.96,62.98,61.36,61.99,2124176500.0
2021-06-08,62.11,62.51,60.84,61.23,2446270900.0
2021-06-09,61.48,61.83,60.41,60.8,1900479900.0
2021-06-10,60.91,61.15,60.11,60.61,2419455700.0
2021-06-11,60.61,60.81,58.72,59.21,3444045500.0
2021-06-15,59.08,59.71,57.21,58.45,3245305100.0
2021-06-16,59.11,60.47,58.41,60.21,3359892700.0
2021-06-17,60.41,60.54,58.51,58.67,2214198300.0
2021-06-18,58.54,59.42,57.37,59.01,2831313000.0
2021-06-21,59.03,59.04,56.38,57.21,3450150400.0
2021-06-22,57.11,58.09,56.09,56.49,2942649300.0
2021-06-23,56.42,58.5,55.91,58.38,3139531900.0
2021-06-24,59.71,59.71,57.92,58.41,2103271900.0
2021-06-25,58.78,58.99,57.79,58.38,3019079400.0
2021-06-28,58.39,59.11,57.71,58.42,2240502700.0
2021-06-29,58.99,59.01,56.45,56.67,2518377800.0
2021-06-30,56.31,57.11,56.06,56.58,2022265600.0
2021-07-01,56.51,58.6,55.77,58.45,3221962199.9999995
2021-07-02,57.84,57.96,55.87,56.31,2873257100.0
2021-07-05,55.49,55.58,51.99,53.41,5309270100.0
2021-07-06,52.87,54.56,52.02,53.82,2802133700.0
2021-07-07,54.16,57.16,53.82,55.6,3961974000.0
2021-07-08,55.21,56.0,54.07,55.21,2508845300.0
2021-07-09,54.76,55.79,53.92,54.41,2016604900.0
2021-07-12,54.85,56.71,54.13,55.91,2860148800.0
2021-07-13,55.99,58.54,55.79,58.01,3430086400.0
2021-07-14,57.66,58.01,56.77,57.21,2405155800.0
2021-07-15,57.21,57.56,55.82,56.38,2276242700.0
2021-07-16,56.51,56.51,54.01,54.91,3180537700.0
2021-07-19,55.0,55.51,53.81,55.35,2124892100.0
2021-07-20,54.87,55.43,54.22,54.82,1603201099.9999998
2021-07-21,54.93,55.13,53.02,53.2,3525935800.0
2021-07-22,53.2,55.1,52.19,53.51,2952043800.0
2021-07-23,53.51,54.09,51.72,52.17,2851914800.0
2021-07-26,50.79,51.28,49.08,49.89,3709400700.0
2021-07-27,49.88,50.19,46.61,46.61,3893777300.0
2021-07-28,46.61,49.01,46.32,48.49,2994650500.0
2021-07-29,49.71,49.71,47.84,48.51,2485962600.0
2021-07-30,48.3,49.29,47.17,48.72,2648624000.0
2021-08-02,48.71,51.87,47.79,51.29,3553099500.0
2021-08-03,50.71,57.47,50.39,56.13,6224743100.000001
2021-08-04,55.61,56.89,54.94,55.2,3000695800.0
2021-08-05,54.66,56.82,54.3,55.11,3201066000.0
2021-08-06,55.21,56.26,53.26,55.56,2410494000.0
2021-08-09,54.81,58.71,54.58,57.68,3711851400.0
2021-08-10,57.31,58.06,56.04,58.06,2326129700.0
2021-08-11,57.55,58.76,57.08,57.14,2073013800.0
2021-08-12,56.71,57.68,55.81,56.13,2176736600.0
2021-08-13,56.13,57.19,55.01,56.82,2153012700.0
2021-08-16,56.82,60.66,56.66,60.2,4925830200.0
2021-08-17,60.19,60.71,58.32,58.61,3078533200.0
2021-08-18,58.6,60.21,57.91,59.71,2419424700.0
2021-08-19,60.17,60.49,57.08,57.15,2403024400.0
2021-08-20,56.2,57.7,55.0,57.21,2143875700.0
2021-08-23,56.91,57.76,55.34,55.82,1715543000.0
2021-08-24,55.41,56.36,53.39,55.71,2700934800.0
2021-08-25,55.31,55.91,54.21,54.36,1761336900.0
2021-08-26,54.35,54.86,52.72,53.14,2082846700.0000002
2021-08-27,53.14,54.19,52.59,53.01,1670326400.0000002
2021-08-30,53.16,53.32,50.52,51.19,2990768900.0
2021-08-31,51.11,53.1,50.47,51.21,2120020200.0
2021-09-01,51.72,55.06,50.39,54.36,3688604099.9999995
2021-09-02,54.79,54.79,53.06,54.4,2930294699.9999995
2021-09-03,54.18,55.34,53.41,55.25,1995822400.0
2021-09-06,55.33,58.45,55.32,57.33,2853866000.0
2021-09-07,57.91,59.14,57.02,58.23,2852011300.0
2021-09-08,58.21,58.86,57.42,57.93,1945966099.9999998
2021-09-09,57.93,58.56,56.44,57.23,1611240100.0
2021-09-10,57.23,58.21,56.31,57.61,1520883800.0
2021-09-13,57.53,57.9,55.94,56.19,1519720200.0
2021-09-14,56.21,56.61,53.42,53.64,2132022300.0
2021-09-15,53.22,53.63,51.01,51.73,2652852000.0
2021-09-16,51.73,52.39,51.01,51.16,1952956800.0
2021-09-17,51.57,53.49,51.3,53.47,1757915200.0
2021-09-22,52.21,52.51,51.09,51.29,1589166500.0
2021-09-23,51.97,52.31,51.21,52.0,1327533700.0
2021-09-24,51.71,53.41,51.3,52.41,1841748599.9999998
2021-09-27,52.4,55.6,51.98,53.91,2292141600.0
2021-09-28,53.28,55.71,52.52,55.48,2424146000.0
2021-09-29,55.16,56.11,54.49,55.48,2075477400.0
2021-09-30,55.48,56.34,54.71,54.81,1537243000.0
2021-10-08,55.41,57.79,54.96,57.71,2987690500.0
2021-10-11,57.91,58.31,56.29,56.29,1683573299.9999998
2021-10-12,56.32,57.79,55.29,56.83,1548732700.0
2021-10-13,57.21,57.43,55.46,56.21,1139319600.0
2021-10-14,56.24,56.83,54.86,55.34,1143450700.0
2021-10-15,56.21,56.99,55.57,56.21,1447693599.9999998
2021-10-18,56.21,56.21,54.21,54.83,1524555400.0
2021-10-19,54.52,55.67,54.26,55.09,1265164900.0
2021-10-20,55.21,55.71,53.23,53.28,2074541300.0
2021-10-21,53.49,55.0,53.25,54.89,1416973700.0
2021-10-22,55.18,60.21,55.16,59.71,6030294100.0
2021-10-25,59.2,59.51,56.81,57.61,3124400500.0
2021-10-26,56.96,57.19,55.23,55.23,2798221900.0
2021-10-27,54.27,54.66,52.21,52.21,4597497900.0
2021-10-28,51.71,53.56,51.25,53.33,1876958700.0
2021-10-29,52.64,54.71,52.51,53.98,1933712600.0
2021-11-01,56.48,59.13,55.86,58.02,5437920500.0
2021-11-02,58.02,58.6,55.59,56.02,2430850400.0
2021-11-03,55.24,56.71,54.53,54.53,1550205600.0
2021-11-04,55.21,56.45,54.7,55.93,1667235000.0
2021-11-05,55.52,57.02,55.0,55.96,1321929400.0
2021-11-08,55.84,56.17,55.01,55.65,1051452000.0
2021-11-09,55.56,55.56,53.58,54.21,1571550500.0
2021-11-10,53.9,55.01,53.23,54.79,1632341300.0
2021-11-11,54.4,57.57,54.11,57.25,2604623000.0
2021-11-12,57.09,59.09,56.81,57.38,1929374900.0
2021-11-15,57.21,58.21,56.71,57.69,1553116099.9999998
2021-11-16,58.21,58.71,57.6,57.94,1540309600.0
2021-11-17,57.46,58.41,56.73,57.32,1039576300.0
2021-11-18,57.04,57.05,55.19,55.43,1370784000.0
2021-11-19,55.43,55.71,54.52,55.21,1750975600.0
2021-11-22,54.94,55.49,54.71,55.16,1602179700.0
2021-11-23,55.15,55.15,54.23,54.68,1554230500.0
2021-11-24,55.36,55.58,54.23,55.36,1761908000.0
2021-11-25,55.21,55.21,54.29,54.35,1254877500.0
2021-11-26,54.21,54.66,53.79,54.02,969361300.0
2021-11-29,53.2,53.79,52.93,53.38,1361366099.9999998
2021-11-30,53.07,54.36,52.88,52.99,1332560700.0
2021-12-01,52.88,53.41,52.41,53.37,1220013300.0
2021-12-02,52.59,53.18,52.32,52.95,1169569300.0
2021-12-03,52.92,52.92,51.89,52.37,1455435300.0
2021-12-06,52.37,53.99,52.32,53.78,1927815500.0
2021-12-07,54.31,55.61,54.31,55.44,3221759600.0
2021-12-08,55.6,55.66,54.21,55.2,1705575400.0
2021-12-09,56.71,57.96,56.09,57.43,4231464699.9999995
2021-12-10,56.87,57.61,55.91,57.11,2133466200.0
2021-12-13,57.96,60.48,57.73,58.16,4021351599.9999995
2021-12-14,57.46,57.69,56.26,56.26,1813446500.0
2021-12-15,56.2,56.62,55.39,55.56,1169764100.0
2021-12-16,55.66,56.09,55.03,55.61,1077897200.0
2021-12-17,55.3,55.47,53.91,53.91,1419353400.0
2021-12-20,54.09,55.55,54.02,54.83,1440391900.0
2021-12-21,54.82,57.34,54.71,56.86,2268444000.0
2021-12-22,56.66,57.11,55.24,56.74,1595253299.9999998
2021-12-23,56.3,58.08,56.21,57.08,1412657000.0
2021-12-24,56.54,57.46,56.04,57.37,1174612500.0
2021-12-27,57.41,59.21,57.11,58.26,2020201800.0
2021-12-28,58.26,60.67,58.26,60.39,3839791500.0
2021-12-29,60.21,60.76,58.96,59.22,1603790700.0
2021-12-30,59.21,59.71,58.39,59.17,1615514300.0
2021-12-31,59.11,59.65,57.99,59.02,1593276800.0
2022-01-04,59.21,60.71,58.81,60.57,2323005400.0
2022-01-05,60.61,65.04,59.95,61.48,4743653600.0
2022-01-06,61.02,63.4,60.01,60.19,2599839600.0
2022-01-07,60.69,63.69,60.22,62.99,3393184300.0
2022-01-10,63.41,66.09,62.21,63.01,2760629600.0
2022-01-11,62.23,64.03,60.71,60.81,2592315700.0
2022-01-12,61.3,61.53,58.24,59.49,2852050500.0
2022-01-13,59.79,60.57,57.41,57.53,1957650600.0
2022-01-14,57.31,58.06,56.61,57.21,1516106900.0
2022-01-17,57.31,58.65,56.93,58.24,1481637500.0
2022-01-18,58.02,58.89,57.23,58.51,1554810600.0
2022-01-19,58.91,61.4,58.67,60.44,3035602700.0
2022-01-20,60.4,64.01,60.32,63.83,3941616599.9999995
2022-01-21,63.33,64.03,61.84,62.62,2345227600.0
2022-01-24,62.01,64.24,61.71,62.29,1307756700.0
2022-01-25,62.01,64.01,60.43,61.06,1938021200.0
2022-01-26,61.68,62.74,60.75,61.72,1376378700.0
2022-01-27,60.96,61.98,59.72,60.03,1951701400.0000002
2022-01-28,60.04,61.21,58.24,58.41,1996946200.0
2022-02-07,59.71,60.85,58.59,59.91,1582887100.0
2022-02-08,59.61,60.11,58.21,59.51,1858705300.0
2022-02-09,59.81,62.28,59.11,61.8,2329350900.0
2022-02-10,61.31,61.82,58.71,58.86,2986309600.0
2022-02-11,58.36,59.81,57.69,59.35,1943208599.9999998
2022-02-14,58.71,58.74,56.81,58.21,1443390300.0
2022-02-15,57.93,58.51,57.11,57.24,1639397300.0
2022-02-16,57.39,58.7,57.01,58.51,1380576800.0
2022-02-17,58.22,59.01,57.32,57.48,1288420200.0
2022-02-18,57.0,58.35,56.52,58.21,1114787700.0
2022-02-21,58.01,58.03,57.21,57.91,776053600.0
2022-02-22,57.31,57.36,54.46,55.38,2550080200.0
2022-02-23,55.26,55.85,54.91,55.69,1377756700.0000002
2022-02-24,54.73,54.97,52.67,53.51,2867573800.0
2022-02-25,53.96,54.16,53.02,53.33,1528873800.0
2022-02-28,52.71,52.83,50.71,51.93,3207726500.0
2022-03-01,51.82,53.6,50.89,53.54,2724504800.0
2022-03-02,52.71,52.71,51.41,52.13,1658320799.9999998
2022-03-03,52.46,52.46,51.16,51.88,1743964900.0
2022-03-04,51.16,51.54,50.3,50.81,2001514100.0
2022-03-07,49.79,49.79,47.25,47.72,2998946599.9999995
2022-03-08,47.11,48.21,44.91,44.97,3513393100.0
2022-03-09,44.49,45.22,41.82,44.73,3289964699.9999995
2022-03-10,46.42,46.6,43.33,44.08,2809518500.0
2022-03-11,43.51,44.88,42.54,44.59,2080976800.0
2022-03-14,43.23,44.3,41.9,41.9,1851362800.0
2022-03-15,41.41,42.44,39.49,39.61,2779415600.0
2022-03-16,41.41,42.52,39.46,42.2,2962039200.0
2022-03-17,44.65,44.89,42.82,43.91,3071637100.0
2022-03-18,43.91,44.22,42.86,44.11,2148265100.0
2022-03-21,44.24,44.76,43.21,43.66,1798629600.0
2022-03-22,43.31,44.15,43.23,43.79,1134303600.0
2022-03-23,43.94,44.07,43.14,43.21,1418166000.0
2022-03-24,42.71,43.03,42.32,42.79,1361843500.0
2022-03-25,42.8,43.13,41.26,41.3,1430819600.0
2022-03-28,41.08,41.37,40.01,41.01,1198968600.0
2022-03-29,41.32,41.44,39.67,39.86,1391082000.0
2022-03-30,40.2,42.21,40.16,42.21,1899860100.0
2022-03-31,42.11,42.41,41.43,42.21,1428403900.0000002
2022-04-01,41.71,44.45,41.02,43.81,2655473500.0
2022-04-06,43.26,44.39,43.11,43.62,1798592400.0
2022-04-07,42.86,44.33,42.82,42.91,1567999000.0
2022-04-08,42.91,43.13,42.05,42.54,1297780200.0
2022-04-11,42.66,42.68,40.48,40.57,1894585200.0
2022-04-12,40.95,42.71,40.5,42.65,1671057300.0
2022-04-13,42.19,42.66,41.64,41.78,1206396800.0
2022-04-14,42.23,44.29,42.23,43.93,2497101900.0
2022-04-15,43.53,44.51,43.37,43.86,1246877200.0
2022-04-18,43.71,43.71,42.74,42.78,893259000.0
2022-04-19,42.86,43.36,42.27,42.51,971057200.0
2022-04-20,42.96,44.1,42.21,42.77,1255101300.0
2022-04-21,42.31,43.2,40.81,41.24,1586256600.0
2022-04-22,40.81,42.73,39.89,42.18,1373768000.0
2022-04-25,41.76,42.7,40.24,40.28,1837475000.0
2022-04-26,40.28,40.68,36.72,37.0,3336916900.0
2022-04-27,35.94,38.56,35.71,38.31,1983750300.0
2022-04-28,38.71,38.91,37.28,38.49,1335819800.0
2022-04-29,39.21,42.5,38.49,42.3,3198610300.0000005
2022-05-05,43.26,44.59,43.06,43.91,2748594300.0
2022-05-06,42.81,43.71,42.6,43.41,1232140900.0
2022-05-09,42.46,42.73,40.98,41.57,1216418100.0
2022-05-10,40.44,42.1,40.21,41.81,1689113800.0
2022-05-11,41.69,42.71,41.21,41.89,2038556200.0
2022-05-12,41.79,41.79,40.49,40.95,1261668400.0
2022-05-13,41.73,42.38,41.41,42.22,1386786800.0
2022-05-16,42.73,43.96,40.76,41.41,1624257200.0
2022-05-17,41.21,42.71,40.91,42.6,1301041300.0
2022-05-18,42.71,42.88,41.13,41.84,1258738700.0
2022-05-19,41.0,41.4,40.54,41.03,1125169400.0
2022-05-20,41.11,42.33,40.57,42.11,1502431000.0
2022-05-23,41.56,41.71,39.3,39.52,3054327100.0
2022-05-24,39.27,39.9,38.76,39.0,1425290700.0
2022-05-25,38.71,39.01,38.21,38.61,1182899100.0
2022-05-26,38.61,39.29,37.01,39.03,2242918300.0
2022-05-27,39.64,40.0,38.22,38.33,1897823200.0
2022-05-30,38.36,39.01,38.22,38.61,1152606800.0
2022-05-31,38.7,39.69,38.31,39.69,1910341900.0
2022-06-01,39.51,39.98,39.06,39.48,1584914300.0
2022-06-02,39.64,39.66,38.96,39.44,1445923299.9999998
2022-06-06,39.46,39.81,38.46,39.67,1916117600.0
2022-06-07,39.38,40.01,38.98,39.88,1540591800.0
2022-06-08,39.89,40.68,39.41,39.87,1921801500.0
2022-06-09,39.73,40.03,39.07,39.26,1507869000.0
2022-06-10,38.99,39.22,38.63,39.13,1563195300.0
2022-06-13,38.68,38.73,37.54,37.94,2064281800.0
2022-06-14,37.18,38.44,37.0,38.31,1764306400.0000002
2022-06-15,38.0,41.88,38.0,41.32,4906858800.0
2022-06-16,41.35,41.81,40.37,40.71,1942251700.0000002
2022-06-17,39.91,42.29,39.4,41.64,2909185800.0
2022-06-20,42.04,44.43,42.04,43.94,4349794700.0
2022-06-21,43.98,45.27,43.53,44.17,3093973200.0
2022-06-22,44.15,44.15,42.88,42.88,1674082900.0
2022-06-23,42.84,43.35,42.18,42.87,1698132600.0
2022-06-24,42.87,45.83,42.64,44.68,4236370500.0
2022-06-27,45.18,46.96,45.18,45.98,3454900600.0
2022-06-28,46.48,46.48,45.33,45.98,1902451600.0
2022-06-29,46.36,47.52,46.09,46.15,2520771100.0
2022-06-30,46.24,47.54,45.88,47.27,2223920700.0
2022-07-01,47.07,47.07,45.04,45.67,1992141900.0
2022-07-04,44.42,46.94,44.42,46.85,1867732500.0
2022-07-05,46.63,48.37,45.78,46.42,1695670000.0
2022-07-06,46.93,47.91,45.55,46.16,1828885000.0
2022-07-07,45.9,46.68,45.38,45.58,1165987900.0
2022-07-08,46.0,46.0,44.78,45.46,1326085900.0
2022-07-11,45.14,46.08,44.6,45.78,1600533200.0
2022-07-12,45.93,47.76,45.93,46.98,2451083800.0
2022-07-13,46.96,47.13,44.91,45.18,2277523800.0
2022-07-14,45.88,46.07,42.73,43.08,3101127500.0
2022-07-15,42.68,43.46,42.03,42.08,1686983200.0
2022-07-18,42.08,42.76,40.88,42.17,1297826100.0
2022-07-19,41.98,42.54,41.64,41.91,1084831600.0
2022-07-20,42.35,43.23,41.98,42.31,1207951200.0
2022-07-21,42.38,42.78,41.68,41.77,902059299.9999999
2022-07-22,41.53,42.35,41.18,41.97,1022771000.0
2022-07-25,41.98,43.6,41.89,43.33,2023496099.9999998
2022-07-26,43.38,44.74,43.25,44.28,1507831200.0
2022-07-27,44.08,44.13,42.65,42.8,1372601200.0
2022-07-28,42.88,43.02,42.39,42.63,815071100.0
2022-07-29,42.83,43.08,41.66,41.86,1312270400.0
2022-08-01,42.13,42.18,40.96,41.49,1017042200.0
2022-08-02,40.96,40.98,39.78,40.48,1393045300.0
2022-08-03,40.09,40.89,38.96,39.13,1682530000.0
2022-08-04,39.28,39.65,38.98,39.38,709252600.0
2022-08-05,39.62,39.85,38.96,39.85,1039336000.0
2022-08-08,39.43,39.85,39.21,39.31,1144520100.0
2022-08-09,39.33,39.94,39.13,39.54,846230200.0
2022-08-10,39.51,39.51,38.65,38.71,847521300.0
2022-08-11,39.18,39.86,38.76,39.8,1206195900.0
2022-08-12,39.59,40.34,39.31,40.04,899862100.0000001
2022-08-15,40.05,40.48,39.4,39.68,969855800.0
2022-08-16,39.7,39.77,39.18,39.48,858701200.0
2022-08-17,39.54,40.76,38.99,40.31,1266823800.0
2022-08-18,39.98,40.13,39.29,39.5,742672200.0
2022-08-19,39.56,39.69,39.13,39.49,695288700.0
2022-08-22,39.34,40.43,39.17,39.92,1266026500.0
2022-08-23,39.83,39.98,38.88,39.0,1151798200.0
2022-08-24,38.98,39.06,38.19,38.27,1113905700.0
2022-08-25,38.27,39.29,37.85,39.11,1083006100.0
2022-08-26,39.36,39.54,38.77,39.11,837907700.0
2022-08-29,38.48,39.75,38.39,39.16,857943900.0
2022-08-30,39.37,40.09,38.96,39.18,1065091300.0
2022-08-31,38.98,40.53,38.97,40.12,2459353200.0
2022-09-01,40.11,42.38,40.11,41.99,3521209400.0
2022-09-02,41.99,41.99,40.05,40.53,1976289200.0000002
2022-09-05,39.98,40.88,39.76,40.68,1017336600.0
2022-09-06,40.69,41.09,40.28,40.34,953823600.0
2022-09-07,40.55,40.57,39.86,39.93,1116835900.0
2022-09-08,39.93,40.63,39.93,40.25,822398900.0
2022-09-09,40.25,42.51,40.14,42.32,2884912100.0
2022-09-13,42.32,43.78,41.95,43.37,1947119400.0
2022-09-14,42.38,43.13,42.28,42.81,1046314900.0
2022-09-15,42.77,44.08,42.57,43.22,1636891099.9999998
2022-09-16,42.87,42.98,41.78,42.0,1439024700.0
2022-09-19,41.55,42.32,41.0,41.86,1115777300.0
2022-09-20,41.73,41.98,40.18,40.4,1883992900.0
2022-09-21,41.31,41.34,39.22,39.73,1414578700.0
2022-09-22,39.62,39.63,38.17,38.38,2075058500.0
2022-09-23,37.99,38.77,37.88,38.22,899511400.0
2022-09-26,37.88,38.88,37.77,37.93,1055235700.0000001
2022-09-27,38.03,38.76,37.18,38.56,1268264700.0
2022-09-28,38.38,38.65,37.98,38.05,697308200.0000001
2022-09-29,38.35,38.64,37.18,37.38,1286757800.0
2022-09-30,37.01,37.45,36.19,36.19,1767860100.0
2022-10-10,36.19,36.87,35.34,35.58,1282724400.0
2022-10-11,35.57,35.73,34.88,35.25,1061344400.0
2022-10-12,34.93,35.18,33.88,35.15,1147459200.0
2022-10-13,34.87,34.88,33.89,33.94,1314811900.0
2022-10-14,34.13,35.13,33.98,34.87,1498957700.0
2022-10-17,34.59,34.73,34.18,34.55,1116822600.0
2022-10-18,34.86,35.03,34.21,34.32,1286487100.0
2022-10-19,34.24,34.24,32.05,32.1,2560635800.0
2022-10-20,31.68,32.16,30.74,31.26,1635034400.0
2022-10-21,31.27,31.66,30.65,30.88,1202555600.0
2022-10-24,30.58,31.2,29.18,29.27,1972598599.9999998
2022-10-25,29.68,29.83,28.86,28.9,1755695100.0
2022-10-26,29.08,30.09,29.04,29.34,1546847300.0
2022-10-27,29.58,29.88,29.18,29.46,965896200.0
2022-10-28,29.09,29.26,27.5,27.64,1664548599.9999998
2022-10-31,27.61,27.68,26.98,27.06,1396541400.0000002
2022-11-01,27.46,28.48,26.97,28.48,1965965700.0
2022-11-02,28.28,29.48,28.1,28.96,1594626000.0
2022-11-03,28.68,28.75,28.08,28.46,1197662700.0
2022-11-04,28.51,30.23,28.46,29.97,1955851200.0
2022-11-07,29.88,30.14,29.39,29.94,1424760600.0
2022-11-08,30.0,30.17,29.46,29.88,1312592100.0
2022-11-09,30.27,30.73,29.83,29.92,995215200.0
2022-11-10,29.63,29.86,29.41,29.85,954033800.0
2022-11-11,31.41,33.08,30.59,32.51,3734773500.0
2022-11-14,34.8,35.99,34.18,34.68,4791202400.0
2022-11-15,35.38,36.46,34.58,35.95,2501777000.0
2022-11-16,36.28,36.28,35.04,35.34,1264628000.0
2022-11-17,35.27,35.98,34.56,34.84,927024400.0
2022-11-18,35.24,35.42,34.56,34.85,772609900.0
2022-11-21,34.35,34.35,33.12,33.22,1604372700.0
2022-11-22,33.28,33.92,32.78,33.18,1092152100.0
2022-11-23,33.11,33.42,32.9,33.16,659509299.9999999
2022-11-24,33.63,34.08,32.66,32.79,987544000.0
2022-11-25,32.79,33.97,32.71,33.57,1150838900.0
2022-11-28,32.56,33.33,32.11,33.17,1036165200.0
2022-11-29,34.88,35.66,33.8,35.3,1868786000.0
2022-11-30,35.06,35.86,34.37,34.75,1310967700.0
2022-12-01,35.69,36.21,35.15,35.19,1344223500.0
2022-12-02,34.92,35.48,34.64,34.92,818020500.0
2022-12-05,35.37,36.88,35.28,36.58,1785930100.0
2022-12-06,36.57,37.54,35.9,36.88,1629245799.9999998
2022-12-07,36.88,38.56,36.38,38.13,2229128200.0
2022-12-08,38.23,39.36,37.72,38.63,2028801600.0
2022-12-09,38.84,41.21,38.69,41.18,3745342800.0000005
2022-12-12,40.58,41.85,40.18,41.31,2533376200.0
2022-12-13,41.09,41.28,40.53,40.83,1650838599.9999998
2022-12-14,40.33,41.94,40.33,41.77,1420701000.0
2022-12-15,41.78,42.68,40.13,40.51,1498675200.0
2022-12-16,40.16,41.03,39.65,40.88,1058833000.0
2022-12-19,40.88,41.26,40.16,40.56,864239600.0000001
2022-12-20,39.88,39.97,38.43,38.45,1417537700.0
2022-12-21,38.17,39.37,38.17,38.56,679673000.0
2022-12-22,38.82,40.16,38.65,39.08,1199123100.0
2022-12-23,38.86,40.03,38.31,39.26,860296600.0
2022-12-26,39.56,39.76,38.24,38.38,795665100.0
2022-12-27,38.67,39.91,38.29,39.82,911438700.0
2022-12-28,39.31,39.63,38.78,38.93,852152400.0
2022-12-29,38.5,39.07,37.9,38.61,619844900.0
2022-12-30,38.68,39.38,38.58,38.68,665300200.0
2023-01-03,38.88,39.11,38.11,38.76,846525399.9999999
2023-01-04,38.57,40.71,38.53,40.63,1390708599.9999998
2023-01-05,40.88,41.87,40.83,41.79,1608128800.0
2023-01-06,41.85,42.04,40.79,40.89,1058139200.0
2023-01-09,40.98,41.33,40.28,40.99,1101325500.0
2023-01-10,40.87,41.28,40.31,40.38,829875399.9999999
2023-01-11,40.33,42.06,40.28,41.38,1171606300.0
2023-01-12,41.18,41.88,40.89,41.65,797908700.0
2023-01-13,41.75,42.88,41.38,42.83,1471250799.9999998
2023-01-16,42.91,45.24,42.9,44.58,1899010900.0
2023-01-17,44.57,45.06,44.03,44.88,1087194800.0
2023-01-18,44.88,45.38,44.25,44.48,751785500.0
2023-01-19,44.34,44.43,43.58,44.26,1110365700.0
2023-01-20,44.34,44.72,43.84,43.96,621198700.0
2023-01-30,44.32,44.96,42.47,42.53,1445902200.0
2023-01-31,42.28,43.03,41.88,42.08,1290578200.0
2023-02-01,42.17,42.87,41.33,42.38,1474820000.0
2023-02-02,42.33,42.48,40.5,40.84,1990832600.0
2023-02-03,40.58,40.83,39.74,40.19,1109569900.0
2023-02-06,39.69,39.69,37.96,38.13,2172642000.0
2023-02-07,38.24,38.58,37.98,38.38,1075310700.0
2023-02-08,38.27,38.38,37.74,37.89,976761600.0
2023-02-09,37.68,38.61,37.37,38.41,1167989700.0
2023-02-10,38.23,38.63,38.17,38.5,720948200.0000001
2023-02-13,38.38,39.46,37.91,39.32,1588991500.0
2023-02-14,39.33,39.53,38.69,39.09,1116499100.0
2023-02-15,39.08,39.09,38.06,38.23,924114000.0
2023-02-16,37.98,38.63,37.68,38.16,1115558800.0
2023-02-17,37.93,38.38,37.9,38.26,811189200.0
2023-02-20,38.38,40.57,37.99,40.18,2019572900.0
2023-02-21,40.18,40.68,39.61,40.42,1369820900.0
2023-02-22,39.88,40.06,39.29,39.66,1208465900.0
2023-02-23,39.67,40.76,39.67,40.25,1283774500.0
2023-02-24,40.06,40.27,39.7,39.86,898514500.0
2023-02-27,39.48,39.86,38.74,39.28,888727899.9999999
2023-02-28,38.9,40.02,38.9,39.34,1019960500.0
2023-03-01,39.39,41.87,39.39,41.5,2350200000.0
2023-03-02,41.48,42.56,41.03,41.73,1408679900.0
2023-03-03,42.13,42.72,41.54,42.08,1090871900.0
2023-03-06,41.72,41.88,40.69,40.71,1403695300.0
2023-03-07,40.72,41.25,39.58,39.74,1041648700.0
2023-03-08,39.53,39.68,38.95,39.17,759112000.0
2023-03-09,39.17,40.13,39.15,39.58,688042500.0
2023-03-10,39.12,39.38,37.9,38.03,991798900.0
2023-03-13,37.89,39.12,37.88,38.94,1009855800.0
2023-03-14,38.6,38.79,37.58,38.03,844706500.0
2023-03-15,38.38,38.51,37.28,37.34,1067097800.0
2023-03-16,36.96,37.27,36.53,36.92,610120800.0
2023-03-17,37.38,38.06,36.94,37.21,1018389800.0
2023-03-20,37.06,38.01,36.98,37.32,826038600.0
2023-03-21,37.43,39.02,37.43,38.98,1191368500.0
2023-03-22,39.08,39.15,38.18,38.58,700825300.0
2023-03-23,38.36,38.88,38.27,38.7,641022800.0
2023-03-24,38.7,39.05,38.52,38.97,689957500.0
2023-03-27,38.97,39.34,38.58,38.73,663222000.0
2023-03-28,38.58,38.96,37.94,37.97,660858700.0
2023-03-29,38.26,38.45,37.98,38.28,656903300.0
2023-03-30,38.23,41.68,38.18,41.35,3061435500.0
2023-03-31,40.99,41.5,40.24,40.69,1500198900.0000002
2023-04-03,41.88,42.28,41.08,41.57,2056019800.0
2023-04-04,41.38,41.6,40.63,41.51,975597300.0
2023-04-06,41.3,41.88,40.63,40.9,827518300.0
2023-04-07,40.79,42.15,40.79,41.56,869954400.0
2023-04-10,41.28,41.94,40.89,41.64,853817600.0
2023-04-11,41.29,43.25,41.28,42.72,1815026800.0
2023-04-12,42.72,43.63,42.28,42.38,1251325800.0
2023-04-13,41.93,42.17,41.02,41.02,994810200.0
2023-04-14,41.06,41.53,40.71,40.82,771635300.0
2023-04-17,40.79,42.46,40.77,42.3,1444699500.0
2023-04-18,42.08,44.28,42.05,43.66,2197663200.0
2023-04-19,43.66,44.13,42.93,42.96,1084909600.0
2023-04-20,43.06,44.92,43.06,43.92,2114956900.0
2023-04-21,44.28,45.48,43.63,43.73,2311553700.0
2023-04-24,43.08,45.63,42.89,43.91,1960933700.0
2023-04-25,43.88,44.92,42.53,44.53,2450369700.0
2023-04-26,43.9,44.23,42.85,43.58,1357589700.0
2023-04-27,43.05,44.63,43.05,44.14,898336300.0
2023-04-28,44.13,44.23,43.09,43.66,891005800.0
2023-05-04,44.1,45.33,42.73,43.46,1525949900.0
2023-05-05,43.28,43.28,40.96,42.21,1879206700.0000002
2023-05-08,42.21,42.87,41.35,41.89,1151128800.0
2023-05-09,41.68,42.44,40.89,41.68,995439000.0
2023-05-10,41.38,42.88,40.76,42.28,965082200.0
2023-05-11,42.43,43.6,42.22,42.33,706492000.0
2023-05-12,42.21,44.37,42.19,42.7,935578500.0
2023-05-15,42.74,43.62,41.89,43.47,786957000.0
2023-05-16,43.47,44.12,41.99,42.23,760273900.0
2023-05-17,42.1,43.28,41.69,41.9,501402400.0
2023-05-18,42.03,42.3,41.43,41.88,609452700.0
2023-05-19,41.54,43.74,41.54,42.68,1140023100.0
2023-05-22,42.68,43.83,42.68,43.59,860397300.0
2023-05-23,43.57,43.83,42.76,42.83,878179000.0
2023-05-24,42.7,42.77,40.38,40.48,1447402700.0
2023-05-25,40.28,41.37,39.56,40.89,923732899.9999999
2023-05-26,40.89,41.33,40.36,41.14,602101000.0
2023-05-29,41.15,41.57,39.96,40.33,936727500.0
2023-05-30,40.33,40.54,38.67,39.21,1678415600.0
2023-05-31,39.47,39.58,37.98,38.21,1445385200.0
2023-06-01,38.35,39.13,37.86,38.22,1711949700.0
2023-06-02,39.33,41.43,39.32,41.13,2566107500.0
2023-06-05,41.84,43.48,40.92,43.27,2119332000.0
2023-06-06,43.27,44.64,42.38,43.54,1866611000.0
2023-06-07,44.83,45.1,43.82,44.58,2035955400.0
2023-06-08,45.03,46.44,44.53,46.22,2680031400.0
2023-06-09,46.83,47.09,45.1,45.44,2319633400.0
2023-06-12,45.45,47.15,45.03,46.68,2256003400.0
2023-06-13,46.59,47.1,45.59,45.94,1409611800.0
2023-06-14,46.56,47.31,45.95,46.41,2057761099.9999998
2023-06-15,46.59,47.91,46.34,47.33,1814552100.0
2023-06-16,47.73,48.32,46.73,47.68,1745695200.0
2023-06-19,47.33,47.47,46.03,46.14,1651975799.9999998
2023-06-20,46.25,48.25,46.13,46.91,1413907800.0
2023-06-21,47.33,48.93,46.73,47.61,2649838200.0
2023-06-26,49.16,49.28,47.13,47.47,1957482200.0
2023-06-27,47.55,49.48,47.21,49.02,2851634300.0
2023-06-28,48.78,49.85,48.54,49.03,1964640600.0
2023-06-29,49.05,49.12,47.55,48.47,1635162200.0
2023-06-30,48.56,49.15,47.89,48.25,1563113100.0
2023-07-03,48.21,49.71,47.66,48.39,1892919800.0
2023-07-04,48.61,48.93,47.45,48.23,1290009400.0
2023-07-05,48.42,48.66,47.75,48.45,1103273100.0
2023-07-06,48.46,49.08,47.63,47.7,995554500.0
2023-07-07,47.37,47.92,46.53,47.08,1698410300.0
2023-07-10,47.15,47.26,45.37,45.96,1818167200.0
2023-07-11,46.13,46.41,45.73,45.99,896629000.0
2023-07-12,46.23,47.41,45.73,46.42,1079865900.0
2023-07-13,46.53,47.65,46.53,47.13,978559200.0
2023-07-14,47.08,47.6,46.35,46.79,603243700.0
2023-07-17,46.53,46.53,45.63,46.46,512387300.00000006
2023-07-18,46.73,46.73,45.0,46.07,1351665300.0
2023-07-19,46.22,47.68,46.0,47.46,1601948599.9999998
2023-07-20,47.23,47.98,46.77,46.86,815686000.0
2023-07-21,46.88,47.41,46.32,46.46,693513000.0
2023-07-24,46.46,46.69,45.46,46.1,657937800.0
2023-07-25,47.19,48.61,47.13,48.31,2216891700.0
2023-07-26,48.14,48.87,47.81,47.91,1105031400.0
2023-07-27,47.88,48.45,47.68,47.81,893501900.0
2023-07-28,48.03,49.15,47.44,49.07,1424164600.0
2023-07-31,50.28,50.63,48.48,48.65,1952524600.0
2023-08-01,48.65,49.02,47.46,47.58,1197877300.0
2023-08-02,47.43,48.15,47.1,47.63,1370719600.0
2023-08-03,47.31,47.53,46.32,47.31,1344124500.0
2023-08-04,47.63,48.32,47.14,47.25,1147021000.0
2023-08-07,47.12,47.52,46.67,47.21,887391700.0
2023-08-08,46.83,46.88,46.29,46.33,779253600.0
2023-08-09,46.52,47.03,46.37,46.89,868904100.0
2023-08-10,46.54,46.63,44.83,45.68,2159087500.0
2023-08-11,45.62,45.78,44.47,44.51,1419423200.0
2023-08-14,43.83,44.9,43.61,44.77,1073370200.0
2023-08-15,44.64,44.89,43.93,44.49,901353400.0
2023-08-16,44.13,44.69,43.69,44.56,843256900.0
2023-08-17,44.23,45.27,43.86,45.17,842880600.0
2023-08-18,45.11,45.18,43.96,44.12,741138400.0
2023-08-21,43.94,44.69,43.68,43.71,718680500.0
2023-08-22,43.63,44.01,42.74,43.7,1249497400.0
2023-08-23,43.45,43.99,42.93,43.05,854634900.0
2023-08-24,43.32,44.78,42.83,44.38,1398433400.0
2023-08-25,44.28,45.32,43.85,44.59,907722100.0000001
2023-08-28,46.63,47.31,45.11,45.49,1624044700.0
2023-08-29,45.21,45.82,44.88,45.38,1221870600.0
2023-08-30,45.37,46.51,45.04,46.15,1323189400.0
2023-08-31,46.63,47.13,45.81,45.84,1596999000.0
2023-09-01,46.33,47.83,46.32,47.26,1541478599.9999998
2023-09-04,47.83,48.13,46.95,47.55,1169057300.0
2023-09-05,47.59,47.82,46.94,47.11,887170800.0
2023-09-06,46.84,47.33,46.21,46.51,1194824700.0
2023-09-07,46.42,46.45,45.83,45.9,774015900.0
2023-09-08,46.07,46.16,45.14,45.41,471931200.0
2023-09-11,45.64,46.21,45.34,45.76,793322700.0
2023-09-12,45.75,47.05,45.63,46.54,937947100.0000001
2023-09-13,46.43,46.87,46.03,46.33,613122100.0
2023-09-14,46.34,46.59,45.59,45.88,581688900.0
2023-09-15,45.97,46.02,44.63,45.12,917665600.0
2023-09-18,45.13,45.92,44.54,45.43,808841200.0
2023-09-19,45.32,45.48,44.78,45.38,689875000.0
2023-09-20,45.36,46.57,45.06,46.22,1210967100.0
2023-09-21,46.21,46.21,45.35,45.65,946858100.0
2023-09-22,45.92,46.44,45.5,46.38,1259327900.0
2023-09-25,46.22,46.22,45.56,45.96,941423300.0
2023-09-26,46.09,46.53,45.33,45.33,1067479299.9999999
2023-09-27,45.33,45.99,44.76,45.52,1054884200.0
2023-09-28,45.72,45.83,44.74,44.81,953613300.0
2023-10-09,44.79,45.44,44.23,45.09,1591907100.0
2023-10-10,44.82,45.1,43.75,44.1,1179223500.0
2023-10-11,44.08,45.22,43.83,44.1,1123573100.0
2023-10-12,44.33,44.81,43.94,44.61,970427700.0
2023-10-13,44.52,44.77,43.86,44.32,712981600.0
2023-10-16,44.13,44.74,44.13,44.41,826944800.0
2023-10-17,44.41,45.32,44.38,45.21,936368400.0
2023-10-18,45.01,45.22,44.54,44.8,590623200.0
2023-10-19,44.62,44.62,43.51,43.56,1103206400.0
2023-10-20,43.27,43.39,42.21,42.51,1123754100.0
2023-10-23,42.33,42.96,42.04,42.58,897561700.0
2023-10-24,42.34,42.82,41.53,42.51,1323069300.0
2023-10-25,43.12,43.34,41.47,41.75,1364767600.0
2023-10-26,41.55,42.05,41.36,41.84,794020500.0
2023-10-27,41.69,43.33,41.54,43.07,1352282900.0
2023-10-30,42.66,43.97,42.66,43.83,892765200.0
2023-10-31,43.63,43.63,42.03,42.25,1263696600.0
2023-11-01,42.14,42.79,42.03,42.34,1004719400.0
2023-11-02,42.33,43.74,42.14,42.51,1072266200.0
2023-11-03,42.45,42.68,42.05,42.13,939971100.0
2023-11-06,42.33,42.63,42.03,42.47,1322403100.0
2023-11-07,42.43,42.61,41.91,42.43,999762800.0
2023-11-08,41.98,42.32,41.84,42.18,1128009300.0
2023-11-09,42.21,42.66,41.68,41.78,743811700.0
2023-11-10,41.63,42.19,41.58,42.03,685147800.0
2023-11-13,41.97,41.97,40.01,40.39,1957444200.0000002
2023-11-14,40.35,40.75,40.13,40.42,1266466600.0
2023-11-15,40.77,41.09,40.28,40.87,1010108000.0
2023-11-16,40.73,41.52,40.64,41.08,1121013200.0
2023-11-17,40.93,41.3,40.54,41.19,697252700.0
2023-11-20,40.87,42.23,40.87,41.76,955124700.0
2023-11-21,41.95,42.52,41.78,41.78,836507600.0
2023-11-22,41.78,41.93,41.23,41.48,511071800.0
2023-11-23,41.48,42.26,41.18,42.09,529662600.0
2023-11-24,42.13,42.18,41.4,41.81,822539500.0
2023-11-27,41.76,41.76,41.08,41.3,827425500.0
2023-11-28,41.53,42.13,40.86,41.86,1138681600.0
2023-11-29,41.86,41.91,41.05,41.34,646048700.0
2023-11-30,41.14,41.33,40.74,41.0,664815300.0
2023-12-01,41.63,41.69,39.66,39.88,1604750700.0
2023-12-04,39.81,40.12,39.17,39.42,1107559900.0
2023-12-05,39.42,39.52,38.55,38.55,1120255600.0
2023-12-06,38.39,38.98,38.08,38.51,942351400.0
2023-12-07,38.69,39.82,38.55,39.55,1251685100.0
2023-12-08,39.51,40.41,39.42,39.67,1102240000.0
2023-12-11,39.18,40.73,38.55,40.35,1272635700.0
2023-12-12,40.83,40.88,40.05,40.33,879672000.0
2023-12-13,40.23,40.32,39.84,40.02,652164500.0
2023-12-14,40.24,40.8,39.91,40.22,847402700.0
2023-12-15,39.84,40.43,39.63,39.66,1034871700.0
2023-12-18,39.36,40.51,39.08,40.42,1133044700.0
2023-12-19,40.41,40.41,39.79,40.08,859776400.0
2023-12-20,40.08,40.73,39.85,40.36,1298397600.0
2023-12-21,40.55,41.61,40.2,41.35,1422425500.0
2023-12-22,41.24,42.32,41.03,42.1,1194539700.0
2023-12-25,41.95,42.58,41.76,42.0,598032200.0
2023-12-26,41.95,42.56,41.86,42.13,855413700.0
2023-12-27,42.11,43.03,42.05,42.93,1081963200.0
2023-12-28,42.77,43.49,42.58,43.38,1331261000.0
2023-12-29,43.4,44.31,43.05,43.96,1410075000.0
2024-01-02,43.96,44.38,43.53,43.89,1305162000.0
2024-01-03,43.92,44.13,43.43,43.78,1126649700.0
2024-01-04,43.99,44.65,43.78,44.58,1467886400.0000002
2024-01-05,44.53,45.41,44.18,44.93,1669357600.0
2024-01-08,44.93,44.93,43.95,44.33,1531117700.0
2024-01-09,44.04,44.66,43.44,44.5,1184711700.0
2024-01-10,44.5,45.1,44.17,44.55,984854700.0
2024-01-11,44.55,44.82,44.06,44.33,1168392700.0
2024-01-12,44.23,45.04,43.91,44.33,1343879900.0
2024-01-15,44.17,45.31,43.99,45.21,1063527100.0000001
2024-01-16,44.94,46.28,44.43,46.25,1903147100.0
2024-01-17,45.96,46.62,45.7,45.7,1530395100.0
2024-01-18,46.12,46.32,44.41,45.73,2175726500.0
2024-01-19,45.33,45.93,45.19,45.47,1681993900.0000002
2024-01-22,45.21,45.99,44.41,44.67,2017295100.0
2024-01-23,44.85,46.02,44.13,45.71,1612570200.0
2024-01-24,45.48,46.77,45.35,46.52,1503303900.0000002
2024-01-25,46.63,46.82,45.57,45.68,1412367300.0
2024-01-26,45.68,47.08,45.68,46.84,1874299600.0
2024-01-29,47.23,48.81,47.02,48.02,2204469400.0
2024-01-30,48.03,48.53,47.33,47.55,1604993000.0
2024-01-31,47.24,48.27,46.75,47.58,1486711000.0
2024-02-01,47.56,48.79,47.33,48.14,1785789300.0
2024-02-02,47.83,48.21,46.64,47.58,1687829300.0
2024-02-05,47.33,48.93,47.15,48.78,2724269099.9999995
2024-02-06,48.59,50.12,48.35,49.28,2279549200.0
2024-02-07,48.62,50.5,48.36,50.44,2791586599.9999995
2024-02-08,50.62,51.69,49.31,49.62,2112587900.0
2024-02-19,51.03,51.03,49.14,49.93,2157379700.0
2024-02-20,49.63,51.12,49.0,51.03,1807531900.0
2024-02-21,50.33,51.88,50.01,51.04,1719403900.0000002
2024-02-22,50.54,51.12,50.36,50.68,1180530900.0
2024-02-23,51.01,51.43,48.65,48.95,2580957100.0
2024-02-26,49.18,50.83,49.18,49.63,2070387100.0
2024-02-27,49.92,51.32,49.43,51.25,1720508599.9999998
2024-02-28,51.33,51.64,50.28,51.15,1568617000.0
2024-02-29,51.33,52.81,51.08,51.96,3071855400.0
2024-03-01,52.83,53.84,52.21,53.8,2102801000.0
2024-03-04,54.33,55.33,52.83,53.93,2415284600.0
2024-03-05,53.98,54.73,52.78,54.37,2288367700.0
2024-03-06,54.23,54.86,53.63,53.84,1422222500.0
2024-03-07,53.78,55.98,53.53,55.13,2020641400.0000002
2024-03-08,55.2,55.82,54.21,55.43,1714883400.0
2024-03-11,55.42,55.43,53.89,54.75,1826293599.9999998
2024-03-12,54.68,54.68,52.38,53.46,3241294699.9999995
2024-03-13,52.99,53.66,52.33,53.4,2084900600.0
2024-03-14,53.19,54.08,52.93,53.83,2026233400.0
2024-03-15,53.72,53.83,52.63,53.35,1624685400.0
2024-03-18,53.21,53.22,51.68,51.69,2667915000.0
2024-03-19,51.53,52.45,51.5,51.93,1867932300.0
2024-03-20,51.53,51.83,50.73,51.21,2337851600.0
2024-03-21,51.24,51.37,49.46,49.88,2377327000.0
2024-03-22,49.89,51.98,49.83,51.95,2671677600.0
2024-03-25,51.52,52.99,51.11,52.23,1694247600.0
2024-03-26,51.64,52.58,51.64,52.05,1591428400.0
2024-03-27,51.86,54.21,51.84,53.0,2227887800.0
2024-03-28,53.56,54.72,52.51,53.91,2915943400.0000005
2024-03-29,53.91,55.06,52.99,53.55,1638381700.0000002
2024-04-01,53.83,55.61,53.43,55.55,2146737300.0
2024-04-02,55.33,55.86,55.08,55.58,1497277800.0
2024-04-03,55.53,56.23,55.31,56.06,1370614000.0
2024-04-08,56.05,56.18,54.0,54.65,2125546200.0
2024-04-09,54.33,54.93,54.15,54.37,1270148000.0
2024-04-10,54.2,55.53,53.89,54.5,1184377700.0
2024-04-11,54.28,55.28,53.94,54.4,1239842500.0
2024-04-12,54.32,54.93,53.91,54.22,1414407800.0
2024-04-15,54.22,56.33,54.04,56.17,2102897300.0
2024-04-16,56.11,58.1,55.9,57.64,2659237100.0
2024-04-17,57.33,58.13,56.31,57.91,1664966400.0000002
2024-04-18,57.91,60.66,57.71,59.33,2777734500.0
2024-04-19,58.76,59.91,58.76,59.33,2017233100.0
2024-04-22,59.53,60.52,58.83,59.31,2032072600.0
2024-04-23,59.16,59.33,56.92,57.72,2605557600.0
2024-04-24,57.67,57.97,56.08,57.23,2079963000.0
2024-04-25,56.46,57.89,56.46,57.57,1500859500.0
2024-04-26,57.58,57.98,56.75,57.7,1650078900.0000002
2024-04-29,57.63,58.21,56.56,57.53,2264197700.0
2024-04-30,56.17,60.48,56.13,59.11,3988190600.0
2024-05-06,59.83,60.79,58.98,60.34,3263609800.0
2024-05-07,60.14,61.66,59.95,60.43,2176139100.0
2024-05-08,59.83,60.67,59.72,60.08,1252248300.0
2024-05-09,60.33,61.67,59.95,61.18,2046734800.0
2024-05-10,61.53,61.66,60.67,61.21,1616063299.9999998
2024-05-13,61.21,62.32,60.03,62.04,1965130400.0
2024-05-14,62.01,62.22,59.53,60.17,2827063800.0
2024-05-15,60.81,62.41,60.42,62.07,2090761800.0
2024-05-16,62.07,62.11,61.11,61.65,1703048500.0
2024-05-17,61.09,61.81,58.83,60.34,2828611100.0
2024-05-20,59.32,60.19,58.52,58.88,2846862300.0
2024-05-21,58.58,59.61,58.51,58.86,1626841800.0
2024-05-22,58.65,58.85,57.62,57.72,1715205300.0
2024-05-23,57.71,58.5,57.31,58.05,1582459100.0
2024-05-24,57.71,59.29,57.41,58.93,1724581000.0
2024-05-27,58.81,60.59,57.85,59.9,2062139500.0
2024-05-28,59.91,60.09,58.81,59.34,1284865400.0
2024-05-29,58.91,59.51,57.81,58.16,1590410799.9999998
2024-05-30,58.02,58.5,57.45,57.49,1269509300.0
2024-05-31,57.5,57.88,56.86,57.07,1696172900.0
2024-06-03,57.19,58.61,56.58,57.33,2337233600.0
2024-06-04,57.3,57.3,55.71,56.99,1969401500.0
2024-06-05,56.86,57.51,56.11,56.23,1825603200.0
2024-06-06,56.11,58.34,56.11,58.07,2848032800.0000005
2024-06-07,57.51,57.76,56.02,57.47,2591739300.0
2024-06-11,56.81,58.81,56.49,57.31,2188026800.0
2024-06-12,57.15,58.05,56.84,57.47,1675974700.0
2024-06-13,57.62,57.76,55.97,56.23,1763239500.0
2024-06-14,55.82,58.07,55.81,57.92,2468107100.0
2024-06-17,58.07,58.07,56.49,56.84,1639603900.0000002
2024-06-18,56.61,57.5,55.98,57.15,1409611700.0000002
2024-06-19,57.08,57.39,55.11,56.31,2206055300.0
2024-06-20,56.21,57.06,55.85,56.78,1806800900.0
2024-06-21,56.8,57.06,55.81,56.26,1544527700.0
2024-06-24,56.02,57.86,55.92,57.19,1993978000.0
2024-06-25,57.16,58.1,56.83,57.6,1652171400.0000002
2024-06-26,57.32,57.7,56.22,56.56,1531598000.0
2024-06-27,56.36,56.79,55.78,56.41,1750926700.0000002
2024-06-28,55.81,57.1,55.79,56.81,1624767700.0
2024-07-01,56.6,57.69,55.91,56.4,1255074500.0
2024-07-02,56.01,56.51,55.11,55.31,1843585700.0
2024-07-03,55.36,55.99,55.05,55.34,1145370100.0
2024-07-04,55.51,57.51,55.51,56.91,1794060100.0
2024-07-05,56.81,57.46,55.31,56.31,1686503700.0
2024-07-08,55.91,57.03,55.48,56.54,1247645500.0
2024-07-09,56.12,56.98,55.93,56.41,1392889400.0
2024-07-10,56.85,57.37,56.12,56.12,1016718400.0
2024-07-11,56.16,56.76,54.83,56.21,1727208400.0
2024-07-12,56.1,57.51,55.95,57.31,1588658400.0
2024-07-15,57.09,57.47,56.67,57.25,1104204300.0
2024-07-16,56.94,57.27,56.06,56.58,1313240400.0
2024-07-17,56.35,56.69,53.97,55.14,2909157000.0
2024-07-18,54.32,56.77,54.32,56.21,2193053900.0
2024-07-19,55.67,56.09,55.2,55.91,1381064600.0
2024-07-22,55.76,56.95,55.63,55.94,1273643400.0
2024-07-23,55.94,56.1,54.69,54.69,1165932000.0
2024-07-24,54.32,55.03,51.95,52.39,2757887300.0
2024-07-25,51.83,52.4,51.21,51.71,1787253299.9999998
2024-07-26,55.14,55.3,53.71,55.15,3598947600.0
2024-07-29,54.61,55.52,54.47,55.19,1297587400.0
2024-07-30,54.82,55.08,52.91,53.37,1381015799.9999998
2024-07-31,53.04,56.17,53.04,56.07,2530147600.0
2024-08-01,56.11,56.98,55.72,55.89,1561027300.0
2024-08-02,55.61,56.59,54.88,55.3,1280021500.0
2024-08-05,54.85,56.61,53.87,53.96,2214817300.0
2024-08-06,53.92,54.57,51.83,52.23,2316733900.0
2024-08-07,52.23,53.69,51.55,53.01,1535238299.9999998
2024-08-08,52.73,53.79,52.52,53.27,867672500.0
2024-08-09,53.16,54.01,52.64,52.81,839905700.0000001
2024-08-12,52.81,54.45,52.62,53.69,1042597200.0
2024-08-13,53.69,54.42,53.23,53.67,602892300.0
2024-08-14,53.67,53.8,52.91,53.21,685993300.0
2024-08-15,53.01,53.66,52.6,53.31,1166672200.0
2024-08-16,53.12,54.21,52.98,54.05,1112521900.0
2024-08-19,54.0,55.46,53.98,54.67,1075574300.0
2024-08-20,55.79,55.8,54.07,55.33,1623775600.0
2024-08-21,55.02,56.01,54.64,55.47,1337959100.0
2024-08-22,55.44,56.8,55.03,56.4,1597113200.0
2024-08-23,56.31,58.27,56.19,57.77,1895805000.0
2024-08-26,58.25,58.96,57.21,58.63,2241141500.0
2024-08-27,58.31,58.79,57.8,58.3,1590912400.0
2024-08-28,58.29,58.46,56.88,57.24,1726057200.0
2024-08-29,56.73,57.62,56.26,56.26,1500197100.0
2024-08-30,55.79,58.12,55.69,57.06,2160911500.0
2024-09-02,56.81,58.83,56.75,57.54,1706302000.0
2024-09-03,57.32,58.79,57.31,58.28,1599193299.9999998
2024-09-04,58.17,59.01,57.67,57.79,1814975100.0
2024-09-05,57.26,57.71,55.79,55.9,2763225200.0
2024-09-06,55.91,56.86,55.21,55.33,1480652800.0
2024-09-09,53.66,54.51,52.99,53.4,3359451100.0
2024-09-10,52.79,53.95,52.79,53.06,2451075900.0
2024-09-11,52.83,54.39,52.01,53.97,2572399300.0
2024-09-12,54.11,55.16,53.97,54.68,1719561900.0
2024-09-13,54.36,56.09,53.9,55.82,2037679500.0
2024-09-18,55.93,58.02,55.71,57.56,1915513500.0
2024-09-19,54.61,58.04,54.61,57.59,3085181599.9999995
2024-09-20,57.22,58.61,57.07,58.37,2608979300.0
2024-09-23,58.77,60.2,58.51,59.91,2643088000.0
2024-09-24,59.91,60.56,58.51,60.35,3378454600.0
2024-09-25,60.52,63.81,60.52,62.42,4428074600.0
2024-09-26,62.31,65.99,62.1,65.87,3592524699.9999995
2024-09-27,67.06,68.71,63.46,65.31,6253333700.0
2024-09-30,65.47,69.21,64.34,68.37,9344041900.0
2024-10-08,75.98,75.98,71.04,72.5,11050056000.0
2024-10-09,70.71,71.63,66.33,67.32,6896386899.999999
2024-10-10,68.26,71.69,68.18,70.61,5259062100.0
2024-10-11,70.31,70.54,68.21,69.08,2930030600.0
2024-10-14,69.34,71.6,68.91,71.31,3620244800.0
2024-10-15,71.31,71.31,68.31,68.31,2905639300.0
2024-10-16,67.01,67.81,66.04,67.55,2559503200.0
2024-10-17,67.55,67.84,65.21,65.39,2920853700.0
2024-10-18,65.39,68.51,64.96,67.32,3180240300.0000005
2024-10-21,67.66,68.29,65.59,66.39,2547898000.0
2024-10-22,66.66,69.27,66.45,68.81,3073890000.0
2024-10-23,68.91,70.09,68.31,68.69,2053544700.0
2024-10-24,68.42,68.77,67.61,67.95,1296927000.0
2024-10-25,67.73,68.17,67.08,67.58,1583775200.0
2024-10-28,67.8,67.89,66.32,67.18,2091524800.0
2024-10-29,66.92,67.81,66.11,66.38,2214621300.0
2024-10-30,66.01,66.66,64.43,65.06,2939634800.0
2024-10-31,65.28,66.0,63.41,63.73,3595551700.0
2024-11-01,63.75,65.31,62.69,64.56,3009423800.0
2024-11-04,64.45,65.68,64.01,65.15,1680407700.0
2024-11-05,64.81,65.79,63.52,65.44,3027068200.0
2024-11-06,65.45,65.45,63.28,63.48,3768679099.9999995
2024-11-07,62.66,64.41,62.2,64.41,3895318900.0
2024-11-08,64.97,66.07,63.41,64.89,4283549300.0
2024-11-11,63.54,64.15,63.13,63.91,3153791599.9999995
2024-11-12,64.22,67.2,64.1,64.7,4231304800.0
2024-11-13,64.79,66.61,64.77,65.71,3373337500.0
2024-11-14,65.79,67.2,64.64,65.95,3020823000.0
2024-11-15,65.46,66.42,64.16,64.56,2496870600.0
2024-11-18,64.48,65.29,63.14,63.36,2292938800.0
2024-11-19,63.36,64.06,63.01,63.62,1614053700.0
2024-11-20,63.69,63.96,63.05,63.74,1610809500.0
2024-11-21,63.68,63.7,62.86,63.15,1534662600.0
2024-11-22,63.14,65.13,62.53,62.7,2781161800.0
2024-11-25,62.42,64.69,62.42,62.7,2737579000.0
2024-11-26,62.42,63.51,61.66,62.91,1932586700.0000002
2024-11-27,62.63,63.81,62.05,63.63,1875798200.0
2024-11-28,64.31,64.31,62.07,62.5,2275593400.0
2024-11-29,61.99,63.08,61.86,62.44,1951115200.0
2024-12-02,62.46,62.84,61.54,62.39,2500096000.0
2024-12-03,62.31,62.31,61.71,62.16,2181594400.0
2024-12-04,62.19,64.3,61.91,63.8,3779094500.0
2024-12-05,63.91,65.19,63.73,64.03,2647263400.0000005
2024-12-06,64.09,65.44,63.82,65.16,3318584699.9999995
2024-12-09,64.32,66.19,63.62,65.44,3017126100.0
2024-12-10,68.82,68.97,66.1,66.15,4164810200.0
2024-12-11,66.01,67.64,65.91,67.41,2512587300.0
2024-12-12,67.51,68.06,66.68,67.87,2153602300.0
2024-12-13,67.51,67.54,65.64,66.31,2744782500.0
2024-12-16,66.41,66.76,64.96,65.53,2054964900.0
2024-12-17,65.51,66.99,65.12,65.98,2058386000.0
2024-12-18,65.97,66.89,65.89,66.41,1675256400.0000002
2024-12-19,66.17,67.54,65.55,66.75,1893593100.0
2024-12-20,66.74,67.1,65.97,66.31,1552495000.0
2024-12-23,66.31,67.56,66.26,66.92,1689849300.0
2024-12-24,66.71,68.69,66.71,68.56,2606513900.0
2024-12-25,68.61,68.91,67.35,67.85,1719267200.0
2024-12-26,67.57,68.55,66.96,68.29,1829497500.0
2024-12-27,68.29,68.36,67.11,67.73,1493951300.0
2024-12-30,67.31,68.49,67.23,67.63,1676165000.0
2024-12-31,67.41,68.36,67.0,67.53,2324365500.0
2025-01-02,67.71,69.51,67.31,67.63,3143071599.9999995
2025-01-03,67.31,68.37,66.21,67.0,2225340600.0
2025-01-06,66.99,68.59,66.59,67.69,2308954900.0
2025-01-07,67.31,69.07,66.81,68.24,1913943100.0
2025-01-08,67.82,69.97,67.74,69.89,3129132600.0
2025-01-09,70.01,71.31,69.51,71.04,2715146300.0
2025-01-10,71.04,71.2,68.68,68.68,2093133200.0
2025-01-13,67.92,68.33,66.24,66.61,1911136099.9999998
2025-01-14,66.61,67.66,65.74,66.93,2150563700.0
2025-01-15,66.95,68.08,65.91,66.13,1910565900.0
2025-01-16,66.3,67.76,66.21,66.4,1953070100.0
2025-01-17,66.39,67.18,65.94,66.66,1184446600.0
2025-01-20,67.41,69.05,67.19,67.2,2245932500.0
2025-01-21,67.57,67.6,66.53,66.71,1217315700.0
2025-01-22,66.69,66.69,64.59,65.31,2351219500.0
2025-01-23,65.71,66.23,64.71,65.72,1981526500.0
2025-01-24,65.32,65.95,64.86,65.13,2224547300.0
2025-01-27,65.17,66.61,64.93,66.19,2066039000.0
2025-02-05,65.71,66.0,63.99,64.52,2623254200.0
2025-02-06,64.49,64.87,63.74,64.58,2058313200.0
2025-02-07,64.71,65.75,63.98,65.75,2588044000.0
2025-02-10,65.63,65.64,64.81,65.32,2324957400.0
2025-02-11,65.75,66.17,64.92,66.01,2200715500.0
2025-02-12,65.77,65.9,64.99,65.59,1667138700.0
2025-02-13,65.31,65.7,64.44,64.45,2979276900.0
2025-02-14,64.43,65.0,64.21,64.8,1697819600.0
2025-02-17,64.56,64.78,63.56,64.35,2886662800.0000005
2025-02-18,64.3,64.96,63.84,64.21,2117878299.9999998
2025-02-19,63.61,64.28,63.31,63.76,2408852100.0
2025-02-20,63.72,64.02,63.37,63.54,2241810200.0
2025-02-21,63.33,63.54,62.51,62.9,3903770900.0000005
2025-02-24,62.96,63.81,62.59,63.2,3326317400.0
2025-02-25,62.81,62.98,61.29,61.34,3932087500.0
2025-02-26,61.02,62.47,61.01,62.43,2820753700.0
2025-02-27,63.31,65.02,62.94,64.79,4700242800.0
2025-02-28,65.06,65.81,64.41,65.36,3702978900.0
2025-03-03,65.01,65.3,63.16,63.31,2908667199.9999995
2025-03-04,63.59,64.78,63.59,64.28,2159097800.0
2025-03-05,64.21,64.46,63.51,64.06,2050696400.0000002
2025-03-06,64.22,64.28,62.73,63.45,2857881500.0
2025-03-07,63.43,63.55,62.57,63.1,2228493000.0
2025-03-10,63.12,63.57,62.82,63.38,1937259300.0
2025-03-11,62.81,63.75,62.61,63.24,1788427200.0
2025-03-12,63.29,63.29,62.41,62.41,2117631600.0
2025-03-13,62.32,62.96,62.12,62.32,1774960000.0
2025-03-14,62.34,64.41,62.13,64.18,3036262000.0
2025-03-17,64.83,64.83,63.91,64.19,2497780800.0
2025-03-18,64.31,68.41,63.92,67.29,5762238300.0
2025-03-19,69.54,70.25,67.34,68.82,8164296300.0
2025-03-20,68.71,69.16,67.41,67.48,4434498800.0
2025-03-21,67.08,68.74,67.08,67.59,2903191200.0
2025-03-24,67.19,68.81,67.13,68.37,2945134200.0
2025-03-25,69.12,69.81,68.68,69.17,2493718300.0
2025-03-26,68.78,69.71,68.18,69.1,1814277200.0
2025-03-27,69.1,69.81,68.63,68.81,1974042900.0
2025-03-28,68.52,69.49,67.99,69.18,1909917900.0
2025-03-31,69.21,72.81,69.21,70.81,5458996600.0
2025-04-01,70.41,71.09,67.51,67.7,4204786500.0
2025-04-02,67.66,69.1,67.5,68.27,2036925100.0
2025-04-03,66.91,67.14,65.46,65.67,4179850000.0
2025-04-07,60.53,61.78,58.33,59.49,5986991800.000001
2025-04-08,60.31,62.81,60.1,62.54,5151771400.0
2025-04-09,61.5,62.81,60.73,61.98,4027838500.0
2025-04-10,62.91,63.9,62.44,63.4,3199356700.0
2025-04-11,62.83,63.05,61.94,62.8,2075657500.0
2025-04-14,63.03,63.21,62.02,62.23,2447104100.0
2025-04-15,62.41,64.14,62.0,63.79,2441442800.0
2025-04-16,63.5,63.79,62.68,63.31,1890971300.0
2025-04-17,63.05,63.48,62.65,63.26,1388823299.9999998
2025-04-18,63.26,63.64,62.78,63.23,1094653700.0
2025-04-21,63.09,63.92,62.81,63.7,1262930800.0
2025-04-22,63.61,64.54,63.52,64.03,1626765500.0
2025-04-23,64.41,64.73,64.11,64.16,1627423200.0
2025-04-24,64.71,65.5,64.27,65.26,1684714700.0
2025-04-25,65.26,65.31,64.69,65.06,1244078500.0
2025-04-28,65.7,65.89,65.11,65.54,1755320200.0
2025-04-29,65.57,66.68,65.17,66.51,1733740200.0
2025-04-30,67.31,67.43,65.76,65.93,3548715600.0
2025-05-06,66.54,66.69,65.41,66.36,2556249600.0
2025-05-07,67.08,67.49,66.31,66.67,2239595600.0
2025-05-08,66.66,67.95,66.19,67.31,2081094600.0
2025-05-09,67.3,68.34,67.02,68.11,1861536400.0000002
2025-05-12,68.41,69.05,68.21,68.89,2078979200.0000002
2025-05-13,69.31,69.51,68.75,69.42,1963341200.0
2025-05-14,69.21,69.86,68.44,69.4,2248759300.0
2025-05-15,68.97,69.38,68.63,68.81,1571335900.0
2025-05-16,68.52,69.15,67.88,68.91,1819974400.0
2025-05-19,68.75,70.03,68.6,69.89,2031022800.0
2025-05-20,69.84,71.41,69.79,70.98,2184604700.0
2025-05-21,70.81,71.75,70.78,71.11,1619843000.0
2025-05-22,71.04,71.87,70.62,71.67,1850376700.0000002
2025-05-23,71.67,72.79,71.03,71.2,2385953100.0
2025-05-26,71.03,71.5,69.92,70.58,1893696300.0
2025-05-27,70.51,71.2,70.33,70.79,1620472100.0
2025-05-28,71.29,72.41,71.01,71.63,1911343100.0
2025-05-29,71.38,71.8,70.67,71.29,1988440700.0
2025-05-30,71.05,71.82,70.61,71.37,1703126099.9999998
2025-06-03,71.36,71.36,67.98,68.22,4293054900.0
2025-06-04,68.09,68.89,67.81,67.87,2790934600.0
2025-06-05,67.75,68.21,67.36,67.56,1776718100.0
2025-06-06,67.68,68.14,67.41,68.01,2081019000.0
2025-06-09,67.56,67.89,66.38,67.71,3500234300.0
2025-06-10,67.94,68.81,67.36,67.36,2433498300.0
2025-06-11,67.51,68.11,67.14,67.8,1986827800.0
2025-06-12,68.3,68.47,67.32,67.99,2510413500.0
2025-06-13,67.39,67.95,66.79,67.27,2148718100.0
2025-06-16,67.39,67.59,66.64,67.05,1784037800.0
2025-06-17,67.59,68.87,67.59,67.85,2362020300.0
2025-06-18,67.98,68.43,67.81,67.89,1265648200.0
2025-06-19,67.99,68.2,66.92,67.12,1512893100.0
2025-06-20,67.14,68.17,67.05,68.17,1655767200.0
2025-06-23,67.79,68.12,67.25,67.51,1510951200.0
2025-06-24,67.89,69.13,67.79,68.59,1971805600.0
2025-06-25,68.59,69.12,68.09,68.97,1772058900.0000002
2025-06-26,68.79,69.38,68.54,68.89,1658102100.0
2025-06-27,68.85,68.98,68.01,68.07,1623349500.0
2025-06-30,68.04,68.37,67.77,67.99,1394828299.9999998
2025-07-01,68.07,68.14,67.59,67.9,1341760500.0
2025-07-02,67.9,68.89,67.6,68.29,1929453700.0
2025-07-03,68.58,68.74,68.13,68.68,1304399800.0
2025-07-04,68.67,69.63,68.39,69.27,1548790500.0
2025-07-07,68.99,69.24,68.12,68.34,1567324900.0
2025-07-08,68.34,68.49,67.86,68.01,1856483000.0
2025-07-09,67.86,68.14,67.59,67.59,1958489400.0
2025-07-10,67.63,67.76,67.12,67.47,1656983400.0
2025-07-11,67.53,68.59,67.48,68.27,2324471000.0
2025-07-14,68.26,69.0,67.77,68.89,1702247000.0
2025-07-15,68.9,69.29,68.6,69.0,1821265500.0
2025-07-16,69.26,69.88,68.59,68.68,1514278400.0
2025-07-17,68.54,69.22,68.39,68.42,1804135200.0
2025-07-18,68.66,69.07,68.31,68.62,1596482200.0
2025-07-21,68.4,68.75,68.19,68.34,2244011100.0
2025-07-22,68.37,69.01,68.05,68.98,2602924300.0
2025-07-23,68.99,69.64,68.97,69.29,2718700800.0
2025-07-24,69.49,69.74,68.88,69.3,2134051800.0
2025-07-25,69.19,69.19,68.34,68.55,1780421800.0
2025-07-28,68.61,68.71,67.59,67.73,2725637100.0
2025-07-29,67.73,67.86,66.81,67.03,2843589800.0
2025-07-30,67.28,68.53,66.99,67.9,2964849099.9999995
2025-07-31,67.79,67.81,65.67,65.98,4895784300.0
2025-08-01,65.99,66.76,65.89,66.58,2019147900.0
2025-08-04,66.34,66.79,65.99,66.73,1398398700.0
2025-08-05,66.9,67.3,66.47,67.17,1365340900.0
2025-08-06,67.17,67.57,66.78,67.49,1583549600.0
2025-08-07,67.3,67.72,67.0,67.27,1456650799.9999998
2025-08-08,67.19,67.62,67.08,67.37,1439938200.0
2025-08-11,67.09,67.61,66.98,67.55,1282650800.0
2025-08-12,67.54,68.23,67.39,67.72,1734351300.0
2025-08-13,67.77,68.08,67.39,67.61,1827058299.9999998
2025-08-14,67.59,68.84,67.51,68.12,3301054400.0
2025-08-15,68.12,68.19,67.6,68.09,1980637200.0
2025-08-18,68.1,68.35,67.4,67.63,3906937000.0
2025-08-19,68.99,69.42,67.99,68.47,3916336800.0
2025-08-20,68.0,68.11,67.3,68.01,2901846300.0
2025-08-21,67.88,68.29,67.45,67.71,2436115400.0
2025-08-22,67.76,67.98,67.44,67.88,2814332700.0
2025-08-25,67.91,69.64,67.91,69.31,5110086600.0
2025-08-26,69.31,70.07,69.1,69.59,3417986300.0
2025-08-27,69.68,70.34,68.48,68.5,3605612800.0000005
2025-08-28,68.5,69.76,68.3,69.29,3171280800.0
2025-08-29,69.29,70.63,69.18,69.5,4210933500.0
2025-09-01,70.79,71.63,69.31,69.82,5792738600.0
2025-09-02,70.0,72.19,69.78,71.95,6106472200.0
2025-09-03,72.34,72.93,70.74,71.41,3826685200.0
2025-09-04,71.77,71.79,70.21,71.38,3328858300.0
2025-09-05,71.6,72.48,71.23,72.01,3530971100.0
2025-09-08,72.46,73.87,72.29,72.82,4245832300.0
2025-09-09,72.81,73.39,72.14,72.97,2947171800.0
2025-09-10,72.79,73.06,72.19,72.81,2087580300.0
2025-09-11,72.69,73.06,71.69,72.81,3515566400.0
2025-09-12,72.74,73.48,71.2,71.36,4507931200.0
2025-09-15,70.99,71.74,70.29,70.96,3614905700.0
2025-09-16,70.92,70.99,69.84,70.25,3396155200.0
2025-09-17,70.2,71.22,69.96,70.14,4303710300.0
2025-09-18,70.39,71.14,68.98,69.53,4452255600.0
2025-09-19,69.2,70.38,69.0,70.14,2879645200.0
2025-09-22,70.6,70.69,68.69,69.05,3520814699.9999995
2025-09-23,69.04,69.44,68.51,69.32,3082692700.0
2025-09-24,69.3,70.14,68.74,69.89,2260146500.0
2025-09-25,69.09,69.54,68.34,68.63,3487388600.0
2025-09-26,68.83,70.49,68.68,69.99,3524465600.0
2025-09-29,70.22,70.34,68.84,69.52,3431995400.0
2025-09-30,69.49,69.5,68.34,68.45,3690464300.0
2025-10-09,68.14,68.76,67.17,68.42,4446685200.0
2025-10-10,68.24,69.52,67.89,68.62,3168138000.0
2025-10-13,67.17,67.9,66.81,67.6,3450611700.0
2025-10-14,67.79,68.94,67.48,68.39,3767793700.0
2025-10-15,68.59,69.28,68.39,68.71,2753956000.0
2025-10-16,68.99,69.48,68.31,68.97,2535057400.0
2025-10-17,68.49,69.38,68.43,68.59,2017092900.0
2025-10-20,68.88,69.19,68.18,68.66,2166679600.0
2025-10-21,68.69,69.05,68.37,68.7,2070032700.0
2025-10-22,68.59,69.78,68.4,69.67,2894112400.0
2025-10-23,69.59,70.74,69.47,70.68,2588236900.0
2025-10-24,70.68,70.79,70.25,70.4,1829626000.0
2025-10-27,70.53,71.14,70.16,70.67,2552508400.0
2025-10-28,70.4,70.71,69.92,70.2,1740011900.0
2025-10-29,70.04,70.21,69.29,70.19,2025139800.0
2025-10-30,70.29,71.89,70.29,71.09,3777679300.0
2025-10-31,70.99,72.62,70.89,72.19,3888018200.0
2025-11-03,72.18,72.74,70.97,71.18,2132026200.0
2025-11-04,70.91,71.58,70.69,70.95,2282008200.0
2025-11-05,70.79,72.18,70.09,71.73,2015978800.0
2025-11-06,71.73,73.22,71.73,72.82,2732619900.0
2025-11-07,73.06,73.06,71.9,71.99,2021807300.0
2025-11-10,72.05,73.34,71.74,73.12,3010494000.0
2025-11-11,73.12,73.18,72.47,73.02,1755331400.0000002
2025-11-12,73.02,76.34,73.02,75.28,5857421200.0
2025-11-13,74.99,75.79,74.48,75.39,2639881200.0
2025-11-14,75.29,76.21,74.84,75.02,2181244600.0
2025-11-17,75.02,75.18,73.7,74.21,2050426800.0
2025-11-18,74.57,74.94,73.28,73.68,1833005300.0
2025-11-19,73.66,74.37,73.3,73.68,1661623000.0
2025-11-20,73.78,75.16,73.31,74.22,2050174700.0
2025-11-21,73.38,75.57,73.38,75.03,3442968300.0
2025-11-24,74.88,75.76,74.53,74.84,2903024300.0
2025-11-25,75.27,75.28,73.89,74.98,2280195500.0
2025-11-26,74.97,76.28,74.69,76.08,2538706400.0
2025-11-27,75.88,77.01,75.23,76.08,2524590700.0
2025-11-28,76.08,76.35,75.61,76.14,1445017000.0
2025-12-01,76.08,76.48,75.45,76.28,2419268700.0
2025-12-02,76.38,77.94,76.29,77.84,3071966500.0
2025-12-03,77.83,79.16,77.54,78.45,3038100700.0
2025-12-04,78.41,79.45,78.05,78.17,2377656100.0
2025-12-05,78.17,78.87,77.98,78.51,2020996800.0
2025-12-08,79.28,79.38,77.32,78.09,2235420000.0
2025-12-09,77.78,77.84,76.22,76.48,2872571900.0
2025-12-10,76.26,76.9,75.98,76.35,1970629700.0
2025-12-11,76.4,76.84,75.46,75.58,2178536600.0
2025-12-12,75.63,76.26,75.48,75.6,2615340000.0
2025-12-15,75.97,77.38,75.73,76.69,2945959200.0
2025-12-16,76.53,77.13,76.12,76.24,1718619100.0
2025-12-17,75.99,77.2,75.66,76.75,1850597000.0
2025-12-18,76.55,76.89,75.79,76.11,1710070000.0
2025-12-19,76.13,76.18,75.08,75.73,2205368600.0
2025-12-22,75.58,76.07,75.18,75.44,1941379900.0
2025-12-23,75.66,76.59,75.3,75.93,2029842300.0
2025-12-24,75.71,76.22,75.04,75.08,1715476099.9999998
2025-12-25,74.8,75.16,74.46,74.87,1780124500.0
2025-12-26,74.87,75.35,74.83,75.15,1688269500.0
2025-12-29,75.07,76.0,74.53,74.69,2026009000.0
2025-12-30,74.44,75.66,74.4,75.13,1681118100.0
2025-12-31,75.15,76.56,74.13,74.43,2256598500.0
2026-01-05,76.32,76.78,74.53,74.96,3501427600.0
2026-01-06,74.86,75.77,73.67,75.12,3572813800.0
2026-01-07,75.27,75.86,74.34,75.65,3173707500.0
2026-01-08,75.65,75.76,74.59,75.31,2464225400.0
2026-01-09,75.88,76.23,75.58,76.05,2719435100.0
2026-01-12,76.06,76.07,74.09,74.9,4117420900.0000005
2026-01-13,74.18,74.28,72.38,72.48,7277543700.0
2026-01-14,72.48,73.91,72.19,73.43,4151813700.0
2026-01-15,73.74,74.33,73.17,73.5,2794124500.0
2026-01-16,73.53,74.13,73.43,73.59,2882035800.0
2026-01-19,73.65,74.42,73.33,73.9,2609235800.0
2026-01-20,73.94,75.65,73.48,75.28,3580248000.0
2026-01-21,75.24,75.24,73.83,74.06,2881638100.0
2026-01-22,74.53,74.54,73.65,73.77,2673285100.0
2026-01-23,73.85,74.07,72.99,73.06,2879013300.0
2026-01-26,73.08,74.15,72.3,72.63,3631661700.0
2026-01-27,72.68,73.38,72.2,72.38,2493849800.0
2026-01-28,72.37,72.64,71.28,71.62,4759175500.0
2026-01-29,71.98,74.36,71.75,74.16,4784027400.0
2026-01-30,73.88,75.28,73.68,73.87,4168550800.0
2026-02-02,73.88,74.76,73.28,74.13,2696447800.0000005
2026-02-03,74.08,75.17,73.71,74.19,2691523400.0000005
2026-02-04,74.38,76.16,74.29,76.09,3080223000.0
2026-02-05,76.11,77.44,75.91,76.73,3456314699.9999995
2026-02-06,76.71,77.08,75.68,75.82,2494058800.0
2026-02-09,75.46,75.62,74.69,75.44,2637206599.9999995
2026-02-10,75.49,76.56,75.16,76.47,2442130400.0
2026-02-11,76.28,76.49,75.88,75.97,1581382100.0
2026-02-12,75.74,76.34,75.58,76.08,1505278299.9999998
2026-02-13,75.79,76.28,75.19,75.33,2024367800.0
2026-02-24,76.48,76.88,75.8,75.8,2020103200.0
2026-02-25,76.56,77.05,75.57,75.98,2280423700.0
2026-02-26,76.43,76.48,75.03,75.53,2011764300.0
2026-02-27,75.31,75.78,74.78,74.92,1590463800.0
2026-03-02,74.28,74.34,72.98,73.73,2126756400.0000002
2026-03-03,73.74,73.92,72.78,72.84,2219134200.0
2026-03-04,72.28,72.8,71.65,72.44,2165428100.0
2026-03-05,72.88,73.27,72.4,72.55,1505981099.9999998
2026-03-06,72.5,73.0,72.04,72.8,1576695300.0
2026-03-09,72.01,72.38,71.3,71.69,1958550799.9999998
2026-03-10,72.03,73.12,72.03,72.88,1598535400.0
2026-03-11,72.88,74.0,72.38,73.67,1941618400.0
2026-03-12,73.58,74.03,73.21,73.68,1493891500.0
2026-03-13,73.23,73.74,72.93,73.14,1443018599.9999998
2026-03-16,72.8,73.16,71.96,72.92,1570261600.0
2026-03-17,73.26,73.88,72.88,72.88,1649202300.0
2026-03-18,73.02,73.58,72.58,73.34,1544837000.0
2026-03-19,72.71,73.26,72.21,72.28,1777663100.0
2026-03-20,72.2,72.43,71.4,71.4,1657477600.0
2026-03-23,70.23,70.25,68.63,69.65,3377621400.0
2026-03-24,70.01,70.7,69.08,70.51,1968463599.9999998
2026-03-25,70.78,71.25,70.23,71.08,1376467600.0
2026-03-26,71.17,71.82,70.46,70.6,1325335100.0
2026-03-27,69.18,71.23,69.08,71.06,2367294100.0
2026-03-30,69.63,70.28,68.05,68.38,3304801599.9999995
2026-03-31,71.33,73.6,70.59,72.63,5310077400.0
2026-04-01,72.78,73.68,72.62,73.12,2100652600.0
2026-04-02,73.13,74.12,72.86,73.65,2523387300.0
2026-04-03,73.58,73.63,72.48,72.63,1325461900.0
2026-04-07,72.63,72.98,71.9,72.4,1246113300.0
2026-04-08,73.23,73.53,72.63,73.01,2200099900.0
2026-04-09,72.68,73.3,72.18,72.8,1796387400.0
2026-04-10,72.8,73.02,72.34,72.69,1971065600.0
2026-04-13,72.31,72.75,71.86,72.06,1384781800.0
2026-04-14,72.34,72.83,71.78,72.83,1489302800.0
2026-04-15,72.83,74.16,72.48,73.77,2461286900.0
2026-04-16,74.05,74.72,73.68,74.18,1853913700.0
2026-04-17,74.46,75.53,74.12,74.93,2181684900.0
2026-04-20,74.68,76.18,74.33,75.86,2201771500.0
2026-04-21,76.03,76.36,75.48,75.78,1903225400.0
2026-04-22,75.78,75.91,75.15,75.58,1606990600.0
2026-04-23,75.57,76.43,75.01,76.13,2388456600.0
2026-04-24,75.84,76.48,75.74,75.94,1740580500.0
2026-04-27,75.52,76.43,75.29,75.78,2060818400.0
2026-04-28,75.73,77.08,75.46,76.73,2450034700.0
2026-04-29,76.83,78.22,76.73,77.59,2684108100.0
2026-04-30,77.28,78.43,76.89,77.38,2889837700.0
2026-05-06,75.98,77.16,75.43,76.72,2885237900.0
2026-05-07,76.28,77.26,76.05,76.09,2988466100.0
2026-05-08,75.93,77.37,75.6,76.68,2273797200.0
2026-05-11,76.42,78.73,75.86,76.95,3540579400.0
2026-05-12,76.94,77.45,76.01,76.37,2875768700.0
2026-05-13,76.24,77.23,75.91,76.66,2636662800.0000005
2026-05-14,76.67,78.36,76.67,78.09,3174393400.0000005
2026-05-15,77.73,79.58,77.03,78.85,3525964200.0
2026-05-18,78.96,79.72,78.36,79.11,3123465700.0
2026-05-19,79.11,79.12,76.78,77.28,2725821100.0
2026-05-20,77.0,78.44,76.36,77.78,2454297400.0
2026-05-21,78.43,79.43,77.78,77.78,2562761500.0
2026-05-22,77.95,78.28,76.17,76.56,2493884600.0
2026-05-25,76.28,76.42,75.07,76.09,1842662800.0
2026-05-26,76.08,76.98,75.71,75.83,1954515600.0
2026-05-27,75.81,76.56,75.15,76.31,2034009900.0
2026-05-28,75.88,76.06,74.89,75.23,1913267200.0
2026-05-29,75.2,77.54,74.78,77.13,3461222700.0
2026-06-01,76.6,78.28,76.57,77.98,3058759000.0
2026-06-02,77.54,79.07,77.5,78.88,2162929100.0
2026-06-03,78.58,78.98,77.84,78.89,1895270000.0
2026-06-04,78.33,79.76,78.08,78.7,2019048200.0
2026-06-05,78.58,79.58,77.88,77.97,1725517900.0
2026-06-08,77.67,80.03,77.16,79.13,3034363500.0
2026-06-09,78.78,79.27,78.03,78.64,1819542300.0
2026-06-10,78.78,81.16,77.75,80.18,3242378400.0000005
2026-06-11,79.94,82.18,79.68,81.63,4432709100.0
2026-06-12,80.78,80.94,78.83,79.51,3569548800.0
2026-06-15,79.23,79.26,76.78,77.21,3514282100.0
2026-06-16,77.25,77.27,74.84,75.24,3291473100.0
2026-06-17,75.25,76.13,74.82,75.5,2647888300.0
2026-06-18,75.51,75.77,74.08,74.28,2850857600.0
2026-06-22,73.61,75.43,73.18,74.56,2398663400.0
2026-06-23,74.45,75.9,74.1,74.35,2832542700.0
2026-06-24,74.78,74.98,72.28,72.91,2950191900.0
2026-06-25,72.92,74.65,72.48,72.78,3173689900.0
2026-06-26,73.16,75.22,72.89,74.83,3512507600.0
2026-06-29,75.79,77.99,75.14,77.27,5697835000.0
2026-06-30,76.52,78.66,75.31,75.53,4402003700.0
2026-07-01,76.01,77.6,73.62,77.4,3810029200.0
2026-07-02,77.61,79.26,76.98,77.01,4362682500.0
2026-07-03,77.5,79.9,77.31,77.96,4376620900.0
2026-07-06,78.6,80.15,78.0,80.0,4006480100.0
2026-07-07,79.43,80.35,78.65,79.12,2696341000.0
2026-07-08,78.75,79.96,78.33,79.41,2505012500.0
2026-07-09,79.0,79.59,78.0,79.33,2381427400.0
2026-07-10,79.14,79.3,77.86,78.99,2201420900.0
2026-07-13,78.5,80.67,78.42,80.4,3769459400.0
2026-07-14,80.43,82.0,79.91,81.18,3706958300.0
2026-07-15,81.17,82.76,80.58,82.67,2726356500.0
2026-07-16,82.15,83.45,81.8,81.8,2982559400.0
2026-07-17,82.31,83.45,81.34,82.71,3817607300.0
2026-07-20,81.23,84.5,81.11,84.3,4571947500.0
2026-07-21,84.15,85.75,83.61,84.27,3881820700.0
2026-07-22,84.04,84.8,83.51,84.8,2751711200.0
2026-07-23,84.67,85.18,84.27,84.77,1620700000.0
2026-07-24,84.75,85.2,84.11,84.5,2014365100.0
2026-07-27,84.03,84.55,83.2,84.13,1919459100.0
2026-07-28,84.12,85.92,84.01,85.37,2871540800.0
2026-07-29,85.35,87.5,85.1,87.01,4150483900.0
2026-07-30,87.01,89.5,86.5,88.95,4071773600.0
2026-07-31,87.01,87.79,84.51,87.6,4107738700.0
